{
    "train_losses": [
        0.041587293627262115,
        0.0221777109003067,
        0.020780607409477233,
        0.020447773113250734,
        0.027221164717674256,
        0.043055674781799315,
        0.019461980724334717,
        0.4825932069969177,
        1.592851587524414,
        28.207113815255166,
        571.2740305983257,
        264.4885891231585,
        14017.887214377184,
        30.79908637954712,
        0.8536382154417038,
        0.18567152045249938,
        10.455864868397713,
        1162.6558205654717,
        6728.488647789154,
        120925987823.37737,
        173097638582.9615,
        14191290879825.781,
        4249745608401.072,
        899621115271.4839,
        3611708410753.904,
        15748097338.02048,
        451554839438093.6,
        399417504160767.8,
        102214265825183.78,
        2.1841683009298496e+17,
        3.313208572297328e+17,
        NaN,
        NaN,
        NaN,
        NaN,
        NaN,
        NaN,
        NaN,
        NaN,
        NaN,
        NaN,
        NaN,
        NaN,
        NaN,
        NaN,
        NaN,
        NaN,
        NaN,
        NaN,
        NaN,
        NaN,
        NaN,
        NaN,
        NaN,
        NaN,
        NaN,
        NaN,
        NaN,
        NaN,
        NaN,
        NaN,
        NaN,
        NaN,
        NaN,
        NaN,
        NaN,
        NaN,
        NaN,
        NaN,
        NaN,
        NaN,
        NaN,
        NaN,
        NaN,
        NaN,
        NaN,
        NaN,
        NaN,
        NaN,
        NaN,
        NaN,
        NaN,
        NaN,
        NaN,
        NaN,
        NaN,
        NaN,
        NaN,
        NaN,
        NaN,
        NaN,
        NaN,
        NaN,
        NaN,
        NaN,
        NaN,
        NaN,
        NaN,
        NaN,
        NaN
    ],
    "test_losses": [
        0.018340913009643554,
        0.018494690799713134,
        0.019364993834495546,
        0.01644248595237732,
        0.01709324634075165,
        0.018221473550796508,
        0.018301341223716735,
        0.021444553112983704,
        0.01821434895992279,
        0.019373256397247313,
        0.048177550029754636,
        0.018585175466537474,
        0.041239258003234865,
        0.3850891872406006,
        0.018340540981292723,
        0.018298477506637573,
        53.57809409179688,
        622.41330703125,
        2.0124166915893555,
        60459.66905,
        96565.9123,
        1886312246135908.0,
        371271.0888,
        170981.7228,
        7362661587.3536,
        398493.1116,
        322531.6408,
        321065.4212,
        733481.8296,
        618736.9328,
        1084949.2352,
        NaN,
        NaN,
        NaN,
        NaN,
        NaN,
        NaN,
        NaN,
        NaN,
        NaN,
        NaN,
        NaN,
        NaN,
        NaN,
        NaN,
        NaN,
        NaN,
        NaN,
        NaN,
        NaN,
        NaN,
        NaN,
        NaN,
        NaN,
        NaN,
        NaN,
        NaN,
        NaN,
        NaN,
        NaN,
        NaN,
        NaN,
        NaN,
        NaN,
        NaN,
        NaN,
        NaN,
        NaN,
        NaN,
        NaN,
        NaN,
        NaN,
        NaN,
        NaN,
        NaN,
        NaN,
        NaN,
        NaN,
        NaN,
        NaN,
        NaN,
        NaN,
        NaN,
        NaN,
        NaN,
        NaN,
        NaN,
        NaN,
        NaN,
        NaN,
        NaN,
        NaN,
        NaN,
        NaN,
        NaN,
        NaN,
        NaN,
        NaN,
        NaN,
        NaN
    ],
    "train_errs": [
        86.414,
        87.928,
        86.22,
        85.516,
        85.544,
        87.424,
        88.432,
        88.73,
        88.194,
        88.668,
        89.044,
        88.576,
        89.38,
        89.482,
        88.83,
        88.59,
        89.504,
        89.942,
        90.056,
        89.68,
        89.886,
        90.046,
        89.794,
        90.184,
        89.802,
        89.802,
        90.06,
        90.006,
        90.066,
        89.8,
        89.93,
        90.02,
        90.0,
        90.0,
        90.0,
        90.0,
        90.0,
        90.0,
        90.0,
        90.0,
        90.0,
        90.0,
        90.0,
        90.0,
        90.0,
        90.0,
        90.0,
        90.0,
        90.0,
        90.0,
        90.0,
        90.0,
        90.0,
        90.0,
        90.0,
        90.0,
        90.0,
        90.0,
        90.0,
        90.0,
        90.0,
        90.0,
        90.0,
        90.0,
        90.0,
        90.0,
        90.0,
        90.0,
        90.0,
        90.0,
        90.0,
        90.0,
        90.0,
        90.0,
        90.0,
        90.0,
        90.0,
        90.0,
        90.0,
        90.0,
        90.0,
        90.0,
        90.0,
        90.0,
        90.0,
        90.0,
        90.0,
        90.0,
        90.0,
        90.0,
        90.0,
        90.0,
        90.0,
        90.0,
        90.0,
        90.0,
        90.0,
        90.0,
        90.0,
        90.0
    ],
    "test_errs": [
        84.47,
        90.0,
        83.51,
        80.59,
        83.42,
        90.0,
        90.0,
        90.0,
        90.03,
        90.0,
        90.0,
        90.0,
        89.88,
        90.09,
        90.0,
        90.0,
        89.78,
        89.64,
        90.0,
        90.0,
        90.0,
        88.67,
        89.27,
        89.98,
        90.28,
        90.0,
        90.0,
        90.0,
        90.0,
        90.0,
        90.0,
        90.0,
        90.0,
        90.0,
        90.0,
        90.0,
        90.0,
        90.0,
        90.0,
        90.0,
        90.0,
        90.0,
        90.0,
        90.0,
        90.0,
        90.0,
        90.0,
        90.0,
        90.0,
        90.0,
        90.0,
        90.0,
        90.0,
        90.0,
        90.0,
        90.0,
        90.0,
        90.0,
        90.0,
        90.0,
        90.0,
        90.0,
        90.0,
        90.0,
        90.0,
        90.0,
        90.0,
        90.0,
        90.0,
        90.0,
        90.0,
        90.0,
        90.0,
        90.0,
        90.0,
        90.0,
        90.0,
        90.0,
        90.0,
        90.0,
        90.0,
        90.0,
        90.0,
        90.0,
        90.0,
        90.0,
        90.0,
        90.0,
        90.0,
        90.0,
        90.0,
        90.0,
        90.0,
        90.0,
        90.0,
        90.0,
        90.0,
        90.0,
        90.0,
        90.0
    ],
    "train_accs": [
        13.586,
        12.072,
        13.78,
        14.484,
        14.456,
        12.576,
        11.568,
        11.27,
        11.806,
        11.332,
        10.956,
        11.424,
        10.62,
        10.518,
        11.17,
        11.41,
        10.496,
        10.058,
        9.944,
        10.32,
        10.114,
        9.954,
        10.206,
        9.816,
        10.198,
        10.198,
        9.94,
        9.994,
        9.934,
        10.2,
        10.07,
        9.98,
        10.0,
        10.0,
        10.0,
        10.0,
        10.0,
        10.0,
        10.0,
        10.0,
        10.0,
        10.0,
        10.0,
        10.0,
        10.0,
        10.0,
        10.0,
        10.0,
        10.0,
        10.0,
        10.0,
        10.0,
        10.0,
        10.0,
        10.0,
        10.0,
        10.0,
        10.0,
        10.0,
        10.0,
        10.0,
        10.0,
        10.0,
        10.0,
        10.0,
        10.0,
        10.0,
        10.0,
        10.0,
        10.0,
        10.0,
        10.0,
        10.0,
        10.0,
        10.0,
        10.0,
        10.0,
        10.0,
        10.0,
        10.0,
        10.0,
        10.0,
        10.0,
        10.0,
        10.0,
        10.0,
        10.0,
        10.0,
        10.0,
        10.0,
        10.0,
        10.0,
        10.0,
        10.0,
        10.0,
        10.0,
        10.0,
        10.0,
        10.0,
        10.0
    ],