{
    "train_losses": [
        0.0005406028842926025,
        0.0004566681861877441,
        0.0004223044800758362,
        0.0003950683760643005,
        0.0003732745409011841,
        0.0003596582531929016,
        0.00034227469205856323,
        0.00033189109086990357,
        0.0003183123254776001,
        0.0003099583172798157,
        0.0002935121560096741,
        0.00028860268354415894,
        0.0002776196312904358,
        0.00026761412382125853,
        0.00025796348214149475,
        0.0002484829568862915,
        0.00024137640237808228,
        0.00023274192452430725,
        0.00022704302549362182,
        0.00022279062032699585,
        0.00021162153840065002,
        0.0002067882478237152,
        0.00020706382513046263,
        0.00019966025829315186,
        0.0001960632300376892,
        0.00018698227524757384,
        0.00018347179770469664,
        0.00017962833642959594,
        0.0001749162220954895,
        0.0001736190366744995
    ],
    "test_losses": [
        0.0005547434449195862,
        0.0005357549786567688,
        0.0004289441704750061,
        0.000446667742729187,
        0.0004644967198371887,
        0.0004089441895484924,
        0.000370378839969635,
        0.0003749354004859924,
        0.0003560242533683777,
        0.0004132553339004517,
        0.00034461138248443603,
        0.0004057510256767273,
        0.0003089638829231262,
        0.0003199724555015564,
        0.0002902899384498596,
        0.00028424760699272155,
        0.00030205519795417786,
        0.0002878342807292938,
        0.000248848694562912,
        0.0002716258883476257,
        0.00024740367531776426,
        0.00026976507902145387,
        0.0002598332583904266,
        0.00025416348576545717,
        0.00028678613901138305,
        0.000283468759059906,
        0.0002413050651550293,
        0.0002274034559726715,
        0.00023265215158462524,
        0.0002461698234081268
    ],
    "train_errs": [
        75.86,
        63.922,
        59.36,
        55.434,
        53.334,
        51.33,
        48.89,
        46.996,
        45.55,
        43.472,
        42.746,
        41.198,
        39.668,
        37.406,
        37.194,
        35.842,
        34.798,
        34.012,
        32.898,
        32.076,
        30.912,
        30.12,
        30.38,
        29.166,
        28.26,
        28.022,
        27.048,
        26.65,
        25.852,
        25.398
    ],
    "test_errs": [
        66.74,
        63.78,
        51.44,
        51.6,
        54.94,
        48.61,
        44.51,
        45.13,
        42.05,
        47.8,
        41.24,
        47.58,
        37.55,
        37.24,
        33.61,
        34.01,
        34.36,
        33.66,
        29.2,
        31.87,
        28.5,
        30.4,
        29.46,
        28.48,
        32.56,
        31.58,
        27.31,
        26.1,
        26.47,
        27.86
    ],
    "train_accs": [
        24.14,
        36.078,
        40.64,
        44.566,
        46.666,
        48.67,
        51.11,
        53.004,
        54.45,
        56.528,
        57.254,
        58.802,
        60.332,
        62.594,
        62.806,
        64.158,
        65.202,
        65.988,
        67.102,
        67.924,
        69.088,
        69.88,
        69.62,
        70.834,
        71.74,
        71.978,
        72.952,
        73.35,
        74.148,
        74.602
    ],
    "test_acc": [
        33.26,
        36.22,
        48.56,
        48.4,
        45.06,
        51.39,
        55.49,
        54.87,
        57.95,
        52.2,
        58.76,
        52.42,
        62.45,
        62.76,
        66.39,
        65.99,
        65.64,
        66.34,
        70.8,
        68.13,
        71.5,
        69.6,
        70.54,
        71.52,
        67.44,
        68.42,
        72.69,
        73.9,
        73.53,
        72.14
    ],
    "run_time": [
        11.74437165260315,
        11.612205028533936,
        11.617669343948364,
        11.749784708023071,
        11.74012041091919,
        11.624740839004517,
        11.757593154907227,
        11.76196026802063,
        11.613508462905884,
        11.73742389678955,
        11.753799676895142,
        11.649690389633179,
        11.623053550720215,
        11.76185417175293,
        11.76373291015625,
        11.651099681854248,
        11.732744932174683,
        11.74586033821106,
        11.610018730163574,
        11.747047185897827,
        11.74833345413208,
        11.59861946105957,
        11.602928400039673,
        11.750512838363647,
        11.750837802886963,
        11.624152421951294,
        11.73609185218811,
        11.76320767402649,
        11.626379489898682,
        11.749589920043945
    ],
    "n_step": 3,
    "lr": "0133",
    "batch_size": 4096
}