{
    "train_losses": [
        0.007768529847748578,
        0.0025716049716994166,
        0.0019904889030754568,
        0.0016684755665063858,
        0.0014788538573496043,
        0.0013235249616019428,
        0.001232445906009525,
        0.0011416867495514453,
        0.0010552519806753843,
        0.0010412221671734006,
        0.0009683190247230231,
        0.000914332565665245,
        0.0008692302053421736,
        0.0008282575943786651,
        0.0007891467341594398,
        0.0007662040291167796,
        0.0007402042016061023,
        0.0007138784423843026,
        0.0006811367168277502,
        0.0006397016818728298,
        0.0005934548009838909,
        0.0006028137790877373,
        0.0005579862118326128,
        0.0005553607083437965,
        0.0005205999751621858,
        0.0005147911467961967,
        0.0005206806976674125,
        0.0004744502066029236
    ],
    "test_losses": [
        0.0464133880853653,
        0.04076613723039627,
        0.03432539550364017,
        0.029106449609994887,
        0.02894826739281416,
        0.028109566655755043,
        0.032998723548650744,
        0.02597339265793562,
        0.023496077370643617,
        0.024939021291583777,
        0.024656719495356083,
        0.025821971071511508,
        0.02300499562472105,
        0.022425570958852767,
        0.02378866240605712,
        0.02460004481449723,
        0.02318872472718358,
        0.024322691043466328,
        0.024375114021450282,
        0.022359409098140895,
        0.021900274626910687,
        0.022740771032124758,
        0.02536219134479761,
        0.022634818386286497,
        0.02276170655488968,
        0.02247450815588236,
        0.02321259203404188,
        0.022967771397531034
    ],
    "train_errs": [
        56.176,
        40.886,
        35.154,
        31.598,
        29.392,
        27.176,
        25.926,
        24.764,
        23.676,
        22.584,
        22.088,
        21.39,
        20.506,
        20.046,
        19.558,
        18.98,
        18.46,
        17.95,
        17.788,
        17.244,
        16.858,
        16.644,
        16.268,
        16.01,
        15.514,
        15.328,
        15.108,
        14.808
    ],
    "test_errs": [
        43.31,
        39.2,
        32.66,
        28.92,
        26.6,
        26.53,
        28.5,
        24.13,
        22.81,
        22.4,
        22.31,
        23.33,
        20.67,
        21.01,
        21.64,
        21.5,
        20.41,
        20.53,
        20.98,
        19.77,
        18.75,
        19.04,
        20.78,
        19.6,
        19.83,
        18.75,
        19.36,
        19.22
    ],
    "train_accs": [
        43.824,
        59.114,
        64.846,
        68.402,
        70.608,
        72.824,
        74.074,
        75.236,
        76.324,
        77.416,
        77.912,
        78.61,
        79.494,
        79.954,
        80.442,
        81.02,
        81.54,
        82.05,
        82.212,
        82.756,
        83.142,
        83.356,
        83.732,
        83.99,
        84.486,
        84.672,
        84.892,
        85.192
    ],
    "test_acc": [
        56.69,
        60.8,
        67.34,
        71.08,
        73.4,
        73.47,
        71.5,
        75.87,
        77.19,
        77.6,
        77.69,
        76.67,
        79.33,
        78.99,
        78.36,
        78.5,
        79.59,
        79.47,
        79.02,
        80.23,
        81.25,
        80.96,
        79.22,
        80.4,
        80.17,
        81.25,
        80.64,
        80.78
    ],
    "run_time": [
        12.325536727905273,
        12.17918610572815,
        12.174292802810669,
        12.160530805587769,
        12.143745183944702,
        12.161178827285767,
        12.171048879623413,
        12.173729658126831,
        12.172449350357056,
        12.159122467041016,
        12.17258882522583,
        12.161779642105103,
        12.16844391822815,
        12.182625770568848,
        12.178821086883545,
        12.17159652709961,
        12.190303325653076,
        12.180320501327515,
        12.186551809310913,
        12.178837060928345,
        12.176779747009277,
        12.179426193237305,
        12.168105125427246,
        12.245466947555542,
        12.528929948806763,
        12.166341066360474,
        12.168457984924316,
        12.174934148788452
    ],
    "n_step": 3,
    "lr": "0133",
    "batch_size": 32
}