{
    "train_losses": [
        0.004586559057831764,
        0.001986192530691624,
        0.0010632581452280283,
        0.000653367665335536,
        0.00042766301350668075,
        0.00031034556083381175,
        0.00023602202774956823,
        0.0001967696794308722,
        0.0001627518942952156,
        0.0001350307027436793,
        0.00011606142019852996,
        0.00010781378901563585,
        9.355395588092506e-05
    ],
    "test_losses": [
        0.005071391642093658,
        0.0037909050464630125,
        0.003484971362352371,
        0.0043220645129680635,
        0.0032218962073326113,
        0.0032195310771465304,
        0.0032948209643363954,
        0.003142071008682251,
        0.0030129774391651153,
        0.003158334070444107,
        0.002952583262324333,
        0.003032525759935379,
        0.0026573295563459397
    ],
    "train_errs": [
        54.62,
        37.616,
        30.912,
        26.988,
        24.474,
        22.242,
        20.706,
        19.288,
        18.3,
        17.336,
        16.35,
        15.464,
        14.592
    ],
    "test_errs": [
        44.07,
        30.83,
        27.27,
        30.65,
        25.23,
        23.86,
        23.52,
        22.29,
        20.87,
        21.67,
        20.18,
        20.79,
        18.21
    ],
    "train_accs": [
        45.38,
        62.384,
        69.088,
        73.012,
        75.526,
        77.758,
        79.294,
        80.712,
        81.7,
        82.664,
        83.65,
        84.536,
        85.408
    ],
    "test_acc": [
        55.93,
        69.17,
        72.73,
        69.35,
        74.77,
        76.14,
        76.48,
        77.71,
        79.13,
        78.33,
        79.82,
        79.21,
        81.79
    ],
    "run_time": [
        10.073892831802368,
        10.065941572189331,
        10.061919689178467,
        10.072062492370605,
        10.059082269668579,
        10.068921566009521,
        10.055526494979858,
        10.076279640197754,
        10.062643766403198,
        10.067452907562256,
        10.08066177368164,
        10.086557388305664,
        10.086817741394043
    ],
    "n_step": 3,
    "lr": "0133",
    "batch_size": 256
}