{
    "train_losses": [
        0.0009674017524719239,
        0.0007839782333374023,
        0.0007001452589035035,
        0.0006483722472190857,
        0.0006005383348464966,
        0.0005490597832202911,
        0.0005125881540775299,
        0.0004777564668655395,
        0.0004492725205421448,
        0.0004267581737041473,
        0.00039780768394470216,
        0.00037875550270080567,
        0.00035839202880859377,
        0.00034367417693138125,
        0.0003208172905445099,
        0.000309202738404274,
        0.0002949141836166382,
        0.0002848962563276291,
        0.00027213211119174956,
        0.0002612723386287689,
        0.0002507570391893387,
        0.00024241834223270417,
        0.0002314974355697632,
        0.00022370124280452728,
        0.00021605336725711823,
        0.00020697906792163849,
        0.00020049729108810425,
        0.00019531464874744415,
        0.0001854681658744812,
        0.00017599493086338042
    ],
    "test_losses": [
        0.0008750457167625427,
        0.0006807221174240112,
        0.0006486084103584289,
        0.0006186791539192199,
        0.0005684134721755981,
        0.0005110028862953186,
        0.0004831181347370148,
        0.000445318466424942,
        0.0004302890121936798,
        0.0004601673364639282,
        0.0004578312635421753,
        0.00040598848462104797,
        0.00040068387389183047,
        0.00042138481736183166,
        0.0003617790222167969,
        0.00034832005500793457,
        0.00037376121282577514,
        0.0003706003367900848,
        0.0003364774763584137,
        0.0003500158071517944,
        0.0002999391794204712,
        0.00031431501507759094,
        0.00032657879590988157,
        0.00034963936805725097,
        0.0003241521000862122,
        0.0003081425189971924,
        0.000322157883644104,
        0.0003147333025932312,
        0.00033111037611961366,
        0.0003372116923332214
    ],
    "train_errs": [
        70.618,
        58.32,
        52.768,
        48.98,
        45.236,
        42.088,
        39.28,
        36.57,
        34.892,
        32.912,
        31.182,
        29.902,
        28.398,
        27.632,
        26.224,
        25.418,
        24.314,
        24.092,
        23.142,
        22.556,
        21.954,
        21.23,
        20.86,
        20.144,
        19.716,
        18.912,
        18.798,
        18.098,
        17.752,
        17.198
    ],
    "test_errs": [
        62.34,
        49.27,
        47.45,
        45.48,
        40.58,
        36.64,
        34.44,
        32.32,
        29.84,
        32.31,
        32.19,
        28.65,
        27.38,
        28.75,
        24.95,
        23.96,
        25.84,
        24.97,
        23.21,
        23.68,
        19.93,
        21.57,
        21.88,
        23.97,
        21.67,
        21.08,
        21.68,
        20.95,
        21.22,
        21.71
    ],
    "train_accs": [
        29.382,
        41.68,
        47.232,
        51.02,
        54.764,
        57.912,
        60.72,
        63.43,
        65.108,
        67.088,
        68.818,
        70.098,
        71.602,
        72.368,
        73.776,
        74.582,
        75.686,
        75.908,
        76.858,
        77.444,
        78.046,
        78.77,
        79.14,
        79.856,
        80.284,
        81.088,
        81.202,
        81.902,
        82.248,
        82.802
    ],
    "test_acc": [
        37.66,
        50.73,
        52.55,
        54.52,
        59.42,
        63.36,
        65.56,
        67.68,
        70.16,
        67.69,
        67.81,
        71.35,
        72.62,
        71.25,
        75.05,
        76.04,
        74.16,
        75.03,
        76.79,
        76.32,
        80.07,
        78.43,
        78.12,
        76.03,
        78.33,
        78.92,
        78.32,
        79.05,
        78.78,
        78.29
    ],
    "run_time": [
        11.749840021133423,
        11.6011803150177,
        11.728683471679688,
        11.610862493515015,
        11.722385168075562,
        11.60593318939209,
        11.723524808883667,
        11.600305080413818,
        11.734440803527832,
        11.620591640472412,
        11.733450651168823,
        11.616492509841919,
        11.736556768417358,
        11.603069305419922,
        11.717124938964844,
        11.595938205718994,
        11.719235897064209,
        11.6156587600708,
        11.715380907058716,
        11.599297046661377,
        11.738734722137451,
        11.625401020050049,
        11.723438739776611,
        11.59738802909851,
        11.724661350250244,
        11.616070032119751,
        11.711011171340942,
        11.604178190231323,
        11.746865034103394,
        11.619098424911499
    ],
    "n_step": 3,
    "lr": "0133",
    "batch_size": 2048
}