{
    "train_losses": [
        0.005132494971752167,
        0.0016632849469035865,
        0.0007898973487690091,
        0.00047863749064505103,
        0.0003450416355393827,
        0.00025639424754306673,
        0.00020738571267575026,
        0.0001805239560455084,
        0.000152599114542827,
        0.0001346614719927311,
        0.00012161632210016251,
        0.00010928166601806879,
        9.651354811154305e-05
    ],
    "test_losses": [
        0.006375199753046036,
        0.0048239558398723605,
        0.004759119176864624,
        0.004377307450771332,
        0.004636390244960785,
        0.004050759094953537,
        0.003960509252548218,
        0.003842796954512596,
        0.003974875608086586,
        0.003585722494125366,
        0.0037091076493263246,
        0.003620539337396622,
        0.0035964468479156493
    ],
    "train_errs": [
        52.44,
        35.864,
        29.224,
        25.96,
        23.432,
        21.688,
        20.124,
        19.012,
        17.784,
        16.672,
        15.958,
        15.256,
        14.366
    ],
    "test_errs": [
        38.99,
        29.21,
        27.16,
        24.65,
        25.43,
        22.82,
        21.56,
        21.16,
        21.09,
        19.44,
        19.36,
        19.54,
        18.34
    ],
    "train_accs": [
        47.56,
        64.136,
        70.776,
        74.04,
        76.568,
        78.312,
        79.876,
        80.988,
        82.216,
        83.328,
        84.042,
        84.744,
        85.634
    ],
    "test_acc": [
        61.01,
        70.79,
        72.84,
        75.35,
        74.57,
        77.18,
        78.44,
        78.84,
        78.91,
        80.56,
        80.64,
        80.46,
        81.66
    ],
    "run_time": [
        9.318273305892944,
        9.371994256973267,
        9.360586166381836,
        9.359813928604126,
        9.341998815536499,
        9.34011960029602,
        9.322396039962769,
        9.348528623580933,
        9.344057321548462,
        9.344991445541382,
        9.362360000610352,
        9.34990668296814,
        9.345385313034058
    ],
    "n_step": 3,
    "lr": "0133",
    "batch_size": 192
}