{
    "train_losses": [
        0.0017397730731964112,
        0.0013091544222831727,
        0.0010832661259174347,
        0.0009404824364185333,
        0.0008067745244503021,
        0.000715490700006485,
        0.0006460184371471405,
        0.0005735200256109238,
        0.0005217304134368896,
        0.00047675303399562837,
        0.0004354742527008057,
        0.000406221022605896,
        0.0003714150768518448,
        0.0003436272883415222,
        0.00030704632312059403,
        0.0002852402725815773,
        0.00026248610496520995,
        0.00024424287259578706,
        0.00022196060657501222,
        0.00020612006425857544,
        0.000191062833070755,
        0.0001850300818681717,
        0.00016056722283363343
    ],
    "test_losses": [
        0.0014800493478775024,
        0.0011275261402130126,
        0.0011334004521369933,
        0.0009581683874130249,
        0.0008907621264457702,
        0.000805235230922699,
        0.0007769083023071289,
        0.0007746496737003327,
        0.0006491293907165528,
        0.0008209343075752259,
        0.0006495430290699005,
        0.000676816201210022,
        0.0006189261317253113,
        0.0006198191165924072,
        0.0006630832612514496,
        0.0006348858654499054,
        0.0005689664721488952,
        0.0006092105805873871,
        0.000594473260641098,
        0.0005836090922355652,
        0.0006787392377853393,
        0.0006298070251941681,
        0.0005804201662540436
    ],
    "train_errs": [
        66.626,
        51.252,
        43.556,
        38.562,
        34.436,
        31.33,
        29.174,
        27.32,
        25.874,
        24.454,
        23.202,
        22.272,
        21.284,
        20.58,
        19.432,
        18.55,
        17.914,
        17.456,
        16.526,
        15.836,
        15.38,
        15.136,
        14.364
    ],
    "test_errs": [
        53.34,
        40.82,
        40.51,
        33.54,
        31.5,
        27.92,
        26.79,
        26.21,
        22.26,
        28.08,
        22.15,
        22.8,
        20.85,
        20.69,
        21.24,
        20.61,
        18.54,
        19.47,
        19.07,
        18.6,
        21.0,
        19.23,
        17.73
    ],
    "train_accs": [
        33.374,
        48.748,
        56.444,
        61.438,
        65.564,
        68.67,
        70.826,
        72.68,
        74.126,
        75.546,
        76.798,
        77.728,
        78.716,
        79.42,
        80.568,
        81.45,
        82.086,
        82.544,
        83.474,
        84.164,
        84.62,
        84.864,
        85.636
    ],
    "test_acc": [
        46.66,
        59.18,
        59.49,
        66.46,
        68.5,
        72.08,
        73.21,
        73.79,
        77.74,
        71.92,
        77.85,
        77.2,
        79.15,
        79.31,
        78.76,
        79.39,
        81.46,
        80.53,
        80.93,
        81.4,
        79.0,
        80.77,
        82.27
    ],
    "run_time": [
        11.632343053817749,
        11.722392082214355,
        11.62539291381836,
        11.59041690826416,
        11.60717487335205,
        11.619543075561523,
        11.61413025856018,
        11.742532968521118,
        11.597529172897339,
        11.599619388580322,
        11.5898118019104,
        11.599900007247925,
        11.591137409210205,
        11.738269805908203,
        11.593584775924683,
        11.588651657104492,
        11.597576141357422,
        11.568085670471191,
        11.601641654968262,
        11.739297151565552,
        11.58456301689148,
        11.570136308670044,
        11.572942733764648
    ],
    "n_step": 3,
    "lr": "0133",
    "batch_size": 1024
}