{
    "train_losses": [
        0.002970823802947998,
        0.0019386970710754394,
        0.0014084807312488557,
        0.0010722797673940658,
        0.0008328141355514526,
        0.0006659878832101822,
        0.0005282111009955406,
        0.0004394224509596825,
        0.0003655784565210342,
        0.0002965658450126648,
        0.00024210426285862922,
        0.00020666137374937535,
        0.00017588098146021367,
        0.000149186307489872,
        0.00012521263919770717
    ],
    "test_losses": [
        0.0024889440298080444,
        0.002013361793756485,
        0.0017712513208389283,
        0.0016049631416797639,
        0.0015075648784637452,
        0.0013971413731575012,
        0.001367310631275177,
        0.0013602479159832,
        0.0012873235046863556,
        0.001346206670999527,
        0.0013027774333953857,
        0.0012763605296611787,
        0.0013648020625114442,
        0.0013087133944034576,
        0.0012914281368255616
    ],
    "train_errs": [
        59.562,
        43.4,
        35.5,
        30.614,
        27.472,
        25.016,
        23.22,
        21.654,
        20.278,
        19.044,
        17.91,
        16.998,
        16.248,
        15.21,
        14.546
    ],
    "test_errs": [
        44.73,
        34.84,
        30.28,
        27.14,
        25.18,
        22.68,
        22.16,
        21.35,
        20.09,
        20.71,
        19.34,
        18.62,
        19.54,
        18.72,
        18.0
    ],
    "train_accs": [
        40.438,
        56.6,
        64.5,
        69.386,
        72.528,
        74.984,
        76.78,
        78.346,
        79.722,
        80.956,
        82.09,
        83.002,
        83.752,
        84.79,
        85.454
    ],
    "test_acc": [
        55.27,
        65.16,
        69.72,
        72.86,
        74.82,
        77.32,
        77.84,
        78.65,
        79.91,
        79.29,
        80.66,
        81.38,
        80.46,
        81.28,
        82.0
    ],
    "run_time": [
        11.24874997138977,
        11.253080368041992,
        11.267459154129028,
        11.264789819717407,
        11.267524480819702,
        11.40550971031189,
        11.273658275604248,
        11.275384426116943,
        11.268800973892212,
        11.249919414520264,
        11.4115469455719,
        11.273342609405518,
        11.27936840057373,
        11.260880947113037,
        11.268367528915405
    ],
    "n_step": 3,
    "lr": "0133",
    "batch_size": 512
}