{
    "train_losses": [
        0.005297410127967596,
        0.0009181356531381607,
        0.0005698104780912399,
        0.0004821349912509322,
        0.0003837299328297377,
        0.0003320162964612246,
        0.0002999902733415365,
        0.0002746675184369087,
        0.00024026686500757934,
        0.0002254787672124803,
        0.00020576464299112558,
        0.00018099739421159028,
        0.0001737604958191514,
        0.00016025743370875716
    ],
    "test_losses": [
        0.01437610410451889,
        0.01047342380285263,
        0.009208704701066018,
        0.008133983650803566,
        0.008265161603689194,
        0.008191897049546242,
        0.007761688795685768,
        0.00783120995759964,
        0.007291768860816956,
        0.007430470313131809,
        0.007354655346274376,
        0.007487412686645985,
        0.007096839097142219,
        0.007126625093817711
    ],
    "train_errs": [
        50.516,
        34.826,
        29.59,
        26.46,
        23.962,
        21.988,
        20.54,
        19.276,
        18.136,
        17.324,
        16.196,
        15.282,
        15.016,
        14.322
    ],
    "test_errs": [
        39.2,
        30.31,
        26.93,
        24.35,
        23.77,
        22.84,
        21.08,
        21.51,
        20.18,
        19.91,
        19.59,
        19.51,
        18.72,
        18.39
    ],
    "train_accs": [
        49.484,
        65.174,
        70.41,
        73.54,
        76.038,
        78.012,
        79.46,
        80.724,
        81.864,
        82.676,
        83.804,
        84.718,
        84.984,
        85.678
    ],
    "test_acc": [
        60.8,
        69.69,
        73.07,
        75.65,
        76.23,
        77.16,
        78.92,
        78.49,
        79.82,
        80.09,
        80.41,
        80.49,
        81.28,
        81.61
    ],
    "run_time": [
        9.437028408050537,
        9.346943855285645,
        9.3016517162323,
        9.299649715423584,
        9.296197891235352,
        9.314976692199707,
        9.325998544692993,
        9.339171886444092,
        9.320549964904785,
        9.305765390396118,
        9.329643487930298,
        9.299302816390991,
        9.327561855316162,
        9.287545919418335
    ],
    "n_step": 3,
    "lr": "0133",
    "batch_size": 96
}