{
    "train_losses": [
        0.00612729237774387,
        0.0013433734601549804,
        0.000962756101693958,
        0.0008025624551810325,
        0.0007111011725757272,
        0.0006269833278050646,
        0.000559273721636273,
        0.0005000566958729178,
        0.00046346612962428483,
        0.00041178895104676484,
        0.00038669977777637543,
        0.0003581930671702139,
        0.00034032003361731766,
        0.00031580641239881515,
        0.00030260662787593904,
        0.000276652230466716,
        0.00026075061682611706
    ],
    "test_losses": [
        0.020924141353368758,
        0.022689163821935653,
        0.015465534156560897,
        0.014955512139201163,
        0.013755043137073517,
        0.0126972970277071,
        0.01190002152621746,
        0.012973734819889069,
        0.01191872750222683,
        0.012273166754841804,
        0.011814215949177743,
        0.010875468750298023,
        0.013469402053952218,
        0.01666753836274147,
        0.012877968573570252,
        0.011152909423410892,
        0.010100050197541713
    ],
    "train_errs": [
        52.826,
        37.654,
        31.714,
        28.274,
        26.096,
        24.386,
        22.456,
        21.402,
        20.446,
        19.342,
        18.364,
        17.862,
        17.042,
        16.394,
        16.03,
        15.252,
        14.964
    ],
    "test_errs": [
        40.51,
        38.11,
        29.7,
        27.48,
        26.42,
        24.15,
        22.6,
        23.35,
        20.85,
        23.03,
        20.66,
        19.97,
        22.88,
        26.0,
        22.04,
        19.44,
        17.84
    ],
    "train_accs": [
        47.174,
        62.346,
        68.286,
        71.726,
        73.904,
        75.614,
        77.544,
        78.598,
        79.554,
        80.658,
        81.636,
        82.138,
        82.958,
        83.606,
        83.97,
        84.748,
        85.036
    ],
    "test_acc": [
        59.49,
        61.89,
        70.3,
        72.52,
        73.58,
        75.85,
        77.4,
        76.65,
        79.15,
        76.97,
        79.34,
        80.03,
        77.12,
        74.0,
        77.96,
        80.56,
        82.16
    ],
    "run_time": [
        9.894513845443726,
        9.853536605834961,
        9.832892894744873,
        9.821738243103027,
        9.833561182022095,
        9.834737062454224,
        9.840298652648926,
        9.848926782608032,
        9.851492643356323,
        9.847410202026367,
        9.852880001068115,
        9.848158359527588,
        9.846697568893433,
        9.848506212234497,
        9.856472730636597,
        9.848902225494385,
        9.849663972854614
    ],
    "n_step": 3,
    "lr": "0133",
    "batch_size": 64
}