{
    "train_losses": [
        0.00534300103738904,
        0.0010635621506720782,
        0.0005873484561592341,
        0.0004213937032222748,
        0.0003315919257327914,
        0.00028431261003017427,
        0.0002493944542109966,
        0.00021863090749830007,
        0.00019713312150910497,
        0.00017706017507240177,
        0.0001602162828296423,
        0.00014962541670538484,
        0.00013932429745793342
    ],
    "test_losses": [
        0.008818433183431625,
        0.007298617941141129,
        0.0065642674624919895,
        0.006500644129514694,
        0.006468168351054192,
        0.005766320475935936,
        0.005752275389432907,
        0.005628078067302704,
        0.005545704105496406,
        0.006024231147766113,
        0.005227569741010666,
        0.005443291637301445,
        0.005055510237812996
    ],
    "train_errs": [
        50.512,
        34.352,
        29.374,
        26.068,
        23.65,
        22.134,
        20.4,
        19.108,
        18.086,
        16.884,
        16.232,
        15.402,
        14.69
    ],
    "test_errs": [
        35.01,
        28.64,
        26.05,
        25.06,
        24.04,
        21.86,
        21.24,
        20.57,
        19.52,
        21.17,
        19.0,
        19.65,
        17.37
    ],
    "train_accs": [
        49.488,
        65.648,
        70.626,
        73.932,
        76.35,
        77.866,
        79.6,
        80.892,
        81.914,
        83.116,
        83.768,
        84.598,
        85.31
    ],
    "test_acc": [
        64.99,
        71.36,
        73.95,
        74.94,
        75.96,
        78.14,
        78.76,
        79.43,
        80.48,
        78.83,
        81.0,
        80.35,
        82.63
    ],
    "run_time": [
        9.459823846817017,
        9.305604219436646,
        9.321515083312988,
        9.332361459732056,
        9.294219255447388,
        9.334513664245605,
        9.324027061462402,
        9.303220510482788,
        9.312154769897461,
        9.32047724723816,
        9.322939395904541,
        9.302782773971558,
        9.337987661361694
    ],
    "n_step": 3,
    "lr": "0133",
    "batch_size": 128
}