{
    "train_losses": [
        0.013386296031475068,
        0.01004303323507309,
        0.008231651512384414,
        0.0070825921595096585,
        0.006390324269533157,
        0.005865184443593025,
        0.0054204066669940945,
        0.005148434374928474,
        0.004829515894651413,
        0.004536874663233757,
        0.004389626652598381,
        0.004146256853342056,
        0.0040149274331331255,
        0.003866647933125496,
        0.003685859372615814,
        0.0035554676026105883,
        0.003428032849729061,
        0.003313755197227001,
        0.0032362395331263544,
        0.0031261293682456016,
        0.003035112390816212,
        0.0029395434460043907,
        0.0028659327352046965,
        0.002765647505521774,
        0.002674150411784649,
        0.002620137367248535,
        0.0025674762523174286,
        0.0025058679753541947,
        0.0024183408081531526,
        0.002388725287616253
    ],
    "test_losses": [
        0.013578494131565094,
        0.00793943390250206,
        0.007076760619878769,
        0.0070017646193504335,
        0.005943588823080063,
        0.005987465131282807,
        0.0056502896815538405,
        0.004988296982645989,
        0.0050416922152042385,
        0.005345831975340843,
        0.004881828808784485,
        0.00464516573548317,
        0.004794214415550232,
        0.005052350291609764,
        0.004451776686310768,
        0.004155611625313759,
        0.0040710673153400425,
        0.004542678841948509,
        0.004423868066072464,
        0.004289979195594788,
        0.004593725147843361,
        0.004363710963726044,
        0.004344608220458031,
        0.00427398886680603,
        0.004783572307229042,
        0.004086476981639862,
        0.0043161555543541905,
        0.004329663071036339,
        0.004111946049332619,
        0.004320556351542473
    ],
    "train_errs": [
        62.236,
        46.356,
        37.524,
        31.898,
        28.944,
        26.136,
        23.972,
        22.998,
        21.576,
        20.124,
        19.738,
        18.628,
        17.966,
        17.36,
        16.522,
        15.882,
        15.516,
        14.842,
        14.452,
        13.964,
        13.71,
        13.186,
        12.89,
        12.352,
        11.954,
        11.736,
        11.484,
        11.204,
        10.852,
        10.644
    ],
    "test_errs": [
        55.96,
        36.09,
        31.28,
        30.38,
        25.71,
        26.48,
        23.87,
        21.97,
        22.54,
        23.56,
        20.35,
        19.8,
        20.17,
        21.01,
        18.51,
        17.38,
        17.49,
        18.92,
        18.28,
        17.0,
        18.39,
        17.56,
        17.54,
        17.22,
        19.39,
        15.83,
        16.87,
        16.73,
        15.46,
        16.69
    ],
    "train_accs": [
        37.764,
        53.644,
        62.476,
        68.102,
        71.056,
        73.864,
        76.028,
        77.002,
        78.424,
        79.876,
        80.262,
        81.372,
        82.034,
        82.64,
        83.478,
        84.118,
        84.484,
        85.158,
        85.548,
        86.036,
        86.29,
        86.814,
        87.11,
        87.648,
        88.046,
        88.264,
        88.516,
        88.796,
        89.148,
        89.356
    ],
    "test_acc": [
        44.04,
        63.91,
        68.72,
        69.62,
        74.29,
        73.52,
        76.13,
        78.03,
        77.46,
        76.44,
        79.65,
        80.2,
        79.83,
        78.99,
        81.49,
        82.62,
        82.51,
        81.08,
        81.72,
        83.0,
        81.61,
        82.44,
        82.46,
        82.78,
        80.61,
        84.17,
        83.13,
        83.27,
        84.54,
        83.31
    ],
    "run_time": [
        8.163664102554321,
        8.076236248016357,
        7.9374353885650635,
        8.181761264801025,
        8.107356786727905,
        8.076348543167114,
        8.217820167541504,
        8.18457818031311,
        8.064161777496338,
        7.952928781509399,
        8.144545316696167,
        8.206084489822388,
        8.063813209533691,
        8.247324705123901,
        8.262540817260742,
        8.259712934494019,
        8.3891921043396,
        8.365070819854736,
        8.214591026306152,
        8.21625804901123,
        8.213479995727539,
        8.237611055374146,
        8.342169046401978,
        8.146308183670044,
        8.147731065750122,
        8.125455141067505,
        8.202766180038452,
        8.187088012695312,
        8.228441953659058,
        8.111417293548584
    ],
    "n_step": "002"
}