{
    "train_losses": [
        0.012723528816699982,
        0.009864468330144881,
        0.008250763822793961,
        0.0071892896378040316,
        0.006457591751813888,
        0.005929655066728592,
        0.0055114511507749556,
        0.005195147683620453,
        0.004847491236925125,
        0.004588120994567871,
        0.004390173490047455,
        0.004157342495322227,
        0.003979730011224747,
        0.0038414450132846834,
        0.0036645494908094404,
        0.003559081748127937,
        0.0034339489200711252,
        0.0032750152531266213,
        0.0032069606536626817,
        0.003064020711183548,
        0.0029515944546461103,
        0.0028652629020810127,
        0.0027602105817198753,
        0.002674997982978821,
        0.0026216817143559458,
        0.002488900753557682,
        0.002437174108326435,
        0.002398407393395901,
        0.00232095662266016,
        0.002270195623934269
    ],
    "test_losses": [
        0.010962726140022278,
        0.008674515652656554,
        0.007286628890037537,
        0.006496671879291534,
        0.007685710495710373,
        0.005562139737606049,
        0.0051605600774288175,
        0.005105627962946892,
        0.00501634866297245,
        0.005375918653607368,
        0.004664753651618957,
        0.004837207019329071,
        0.004468390783667564,
        0.004404360702633858,
        0.004265613225102424,
        0.00443462780714035,
        0.004117426496744156,
        0.004595727464556694,
        0.004244463700056076,
        0.004287068647146225,
        0.004228690704703331,
        0.00408159322142601,
        0.004101300224661827,
        0.004119453963637352,
        0.004188825887441635,
        0.004274885457754135,
        0.004211330997943878,
        0.004452642497420311,
        0.004154670584201813,
        0.004262706622481346
    ],
    "train_errs": [
        59.564,
        45.6,
        37.63,
        32.754,
        28.918,
        26.494,
        24.536,
        23.258,
        21.708,
        20.71,
        19.712,
        18.488,
        17.88,
        17.146,
        16.484,
        15.948,
        15.318,
        14.714,
        14.51,
        13.69,
        13.246,
        12.85,
        12.258,
        11.884,
        11.754,
        11.096,
        10.982,
        10.924,
        10.534,
        10.112
    ],
    "test_errs": [
        49.82,
        38.76,
        32.16,
        28.44,
        31.85,
        24.79,
        22.4,
        21.74,
        21.4,
        23.08,
        20.25,
        20.91,
        18.72,
        18.65,
        18.28,
        18.87,
        17.2,
        19.21,
        17.76,
        17.49,
        17.29,
        16.23,
        16.53,
        16.46,
        16.91,
        16.79,
        16.74,
        17.21,
        16.25,
        16.61
    ],
    "train_accs": [
        40.436,
        54.4,
        62.37,
        67.246,
        71.082,
        73.506,
        75.464,
        76.742,
        78.292,
        79.29,
        80.288,
        81.512,
        82.12,
        82.854,
        83.516,
        84.052,
        84.682,
        85.286,
        85.49,
        86.31,
        86.754,
        87.15,
        87.742,
        88.116,
        88.246,
        88.904,
        89.018,
        89.076,
        89.466,
        89.888
    ],
    "test_acc": [
        50.18,
        61.24,
        67.84,
        71.56,
        68.15,
        75.21,
        77.6,
        78.26,
        78.6,
        76.92,
        79.75,
        79.09,
        81.28,
        81.35,
        81.72,
        81.13,
        82.8,
        80.79,
        82.24,
        82.51,
        82.71,
        83.77,
        83.47,
        83.54,
        83.09,
        83.21,
        83.26,
        82.79,
        83.75,
        83.39
    ],
    "run_time": [
        8.130251169204712,
        8.20169448852539,
        8.244974136352539,
        8.117430210113525,
        8.197279453277588,
        8.231496572494507,
        8.180821418762207,
        8.222611665725708,
        7.852040529251099,
        7.80276346206665,
        8.208137035369873,
        8.06603479385376,
        8.22998571395874,
        8.144593715667725,
        8.170438528060913,
        8.178980350494385,
        8.24534797668457,
        8.26993727684021,
        8.150628805160522,
        8.112848281860352,
        8.194231033325195,
        8.186821937561035,
        8.156315803527832,
        8.179075002670288,
        8.034592151641846,
        7.941076278686523,
        8.170799493789673,
        8.182871103286743,
        8.147043466567993,
        8.142962455749512
    ],
    "n_step": "001"
}