{
    "train_losses": [
        0.018042779078483583,
        0.017877412424087524,
        0.01538900253534317,
        0.013524939424991608,
        0.011479572868347167,
        0.01031983760356903,
        0.009179660142660142,
        0.008453377673625946,
        0.007783176040649414,
        0.007363932976722718,
        0.006991708320379257,
        0.006700209619998932,
        0.006400806943178177,
        0.0061190181815624235,
        0.005967942360639572,
        0.0058388204830884935,
        0.005575860143899917,
        0.005502816367149353,
        0.0053452403020858765,
        0.005228378340601921,
        0.005158580558896065,
        0.005010576838254928,
        0.004965892665982246,
        0.00486279316008091,
        0.004779419980049133,
        0.004660995308160782,
        0.004652262342572212,
        0.004580381960272789,
        0.004518595034480095,
        0.00444491837143898
    ],
    "test_losses": [
        0.018193052101135254,
        0.0179350524187088,
        0.01326850334405899,
        0.011429983949661255,
        0.011463236427307129,
        0.009101453274488448,
        0.008134417182207107,
        0.009340670537948608,
        0.007197026395797729,
        0.006500422114133835,
        0.006507758122682571,
        0.00668133944272995,
        0.006348274171352386,
        0.005952633374929428,
        0.006298232811689377,
        0.006064380633831024,
        0.005218051955103874,
        0.005731789928674698,
        0.006011420983076095,
        0.005604655575752258,
        0.0058370208412408826,
        0.005574692031741142,
        0.005529624515771866,
        0.005537040108442306,
        0.005222724658250809,
        0.005435163623094558,
        0.004924222949147224,
        0.005351314207911491,
        0.0055715016275644305,
        0.005064568907022476
    ],
    "train_errs": [
        89.238,
        88.6,
        72.898,
        63.63,
        53.236,
        47.182,
        41.78,
        37.992,
        34.968,
        32.944,
        31.164,
        29.842,
        28.334,
        27.174,
        26.494,
        25.7,
        24.568,
        24.384,
        23.672,
        23.01,
        22.84,
        22.162,
        22.036,
        21.588,
        21.224,
        20.636,
        20.612,
        20.182,
        19.868,
        19.72
    ],
    "test_errs": [
        90.0,
        85.56,
        61.02,
        53.48,
        55.75,
        40.47,
        36.32,
        38.7,
        31.34,
        27.8,
        28.37,
        28.98,
        27.15,
        25.64,
        26.23,
        25.67,
        22.19,
        24.16,
        24.82,
        23.74,
        24.56,
        23.48,
        22.69,
        22.97,
        21.59,
        21.59,
        20.33,
        21.82,
        22.67,
        20.52
    ],
    "train_accs": [
        10.762,
        11.4,
        27.102,
        36.37,
        46.764,
        52.818,
        58.22,
        62.008,
        65.032,
        67.056,
        68.836,
        70.158,
        71.666,
        72.826,
        73.506,
        74.3,
        75.432,
        75.616,
        76.328,
        76.99,
        77.16,
        77.838,
        77.964,
        78.412,
        78.776,
        79.364,
        79.388,
        79.818,
        80.132,
        80.28
    ],
    "test_acc": [
        10.0,
        14.44,
        38.98,
        46.52,
        44.25,
        59.53,
        63.68,
        61.3,
        68.66,
        72.2,
        71.63,
        71.02,
        72.85,
        74.36,
        73.77,
        74.33,
        77.81,
        75.84,
        75.18,
        76.26,
        75.44,
        76.52,
        77.31,
        77.03,
        78.41,
        78.41,
        79.67,
        78.18,
        77.33,
        79.48
    ],
    "run_time": [
        8.153342723846436,
        8.224224090576172,
        8.140625715255737,
        8.214000225067139,
        8.128194332122803,
        8.209703922271729,
        8.196649074554443,
        8.094871759414673,
        8.030099868774414,
        7.99704909324646,
        7.987790822982788,
        7.967771291732788,
        8.015873193740845,
        8.056620359420776,
        8.067472696304321,
        8.165616750717163,
        8.13149905204773,
        7.9923412799835205,
        8.212056398391724,
        8.11708664894104,
        8.061668634414673,
        8.121864795684814,
        8.080984354019165,
        8.145522117614746,
        8.06383490562439,
        8.141158103942871,
        8.075353145599365,
        8.053561687469482,
        7.9747090339660645,
        8.094717979431152
    ],
    "n_step": "005"
}