{
    "train_losses": [
        0.01617475183725357,
        0.012447697649002075,
        0.010553169867992401,
        0.008991453915834427,
        0.007918061522245407,
        0.007247808437347412,
        0.006686279535293579,
        0.006283345357179642,
        0.005895496023893356,
        0.005640926758050919,
        0.005380474286079406,
        0.005147411150932312,
        0.004980628936290741,
        0.004768605080842972,
        0.00462084359049797,
        0.0045114844417572025,
        0.004376172658205032,
        0.004252980800867081,
        0.00410909869492054,
        0.004026886424422264,
        0.003921459519267082,
        0.003871714712679386,
        0.0037640448731184007,
        0.0036381381046772005,
        0.0035605249601602554,
        0.0034945600298047067,
        0.003445106490254402,
        0.0033659494939446448,
        0.0033376353293657303,
        0.003251694429218769
    ],
    "test_losses": [
        0.01265150272846222,
        0.013519837427139282,
        0.009451875925064086,
        0.008986851912736892,
        0.007090711683034897,
        0.007854100042581559,
        0.006258893489837647,
        0.006645537179708481,
        0.00578471508026123,
        0.005410767051577568,
        0.00566464638710022,
        0.005387843650579452,
        0.005159373667836189,
        0.0051130957186222075,
        0.0048818893402814865,
        0.0053555255383253095,
        0.005097774365544319,
        0.004566217625141144,
        0.005329518637061119,
        0.004615128827095032,
        0.004705890086293221,
        0.005485047820210457,
        0.0044287818402051924,
        0.004704726105928421,
        0.004594637095928192,
        0.004464139884710312,
        0.004590679338574409,
        0.005021092081069946,
        0.004654991054534912,
        0.004952620169520378
    ],
    "train_errs": [
        75.162,
        58.086,
        48.53,
        40.85,
        35.87,
        32.418,
        29.96,
        28.04,
        26.39,
        25.242,
        23.882,
        22.98,
        22.36,
        21.186,
        20.718,
        20.182,
        19.6,
        19.06,
        18.17,
        18.02,
        17.656,
        17.222,
        16.806,
        16.41,
        15.798,
        15.724,
        15.312,
        15.068,
        14.93,
        14.612
    ],
    "test_errs": [
        59.24,
        57.62,
        42.9,
        38.7,
        31.59,
        33.84,
        27.81,
        29.17,
        25.47,
        23.87,
        24.53,
        23.16,
        22.02,
        21.59,
        20.63,
        22.89,
        21.42,
        19.45,
        21.79,
        19.07,
        19.49,
        21.86,
        18.06,
        18.72,
        19.19,
        18.64,
        18.85,
        20.06,
        18.43,
        20.13
    ],
    "train_accs": [
        24.838,
        41.914,
        51.47,
        59.15,
        64.13,
        67.582,
        70.04,
        71.96,
        73.61,
        74.758,
        76.118,
        77.02,
        77.64,
        78.814,
        79.282,
        79.818,
        80.4,
        80.94,
        81.83,
        81.98,
        82.344,
        82.778,
        83.194,
        83.59,
        84.202,
        84.276,
        84.688,
        84.932,
        85.07,
        85.388
    ],
    "test_acc": [
        40.76,
        42.38,
        57.1,
        61.3,
        68.41,
        66.16,
        72.19,
        70.83,
        74.53,
        76.13,
        75.47,
        76.84,
        77.98,
        78.41,
        79.37,
        77.11,
        78.58,
        80.55,
        78.21,
        80.93,
        80.51,
        78.14,
        81.94,
        81.28,
        80.81,
        81.36,
        81.15,
        79.94,
        81.57,
        79.87
    ],
    "run_time": [
        8.044975757598877,
        8.072684049606323,
        8.153642892837524,
        8.088084697723389,
        7.924659967422485,
        7.977829456329346,
        8.09760856628418,
        8.20776104927063,
        7.781357765197754,
        8.179671049118042,
        8.264627456665039,
        8.188937664031982,
        8.2408447265625,
        8.141242742538452,
        8.303142070770264,
        8.335674524307251,
        8.128164768218994,
        8.211565017700195,
        8.204630613327026,
        8.23975682258606,
        8.217494010925293,
        8.1299729347229,
        8.272664070129395,
        8.248086214065552,
        8.146676301956177,
        8.47382140159607,
        8.31108808517456,
        8.16171383857727,
        8.094579219818115,
        8.08241081237793
    ],
    "n_step": "003"
}