{
    "train_losses": [
        0.016314682388305662,
        0.01298019138097763,
        0.011068507764339448,
        0.009680612959861756,
        0.008635370868444443,
        0.007866428337097168,
        0.007346663566827774,
        0.0068198467373847965,
        0.0064960535430908205,
        0.0062251957106590275,
        0.006012833544015884,
        0.005828707096576691,
        0.005594394941926002,
        0.005429896250963211,
        0.005307034597992897,
        0.005190938403010368,
        0.005037427592873574,
        0.004893971112370491,
        0.0048470339864492415,
        0.004683215526342392,
        0.004654561271071434,
        0.004538147842288017,
        0.004456375852227211,
        0.004369719618558884,
        0.004297790118455887,
        0.00425738574385643,
        0.004163868458867073,
        0.004098443475365639,
        0.004050658832192421,
        0.003992972772717476
    ],
    "test_losses": [
        0.013570220851898194,
        0.01102529489994049,
        0.011083388411998749,
        0.008412201529741287,
        0.007796495705842971,
        0.007328513187170029,
        0.007113225781917572,
        0.0073185684502124785,
        0.0062857691764831546,
        0.006003781813383103,
        0.00594680899977684,
        0.006376237887144089,
        0.006163052576780319,
        0.005990558511018753,
        0.006681361725926399,
        0.005897421544790268,
        0.005140174609422683,
        0.005499372911453247,
        0.005574267423152923,
        0.004918220722675323,
        0.004935612803697586,
        0.004907985004782677,
        0.005766219437122345,
        0.004772747954726219,
        0.005021706637740135,
        0.005068386343121529,
        0.004824389758706093,
        0.005478075248003006,
        0.005218954753875732,
        0.004523296359181404
    ],
    "train_errs": [
        76.784,
        60.502,
        51.298,
        44.16,
        39.324,
        35.306,
        32.884,
        30.798,
        29.062,
        27.852,
        26.942,
        26.088,
        25.102,
        24.116,
        23.766,
        23.154,
        22.438,
        22.026,
        21.506,
        20.972,
        20.602,
        20.036,
        19.736,
        19.538,
        18.936,
        18.866,
        18.534,
        18.156,
        17.962,
        17.646
    ],
    "test_errs": [
        62.11,
        50.75,
        49.79,
        37.74,
        34.55,
        32.3,
        31.83,
        32.05,
        27.22,
        26.25,
        25.82,
        26.98,
        26.83,
        25.56,
        27.07,
        25.56,
        22.31,
        23.17,
        23.81,
        21.07,
        21.09,
        20.92,
        24.16,
        20.27,
        20.67,
        21.42,
        20.19,
        22.55,
        21.51,
        18.96
    ],
    "train_accs": [
        23.216,
        39.498,
        48.702,
        55.84,
        60.676,
        64.694,
        67.116,
        69.202,
        70.938,
        72.148,
        73.058,
        73.912,
        74.898,
        75.884,
        76.234,
        76.846,
        77.562,
        77.974,
        78.494,
        79.028,
        79.398,
        79.964,
        80.264,
        80.462,
        81.064,
        81.134,
        81.466,
        81.844,
        82.038,
        82.354
    ],
    "test_acc": [
        37.89,
        49.25,
        50.21,
        62.26,
        65.45,
        67.7,
        68.17,
        67.95,
        72.78,
        73.75,
        74.18,
        73.02,
        73.17,
        74.44,
        72.93,
        74.44,
        77.69,
        76.83,
        76.19,
        78.93,
        78.91,
        79.08,
        75.84,
        79.73,
        79.33,
        78.58,
        79.81,
        77.45,
        78.49,
        81.04
    ],
    "run_time": [
        7.752653360366821,
        7.958865642547607,
        8.227331399917603,
        8.01453685760498,
        7.9767420291900635,
        8.180577516555786,
        8.067222118377686,
        8.017244577407837,
        8.142896175384521,
        8.175688743591309,
        8.128573656082153,
        8.242102861404419,
        8.027223110198975,
        8.148200988769531,
        8.196940660476685,
        8.072737455368042,
        8.25995397567749,
        8.17318058013916,
        7.991304159164429,
        7.700364351272583,
        7.873291254043579,
        7.707606315612793,
        7.656177520751953,
        7.71187949180603,
        8.228174448013306,
        8.264597177505493,
        8.203231573104858,
        8.187712907791138,
        8.178354263305664,
        8.151383876800537
    ],
    "n_step": "004"
}