{
    "train_losses": [
        0.012903651247024537,
        0.009528426991701125,
        0.007893189741373062,
        0.006912881193161011,
        0.006226452944278717,
        0.005740406137704849,
        0.005351978618502617,
        0.005042605176568031,
        0.004743595594763756,
        0.004527763701677323,
        0.004280103952288628,
        0.004082117675542831,
        0.003911980528235435,
        0.0037612457144260408,
        0.0036085468351840975,
        0.0034485282784700393,
        0.003306996095776558,
        0.0032281608256697655,
        0.003132619531750679,
        0.003031451161801815,
        0.002880261668264866,
        0.002823579892516136,
        0.002737803907096386,
        0.0026190887314081193,
        0.0025790523117780687,
        0.0024785276582837104,
        0.002401775320470333,
        0.0023472524297237394,
        0.002320286785066128,
        0.0022497856512665748,
        0.0021695896548032763,
        0.0021242540165781975,
        0.0020357406581938266,
        0.0020332906356453897,
        0.0019306983511149882,
        0.001937631684243679,
        0.0018985409839451313,
        0.0018432331191003324,
        0.0017698960691690446,
        0.0017407185296714307,
        0.0017254233442246913,
        0.0016620365795493126,
        0.0016535901634395123,
        0.0016158353519439698,
        0.0015627904485166072,
        0.001516499838978052,
        0.0015176142798364162,
        0.0014637672239542008,
        0.0015127895560115576,
        0.0014417425693571567,
        0.0014093140457570553,
        0.001376103424206376,
        0.0013666351978480816,
        0.0013464735531061888,
        0.0013398863308131694,
        0.001267715406343341,
        0.001281569908708334,
        0.0012456209053099156,
        0.0012078176178783179,
        0.0012227966462820769,
        0.0012126472564041614,
        0.0011498964454978704,
        0.0011725350177288056,
        0.0011461918193101882,
        0.0011323510029911995,
        0.0011338965628296138,
        0.001088820580393076
    ],
    "test_losses": [
        0.010148434633016587,
        0.008021358263492585,
        0.007293445640802383,
        0.0061556731939315795,
        0.005913620865345001,
        0.005704969385266304,
        0.0052211025834083555,
        0.005173767039179802,
        0.005217036402225495,
        0.005094908142089844,
        0.0045164232283830645,
        0.004446848246455193,
        0.0050925653219223025,
        0.004602369219064713,
        0.004672920572757721,
        0.004421938988566398,
        0.0044084688693284985,
        0.004180045863986015,
        0.004421733185648918,
        0.004093449133634568,
        0.0041032355844974515,
        0.004197573551535607,
        0.004277046707272529,
        0.00434958935379982,
        0.004423344507813454,
        0.004046944025158882,
        0.004091211411356926,
        0.004691134834289551,
        0.0041826953768730165,
        0.004497010657191276,
        0.004507503238320351,
        0.004105301067233086,
        0.004239041543006897,
        0.0042983494967222214,
        0.004451291358470917,
        0.004421112367510796,
        0.004435788518190384,
        0.004365879133343697,
        0.004397657522559166,
        0.004619292551279068,
        0.004419122126698494,
        0.004798402738571167,
        0.005201059582829476,
        0.004662969914078712,
        0.004602088335156441,
        0.004579081097245217,
        0.004497909313440323,
        0.004623883280158043,
        0.0044451088428497315,
        0.004659399425983429,
        0.004878625300526619,
        0.004947249861061573,
        0.0045380222082138065,
        0.00485116623044014,
        0.004600251361727714,
        0.004954715247452259,
        0.00491914435327053,
        0.004776395243406296,
        0.005107553300261498,
        0.00502932710647583,
        0.004896553426980972,
        0.005143325835466385,
        0.004861896881461144,
        0.004819373273849487,
        0.004835558584332466,
        0.004821425101161003,
        0.005004310142993927
    ],
    "train_errs": [
        60.2,
        43.5,
        35.876,
        31.0,
        27.63,
        25.75,
        23.822,
        22.402,
        21.204,
        20.322,
        19.274,
        18.372,
        17.364,
        16.94,
        16.178,
        15.418,
        14.854,
        14.248,
        14.082,
        13.582,
        13.034,
        12.754,
        12.27,
        11.672,
        11.632,
        11.122,
        10.88,
        10.548,
        10.38,
        10.364,
        9.734,
        9.544,
        9.082,
        9.006,
        8.726,
        8.712,
        8.556,
        8.294,
        8.044,
        7.772,
        7.624,
        7.566,
        7.5,
        7.242,
        7.038,
        6.844,
        6.846,
        6.694,
        6.646,
        6.63,
        6.28,
        6.164,
        6.13,
        6.124,
        5.994,
        5.74,
        5.666,
        5.596,
        5.316,
        5.636,
        5.426,
        5.244,
        5.188,
        5.074,
        5.156,
        5.176,
        4.888
    ],
    "test_errs": [
        46.96,
        35.11,
        32.65,
        26.98,
        25.96,
        24.94,
        23.15,
        22.09,
        22.55,
        21.97,
        19.1,
        18.97,
        21.12,
        19.27,
        18.85,
        18.29,
        17.96,
        17.31,
        17.71,
        16.75,
        16.77,
        16.59,
        17.12,
        17.58,
        17.08,
        15.93,
        15.94,
        17.86,
        16.04,
        16.8,
        17.23,
        15.25,
        15.5,
        15.88,
        15.75,
        15.81,
        15.75,
        15.3,
        15.24,
        16.11,
        15.49,
        15.95,
        17.75,
        15.9,
        15.4,
        15.18,
        15.2,
        15.37,
        14.91,
        15.54,
        15.94,
        15.42,
        14.64,
        14.92,
        15.06,
        15.78,
        15.62,
        14.93,
        15.16,
        15.13,
        14.73,
        15.22,
        14.87,
        15.23,
        15.32,
        14.66,
        14.86
    ],
    "train_accs": [
        39.8,
        56.5,
        64.124,
        69.0,
        72.37,
        74.25,
        76.178,
        77.598,
        78.796,
        79.678,
        80.726,
        81.628,
        82.636,
        83.06,
        83.822,
        84.582,
        85.146,
        85.752,
        85.918,
        86.418,
        86.966,
        87.246,
        87.73,
        88.328,
        88.368,
        88.878,
        89.12,
        89.452,
        89.62,
        89.636,
        90.266,
        90.456,
        90.918,
        90.994,
        91.274,
        91.288,
        91.444,
        91.706,
        91.956,
        92.228,
        92.376,
        92.434,
        92.5,
        92.758,
        92.962,
        93.156,
        93.154,
        93.306,
        93.354,
        93.37,
        93.72,
        93.836,
        93.87,
        93.876,
        94.006,
        94.26,
        94.334,
        94.404,
        94.684,
        94.364,
        94.574,
        94.756,
        94.812,
        94.926,
        94.844,
        94.824,
        95.112
    ],