{
    "train_losses": [
        0.012721538331508636,
        0.00961288944721222,
        0.007968447744846344,
        0.006856780753135681,
        0.006183144181966782,
        0.005723937554359436,
        0.005264158254861832,
        0.004985849733352661,
        0.004675581998229027,
        0.004418950924277305,
        0.004188336865901947,
        0.004015605251789093,
        0.003824884603023529,
        0.0036990209376811982,
        0.0035374104735255243,
        0.0034397363683581353,
        0.0032509656852483747,
        0.003145380185842514,
        0.0030460670378804205,
        0.0029230631586909294,
        0.002829396913945675,
        0.002770831586420536,
        0.0026239040607213973,
        0.0025677488017082214,
        0.002478201718330383,
        0.0024010447803139686,
        0.0023925700637698172,
        0.0022645946703851224,
        0.002255101768672466,
        0.002152877131998539,
        0.0020680942682921887,
        0.0020765311580896377,
        0.0019932678808271885,
        0.001963663236051798,
        0.0018943083380162716,
        0.001843254276961088,
        0.0018010623420774937,
        0.001746555093228817,
        0.0017482117250561715,
        0.0016840184178948403,
        0.001623067666441202,
        0.0015997404006123544,
        0.0016054325966537,
        0.0015515182319283485,
        0.0015324264258891344,
        0.0014691646195948123,
        0.0014717286358773708,
        0.001455601418092847,
        0.0014044088868796825,
        0.001396113820746541,
        0.0013409177764505148,
        0.0013095854999125003,
        0.001288306202813983,
        0.0012997671746462585,
        0.001236173846051097,
        0.00126380535826087,
        0.0011963724977523088,
        0.001201708942577243,
        0.0011455593329295515,
        0.0011983187068998814,
        0.0011567820472642779,
        0.001116986654624343,
        0.0011021215107291937
    ],
    "test_losses": [
        0.012125977277755738,
        0.008050834292173386,
        0.007043944150209427,
        0.006139394325017929,
        0.005723445385694504,
        0.005451692283153534,
        0.005483027005195618,
        0.004948914766311646,
        0.00516647951900959,
        0.004888417372107506,
        0.004708834141492844,
        0.004382967630028724,
        0.0044603044778108595,
        0.004185610678792,
        0.0044320107519626615,
        0.004304852935671806,
        0.0042667785793542865,
        0.004462968018651009,
        0.004418779873847961,
        0.004509426349401474,
        0.004384037479758263,
        0.004147801539301872,
        0.004180259916186333,
        0.003961397019028663,
        0.004246648010611534,
        0.004081095464527607,
        0.0040862476333975795,
        0.004220661321282387,
        0.004167172169685364,
        0.0042841924846172335,
        0.00422546633630991,
        0.004269392278790474,
        0.004426181173324585,
        0.004366838961839676,
        0.00434490135461092,
        0.004398363776504994,
        0.004096935166418552,
        0.004868465828895569,
        0.0043594883248209955,
        0.004443481224775315,
        0.0048117742031812665,
        0.00478668518960476,
        0.004379283069074154,
        0.004940076664090157,
        0.004258378203213215,
        0.005040231966972351,
        0.004495899337530136,
        0.004592917463183403,
        0.004792154762148857,
        0.004509806799888611,
        0.004821723228693008,
        0.004695026157796383,
        0.0047469690695405,
        0.004700910989940166,
        0.004681854858994484,
        0.004837268036603928,
        0.004827434720098972,
        0.004566201621294021,
        0.005213253137469291,
        0.004777615295350552,
        0.0046873264342546465,
        0.004992532137036323,
        0.004740624088048935
    ],
    "train_errs": [
        59.272,
        44.066,
        35.998,
        30.826,
        27.878,
        25.676,
        23.67,
        22.452,
        20.958,
        19.846,
        18.862,
        17.992,
        17.124,
        16.464,
        15.8,
        15.41,
        14.458,
        13.96,
        13.616,
        13.21,
        12.81,
        12.536,
        11.734,
        11.592,
        11.02,
        10.866,
        10.69,
        10.204,
        10.296,
        9.758,
        9.222,
        9.29,
        8.934,
        8.854,
        8.486,
        8.21,
        8.016,
        7.702,
        7.784,
        7.414,
        7.316,
        7.25,
        7.176,
        6.924,
        6.938,
        6.55,
        6.682,
        6.478,
        6.246,
        6.31,
        5.93,
        5.806,
        5.736,
        5.882,
        5.488,
        5.592,
        5.364,
        5.394,
        5.142,
        5.264,
        5.134,
        5.02,
        4.97
    ],
    "test_errs": [
        55.36,
        36.28,
        30.56,
        27.51,
        24.95,
        24.02,
        23.66,
        21.45,
        22.18,
        20.5,
        20.17,
        18.74,
        19.32,
        17.88,
        18.38,
        18.22,
        17.55,
        18.06,
        18.46,
        17.86,
        17.66,
        17.12,
        16.4,
        15.99,
        16.86,
        15.83,
        16.41,
        16.06,
        16.28,
        16.77,
        16.18,
        15.78,
        16.42,
        16.38,
        15.81,
        15.6,
        15.51,
        17.42,
        15.29,
        15.91,
        16.59,
        15.92,
        15.56,
        16.79,
        14.75,
        16.47,
        15.23,
        15.39,
        16.24,
        14.98,
        16.19,
        15.4,
        14.76,
        15.21,
        15.58,
        14.88,
        14.99,
        14.93,
        16.14,
        14.89,
        15.01,
        14.96,
        14.5
    ],
    "train_accs": [
        40.728,
        55.934,
        64.002,
        69.174,
        72.122,
        74.324,
        76.33,
        77.548,
        79.042,
        80.154,
        81.138,
        82.008,
        82.876,
        83.536,
        84.2,
        84.59,
        85.542,
        86.04,
        86.384,
        86.79,
        87.19,
        87.464,
        88.266,
        88.408,
        88.98,
        89.134,
        89.31,
        89.796,
        89.704,
        90.242,
        90.778,
        90.71,
        91.066,
        91.146,
        91.514,
        91.79,
        91.984,
        92.298,
        92.216,
        92.586,
        92.684,
        92.75,
        92.824,
        93.076,
        93.062,
        93.45,
        93.318,
        93.522,
        93.754,
        93.69,
        94.07,
        94.194,
        94.264,
        94.118,
        94.512,
        94.408,
        94.636,
        94.606,
        94.858,
        94.736,
        94.866,
        94.98,
        95.03
    ],
    "test_acc": [
        44.64,
        63.72,
        69.44,
        72.49,
        75.05,
        75.98,
        76.34,
        78.55,
        77.82,
        79.5,
        79.83,
        81.26,
        80.68,
        82.12,
        81.62,
        81.78,
        82.45,
        81.94,
        81.54,
        82.14,
        82.34,
        82.88,
        83.6,
        84.01,
        83.14,
        84.17,
        83.59,
        83.94,
        83.72,
        83.23,
        83.82,
        84.22,
        83.58,
        83.62,
        84.19,
        84.4,
        84.49,
        82.58,
        84.71,
        84.09,
        83.41,
        84.08,
        84.44,
        83.21,
        85.25,
        83.53,
        84.77,
        84.61,
        83.76,
        85.02,
        83.81,
        84.6,
        85.24,
        84.79,
        84.42,
        85.12,
        85.01,
        85.07,
        83.86,
        85.11,
        84.99,
        85.04,
        85.5
    ],