{
    "train_losses": [
        0.013817660803794861,
        0.01341432433128357,
        0.013663850343227386,
        0.013777754592895508,
        0.01396317878484726,
        0.01443310651063919,
        0.015188894658088684,
        0.015389334871768951,
        0.015988070573806763,
        0.017114377801418303,
        0.018342248759269715,
        0.01771316086292267,
        0.01749399305343628,
        0.017685264327526092,
        0.07230821161746978,
        1.1946131644201279,
        25.57044275663376,
        0.018413280334472655,
        49722.43628791969,
        12205579.3232845,
        118248964.11426033,
        0.018351379265785218,
        0.01826889497280121,
        0.018215051164627075,
        0.018174693508148192,
        0.018248569164276123,
        0.018260762324333192,
        0.018201444330215453,
        0.018190435638427736
    ],
    "test_losses": [
        0.014010255634784698,
        0.013074756073951721,
        0.013790391170978546,
        0.013679071605205536,
        0.013942682814598083,
        0.014514783656597138,
        0.015236843645572663,
        0.014719147527217865,
        0.016729371798038482,
        0.01828295545578003,
        0.01848205626010895,
        0.01748059833049774,
        0.017968254137039185,
        0.01834476284980774,
        0.01840200698375702,
        0.018544266986846924,
        0.01864758470058441,
        0.01883912994861603,
        0.018726806640625,
        0.018444251704216003,
        0.018457085275650025,
        0.018562409996986388,
        0.01849465012550354,
        0.018413378977775573,
        0.018314426755905153,
        0.01835478446483612,
        0.01834208400249481,
        0.018344508743286133,
        0.018427439188957215
    ],
    "train_errs": [
        65.422,
        63.282,
        64.522,
        65.552,
        66.608,
        69.51,
        73.398,
        75.576,
        76.998,
        83.584,
        89.92,
        85.8,
        84.212,
        85.384,
        90.09,
        90.082,
        89.864,
        89.996,
        90.324,
        89.746,
        90.124,
        89.904,
        90.114,
        90.128,
        90.056,
        90.11,
        90.28,
        90.23,
        89.996
    ],
    "test_errs": [
        65.6,
        62.3,
        63.09,
        63.34,
        64.7,
        68.9,
        73.97,
        73.83,
        80.12,
        89.53,
        90.01,
        84.49,
        87.57,
        90.0,
        90.0,
        90.0,
        90.0,
        90.0,
        90.0,
        90.0,
        90.0,
        90.0,
        90.0,
        90.0,
        90.0,
        90.0,
        90.0,
        90.0,
        90.0
    ],
    "train_accs": [
        34.578,
        36.718,
        35.478,
        34.448,
        33.392,
        30.49,
        26.602,
        24.424,
        23.002,
        16.416,
        10.08,
        14.2,
        15.788,
        14.616,
        9.91,
        9.918,
        10.136,
        10.004,
        9.676,
        10.254,
        9.876,
        10.096,
        9.886,
        9.872,
        9.944,
        9.89,
        9.72,
        9.77,
        10.004
    ],
    "test_acc": [
        34.4,
        37.7,
        36.91,
        36.66,
        35.3,
        31.1,
        26.03,
        26.17,
        19.88,
        10.47,
        9.99,
        15.51,
        12.43,
        10.0,
        10.0,
        10.0,
        10.0,
        10.0,
        10.0,
        10.0,
        10.0,
        10.0,
        10.0,
        10.0,
        10.0,
        10.0,
        10.0,
        10.0,
        10.0
    ],
    "run_time": [
        7.678401470184326,
        7.660725116729736,
        7.653788089752197,
        7.659567356109619,
        7.661004304885864,
        7.63830041885376,
        7.638092279434204,
        7.639478921890259,
        7.648183345794678,
        7.626134157180786,
        7.625924110412598,
        7.6215691566467285,
        7.623010873794556,
        7.613111734390259,
        7.621111631393433,
        7.621029853820801,
        7.61944317817688,
        7.626176834106445,
        7.6453211307525635,
        7.632932186126709,
        7.648882627487183,
        7.649920701980591,
        7.642995834350586,
        7.639136075973511,
        7.6556313037872314,
        7.633650779724121,
        7.612538814544678,
        7.621942043304443,
        7.633846282958984
    ],
    "n_step": 0.01
}