{
    "train_losses": [
        0.0007340232353750617,
        5.924759778659791e-05,
        4.385675353230908e-05,
        3.661331831477583e-05,
        3.201582242269069e-05,
        2.816440074238926e-05,
        2.578512841137126e-05,
        2.3818024112842976e-05,
        2.2607556669972836e-05,
        2.0688826094847174e-05,
        1.8697246448136866e-05,
        1.811306405812502e-05,
        1.6752481422154232e-05,
        1.56177594861947e-05
    ],
    "test_losses": [
        0.005756633424758911,
        0.005021685135364533,
        0.004978713619709015,
        0.004295913577079773,
        0.004133206778764725,
        0.004086958396434784,
        0.0040559174090623856,
        0.003781519967317581,
        0.003720508736371994,
        0.00392118861079216,
        0.003704113084077835,
        0.003726678818464279,
        0.003713081216812134,
        0.0037287469267845152
    ],
    "train_errs": [
        51.456,
        36.856,
        30.548,
        27.708,
        25.116,
        23.28,
        21.564,
        20.274,
        19.33,
        18.172,
        17.07,
        16.498,
        15.6,
        14.936
    ],
    "test_errs": [
        39.94,
        32.35,
        29.7,
        27.92,
        26.5,
        25.04,
        24.63,
        23.6,
        22.62,
        22.23,
        21.0,
        21.13,
        20.6,
        20.89
    ],
    "train_accs": [
        48.544,
        63.144,
        69.452,
        72.292,
        74.884,
        76.72,
        78.436,
        79.726,
        80.67,
        81.828,
        82.93,
        83.502,
        84.4,
        85.064
    ],
    "test_acc": [
        60.06,
        67.65,
        70.3,
        72.08,
        73.5,
        74.96,
        75.37,
        76.4,
        77.38,
        77.77,
        79.0,
        78.87,
        79.4,
        79.11
    ],
    "run_time": [
        16.816694259643555,
        16.766947031021118,
        16.783737659454346,
        16.77867889404297,
        16.770103216171265,
        16.785640954971313,
        16.77714443206787,
        16.789941787719727,
        16.795447826385498,
        16.776658058166504,
        16.792640447616577,
        16.778937578201294,
        16.780160665512085,
        16.79141402244568
    ],
    "n_step": 10,
    "lr": "0133",
    "batch_size": 256
}