{
    "train_losses": [
        0.0010776234510913492,
        6.2788240686059e-05,
        3.548057423904538e-05,
        2.8187770433723928e-05,
        2.191531913354993e-05,
        1.9092298438772558e-05,
        1.6860853536054492e-05,
        1.5089910961687564e-05,
        1.3586260750889778e-05,
        1.2588087487965822e-05,
        1.1733403573744e-05,
        1.0793848461471498e-05,
        1.0095784394070507e-05,
        9.354190896265208e-06
    ],
    "test_losses": [
        0.0025880677461624147,
        0.002322639375925064,
        0.002204521131515503,
        0.0020251314878463743,
        0.0019699514031410216,
        0.001942482054233551,
        0.00188873690366745,
        0.0017836089491844178,
        0.0017669394135475158,
        0.0017382240235805512,
        0.0018414737701416015,
        0.0017873486638069153,
        0.0017599514722824096,
        0.001774458259344101
    ],
    "train_errs": [
        51.36,
        36.046,
        30.56,
        27.322,
        24.67,
        23.09,
        21.594,
        19.992,
        19.362,
        17.988,
        16.984,
        16.086,
        15.448,
        14.64
    ],
    "test_errs": [
        36.51,
        31.41,
        28.1,
        25.53,
        24.54,
        23.98,
        22.49,
        22.01,
        21.37,
        20.28,
        21.28,
        20.11,
        20.29,
        20.15
    ],
    "train_accs": [
        48.64,
        63.954,
        69.44,
        72.678,
        75.33,
        76.91,
        78.406,
        80.008,
        80.638,
        82.012,
        83.016,
        83.914,
        84.552,
        85.36
    ],
    "test_acc": [
        63.49,
        68.59,
        71.9,
        74.47,
        75.46,
        76.02,
        77.51,
        77.99,
        78.63,
        79.72,
        78.72,
        79.89,
        79.71,
        79.85
    ],
    "run_time": [
        20.757319688796997,
        20.810037851333618,
        20.81901788711548,
        20.78931951522827,
        20.792661666870117,
        20.771255016326904,
        20.791399478912354,
        20.777165412902832,
        20.91999578475952,
        20.765331268310547,
        20.765255451202393,
        20.76481580734253,
        20.75930142402649,
        20.75551199913025
    ],
    "n_step": 10,
    "lr": "0133",
    "batch_size": 512
}