{
    "train_losses": [
        0.0012185840451717376,
        0.0004832755035161972,
        0.000127558306530118,
        5.1794067397713664e-05,
        3.262456212192774e-05,
        2.4113148152828216e-05,
        1.8874117210507392e-05,
        1.5731033701449633e-05,
        1.3720991238951682e-05,
        1.1489901635795831e-05,
        1.0351352635771035e-05,
        9.492717077955603e-06,
        8.110164264217019e-06,
        7.608522595837712e-06,
        6.883247494697571e-06
    ],
    "test_losses": [
        0.001125184988975525,
        0.0009647803783416748,
        0.000952352523803711,
        0.0009588693797588348,
        0.0009545215964317322,
        0.000921129059791565,
        0.0008956879436969758,
        0.0008983194947242737,
        0.0008954536259174347,
        0.0008660033524036407,
        0.0008787864923477173,
        0.0008388615190982818,
        0.0008686970591545105,
        0.0008597922503948212,
        0.0009058034360408783
    ],
    "train_errs": [
        56.678,
        40.506,
        31.24,
        27.488,
        25.06,
        23.272,
        21.646,
        20.432,
        19.11,
        18.21,
        17.176,
        16.538,
        15.902,
        15.12,
        14.132
    ],
    "test_errs": [
        40.13,
        30.12,
        26.93,
        25.41,
        24.71,
        23.11,
        22.5,
        22.0,
        21.23,
        20.31,
        20.98,
        19.62,
        19.94,
        19.01,
        19.73
    ],
    "train_accs": [
        43.322,
        59.494,
        68.76,
        72.512,
        74.94,
        76.728,
        78.354,
        79.568,
        80.89,
        81.79,
        82.824,
        83.462,
        84.098,
        84.88,
        85.868
    ],
    "test_acc": [
        59.87,
        69.88,
        73.07,
        74.59,
        75.29,
        76.89,
        77.5,
        78.0,
        78.77,
        79.69,
        79.02,
        80.38,
        80.06,
        80.99,
        80.27
    ],
    "run_time": [
        32.96449112892151,
        21.931164741516113,
        22.087384462356567,
        21.955130100250244,
        22.066783905029297,
        21.928107023239136,
        21.934558629989624,
        22.086217403411865,
        21.93392515182495,
        22.033254384994507,
        21.915095806121826,
        21.918060064315796,
        22.067063570022583,
        21.923519611358643,
        22.027209520339966
    ],
    "n_step": 10,
    "lr": "0133",
    "batch_size": 1024
}