{
    "train_losses": [
        0.0007725912141799926,
        0.0005210731077194214,
        0.00038699991822242736,
        0.00030237429469823836,
        0.0002157385715842247,
        0.00014138026490807533,
        0.00010184777162969112,
        7.03244911134243e-05,
        5.3462303765118125e-05,
        3.4347421303391454e-05,
        2.774435443803668e-05,
        2.008884932845831e-05,
        1.6943752262741327e-05,
        2.2775790244340896e-05,
        1.2615992520004511e-05,
        1.0992555255070329e-05
    ],
    "test_losses": [
        0.0006599883437156677,
        0.0006662619829177856,
        0.0004687204897403717,
        0.00040332601666450503,
        0.00039568832516670226,
        0.00038348584175109865,
        0.0003633353769779205,
        0.00036823299527168274,
        0.00036596165299415586,
        0.0003827885270118713,
        0.0003775181770324707,
        0.0003870537996292114,
        0.0003991777181625366,
        0.0003903021931648254,
        0.0003960915386676788,
        0.0003960597395896912
    ],
    "train_errs": [
        61.31,
        45.02,
        37.572,
        33.57,
        29.416,
        26.062,
        23.836,
        21.372,
        20.192,
        18.972,
        18.082,
        16.712,
        16.306,
        15.558,
        15.104,
        14.22
    ],
    "test_errs": [
        46.76,
        44.23,
        30.36,
        26.64,
        24.36,
        23.27,
        22.06,
        21.94,
        20.76,
        21.07,
        19.93,
        19.57,
        19.67,
        19.17,
        19.53,
        19.07
    ],
    "train_accs": [
        38.69,
        54.98,
        62.428,
        66.43,
        70.584,
        73.938,
        76.164,
        78.628,
        79.808,
        81.028,
        81.918,
        83.288,
        83.694,
        84.442,
        84.896,
        85.78
    ],
    "test_acc": [
        53.24,
        55.77,
        69.64,
        73.36,
        75.64,
        76.73,
        77.94,
        78.06,
        79.24,
        78.93,
        80.07,
        80.43,
        80.33,
        80.83,
        80.47,
        80.93
    ],
    "run_time": [
        21.96320080757141,
        21.98727011680603,
        21.96798014640808,
        21.97630023956299,
        22.076257705688477,
        21.973029613494873,
        22.088799715042114,
        21.975688219070435,
        22.09860920906067,
        21.973563194274902,
        22.052811861038208,
        21.95092749595642,
        22.093690633773804,
        21.96225905418396,
        22.0873441696167,
        21.944477558135986
    ],
    "n_step": 10,
    "lr": "0133",
    "batch_size": 2048
}