{
    "train_losses": [
        0.000646225814037025,
        8.894082582555711e-05,
        7.207877021282911e-05,
        6.445161925628782e-05,
        5.877153976354748e-05,
        5.4501106878742576e-05,
        4.9309974829666315e-05,
        4.6436464367434385e-05,
        4.315668072551489e-05,
        4.008313930593431e-05,
        3.823610791936517e-05,
        3.5843527261167766e-05,
        3.428971344837919e-05,
        3.254298625979572e-05,
        3.0478920056484638e-05,
        2.8978571156039835e-05
    ],
    "test_losses": [
        0.011278572797775268,
        0.00983318516612053,
        0.008948556154966354,
        0.008273711431026459,
        0.007781094181537628,
        0.007221069800853729,
        0.0077775323569774625,
        0.006538664376735687,
        0.007142201113700866,
        0.006676738864183426,
        0.0064389089405536655,
        0.006718794530630112,
        0.006437352693080902,
        0.006728110435605049,
        0.006886634098738432,
        0.0063783687621355055
    ],
    "train_errs": [
        51.874,
        37.494,
        31.688,
        28.61,
        25.926,
        24.124,
        22.502,
        21.22,
        20.044,
        19.064,
        17.912,
        17.272,
        16.612,
        15.89,
        15.258,
        14.81
    ],
    "test_errs": [
        38.46,
        32.32,
        28.89,
        26.65,
        25.3,
        23.32,
        23.83,
        20.92,
        21.77,
        21.2,
        20.2,
        20.21,
        19.74,
        19.26,
        19.89,
        18.89
    ],
    "train_accs": [
        48.126,
        62.506,
        68.312,
        71.39,
        74.074,
        75.876,
        77.498,
        78.78,
        79.956,
        80.936,
        82.088,
        82.728,
        83.388,
        84.11,
        84.742,
        85.19
    ],
    "test_acc": [
        61.54,
        67.68,
        71.11,
        73.35,
        74.7,
        76.68,
        76.17,
        79.08,
        78.23,
        78.8,
        79.8,
        79.79,
        80.26,
        80.74,
        80.11,
        81.11
    ],
    "run_time": [
        13.919124841690063,
        13.920006275177002,
        13.922752141952515,
        13.916241645812988,
        13.931274890899658,
        13.943676233291626,
        13.931981086730957,
        13.915026426315308,
        13.91064977645874,
        13.939643383026123,
        13.924765348434448,
        13.940415382385254,
        13.90057635307312,
        13.91231632232666,
        13.92212963104248,
        13.944250106811523
    ],
    "n_step": 10,
    "lr": "0133",
    "batch_size": 128
}