{
    "train_losses": [
        0.00046632450819015505,
        0.00035545794248580934,
        0.0003110338068008423,
        0.00027074344873428345,
        0.00023245796799659728,
        0.00021222859978675841,
        0.00018482616364955901,
        0.00016013839721679688,
        0.00014698164194822312,
        0.00012872389301657678,
        0.00012140585899353027,
        0.00010796084880828858,
        9.471793323755265e-05,
        8.717997871339321e-05,
        7.70900771766901e-05,
        7.041280426084995e-05,
        6.158481240272522e-05,
        5.35237181186676e-05,
        4.953097268939018e-05,
        4.55943264812231e-05,
        3.977911952883005e-05,
        3.613105900585651e-05,
        3.9722178149968387e-05
    ],
    "test_losses": [
        0.00043971160650253295,
        0.0004708406209945679,
        0.000370684278011322,
        0.00036532422304153445,
        0.00032426424026489256,
        0.00036414220333099367,
        0.0002684853076934814,
        0.00024809648394584656,
        0.00023236262202262878,
        0.00021714471578598022,
        0.00021096391677856446,
        0.00021201367378234864,
        0.00019812502264976502,
        0.00020136381387710571,
        0.00019959650635719298,
        0.00019214678406715392,
        0.00019750065803527832,
        0.00019540835618972777,
        0.00019322841763496398,
        0.00019221730828285216,
        0.00019135900735855102,
        0.000196985787153244,
        0.00018426917791366577
    ],
    "train_errs": [
        68.524,
        53.186,
        45.934,
        41.51,
        37.212,
        33.808,
        32.418,
        28.942,
        28.496,
        27.048,
        25.382,
        24.192,
        22.732,
        21.364,
        19.77,
        19.55,
        18.562,
        17.342,
        16.32,
        16.342,
        15.214,
        15.006,
        14.572
    ],
    "test_errs": [
        53.48,
        52.72,
        43.58,
        42.08,
        36.67,
        40.93,
        29.95,
        27.95,
        25.21,
        23.22,
        22.66,
        22.57,
        21.36,
        20.58,
        19.89,
        19.68,
        19.91,
        19.15,
        19.12,
        18.29,
        18.29,
        18.47,
        17.72
    ],
    "train_accs": [
        31.476,
        46.814,
        54.066,
        58.49,
        62.788,
        66.192,
        67.582,
        71.058,
        71.504,
        72.952,
        74.618,
        75.808,
        77.268,
        78.636,
        80.23,
        80.45,
        81.438,
        82.658,
        83.68,
        83.658,
        84.786,
        84.994,
        85.428
    ],
    "test_acc": [
        46.52,
        47.28,
        56.42,
        57.92,
        63.33,
        59.07,
        70.05,
        72.05,
        74.79,
        76.78,
        77.34,
        77.43,
        78.64,
        79.42,
        80.11,
        80.32,
        80.09,
        80.85,
        80.88,
        81.71,
        81.71,
        81.53,
        82.28
    ],
    "run_time": [
        22.087777376174927,
        22.044694900512695,
        21.940455675125122,
        21.9293954372406,
        22.062238216400146,
        21.93020534515381,
        22.051098108291626,
        22.03952932357788,
        22.057941436767578,
        21.946356296539307,
        21.939339637756348,
        22.074885368347168,
        22.060316562652588,
        22.052079677581787,
        21.94853186607361,
        22.07430672645569,
        22.051826238632202,
        22.058547019958496,
        21.938483476638794,
        22.04781746864319,
        22.06991982460022,
        21.932594537734985,
        21.9605610370636
    ],
    "n_step": 10,
    "lr": "0133",
    "batch_size": 4096
}