{
    "train_losses": [
        0.01506768019914627,
        0.01135281667470932,
        0.009504983861446381,
        0.008166960868835449
    ],
    "test_losses": [
        0.012481977677345275,
        0.010015673470497132,
        0.008975448602437973,
        0.008214188820123673
    ],
    "train_errs": [
        70.634,
        52.768,
        43.42,
        36.962
    ],
    "test_errs": [
        58.05,
        46.44,
        39.79,
        35.35
    ],
    "train_accs": [
        29.366,
        47.232,
        56.58,
        63.038
    ],
    "test_acc": [
        41.95,
        53.56,
        60.21,
        64.65
    ],
    "run_time": [
        7.545452833175659,
        7.572438478469849,
        7.584474086761475,
        7.577511310577393
    ],
    "n_step": 0.3
}