{
    "train_losses": [
        0.01732562382221222,
        0.015744014258384703,
        0.014651371567249298,
        0.013904768261909485,
        0.013364062237739564,
        0.012946083354949952,
        0.01256677052974701,
        0.012254786458015442,
        0.011968461432456971,
        0.011715176014900207,
        0.011496132848262787,
        0.011335732147693635,
        0.011157572464942932,
        0.011036156842708587,
        0.010898775537014007,
        0.010783899466991424,
        0.010664340026378632,
        0.010564946241378784,
        0.01044735162973404,
        0.010351816065311431,
        0.010270830764770507,
        0.010151899769306184,
        0.0100266303896904,
        0.009933396022319794,
        0.00983524104475975,
        0.009719342014789582,
        0.009639230173826218,
        0.00954509354352951,
        0.009447154312133789,
        0.00937820656299591
    ],
    "test_losses": [
        0.016631059074401856,
        0.015069587063789368,
        0.014084387874603272,
        0.013374866569042207,
        0.012827125990390778,
        0.01234952393770218,
        0.011949817311763764,
        0.011640491008758545,
        0.01129492243528366,
        0.011091318345069885,
        0.010835088360309601,
        0.010693504011631012,
        0.010509726560115814,
        0.010451541173458099,
        0.010245556044578552,
        0.010144592821598053,
        0.010006566023826598,
        0.009890670275688171,
        0.009826168978214265,
        0.009687675070762635,
        0.009584438788890839,
        0.009557290995121002,
        0.009413736760616303,
        0.009294024729728699,
        0.009219061803817749,
        0.009046398770809174,
        0.008929767006635666,
        0.008825651472806931,
        0.008835352396965026,
        0.00863288255929947
    ],
    "train_errs": [
        77.72,
        69.358,
        65.322,
        62.662,
        60.314,
        58.784,
        57.124,
        55.686,
        54.414,
        53.57,
        52.516,
        51.94,
        50.862,
        50.254,
        49.56,
        49.222,
        48.646,
        48.186,
        47.478,
        47.034,
        46.632,
        46.218,
        45.246,
        45.156,
        44.422,
        43.998,
        43.46,
        42.958,
        42.468,
        42.342
    ],
    "test_errs": [
        69.35,
        65.7,
        61.32,
        58.82,
        56.9,
        55.0,
        53.23,
        51.98,
        50.63,
        49.77,
        48.53,
        48.48,
        47.22,
        47.08,
        46.05,
        45.43,
        44.71,
        44.83,
        44.03,
        43.46,
        42.77,
        42.61,
        41.88,
        41.56,
        40.78,
        40.05,
        39.56,
        38.77,
        39.27,
        37.99
    ],
    "train_accs": [
        22.28,
        30.642,
        34.678,
        37.338,
        39.686,
        41.216,
        42.876,
        44.314,
        45.586,
        46.43,
        47.484,
        48.06,
        49.138,
        49.746,
        50.44,
        50.778,
        51.354,
        51.814,
        52.522,
        52.966,
        53.368,
        53.782,
        54.754,
        54.844,
        55.578,
        56.002,
        56.54,
        57.042,
        57.532,
        57.658
    ],
    "test_acc": [
        30.65,
        34.3,
        38.68,
        41.18,
        43.1,
        45.0,
        46.77,
        48.02,
        49.37,
        50.23,
        51.47,
        51.52,
        52.78,
        52.92,
        53.95,
        54.57,
        55.29,
        55.17,
        55.97,
        56.54,
        57.23,
        57.39,
        58.12,
        58.44,
        59.22,
        59.95,
        60.44,
        61.23,
        60.73,
        62.01
    ],
    "run_time": [
        7.791460752487183,
        7.746883153915405,
        7.7100605964660645,
        7.707707166671753,
        7.973861932754517,
        7.649198532104492,
        7.676070928573608,
        7.637628793716431,
        7.744750499725342,
        7.724129915237427,
        7.76569938659668,
        8.021769285202026,
        7.895762920379639,
        7.845476150512695,
        7.78667426109314,
        7.5466344356536865,
        7.536966323852539,
        7.539138317108154,
        7.560991287231445,
        7.580615758895874,
        7.590122699737549,
        7.587815523147583,
        7.569423198699951,
        7.589399814605713,
        7.579531669616699,
        7.570775032043457,
        7.647598028182983,
        7.683471918106079,
        7.689597845077515,
        7.702653884887695
    ],
    "n_step": 0.001
}