{
    "train_losses": [
        0.01409608376979828,
        0.011559620387554169,
        0.010671693308353424,
        0.009907846479415894,
        0.009310930632352828,
        0.008784742983579636
    ],
    "test_losses": [
        0.011777107524871827,
        0.010888286972045899,
        0.009807913386821746,
        0.008921022206544876,
        0.00826455801129341,
        0.007995276749134063
    ],
    "train_errs": [
        64.724,
        53.454,
        48.92,
        45.164,
        42.508,
        39.74
    ],
    "test_errs": [
        54.49,
        49.4,
        43.94,
        39.97,
        37.06,
        35.63
    ],
    "train_accs": [
        35.276,
        46.546,
        51.08,
        54.836,
        57.492,
        60.26
    ],
    "test_acc": [
        45.51,
        50.6,
        56.06,
        60.03,
        62.94,
        64.37
    ],
    "run_time": [
        8.019279479980469,
        7.90202522277832,
        8.107953548431396,
        8.035344362258911,
        8.05463171005249,
        7.982193470001221
    ],
    "n_step": 0.01
}