{
    "train_losses": [
        0.016019160823822022,
        0.012285162661075592,
        0.010519014012813568,
        0.009464020832777023,
        0.008574715690612793
    ],
    "test_losses": [
        0.013187471413612366,
        0.010748844611644746,
        0.009746131986379624,
        0.008403399908542632,
        0.007449129617214203
    ],
    "train_errs": [
        74.684,
        57.164,
        48.372,
        43.392,
        38.96
    ],
    "test_errs": [
        61.15,
        49.91,
        44.62,
        38.21,
        33.6
    ],
    "train_accs": [
        25.316,
        42.836,
        51.628,
        56.608,
        61.04
    ],
    "test_acc": [
        38.85,
        50.09,
        55.38,
        61.79,
        66.4
    ],
    "run_time": [
        7.564107179641724,
        7.578399658203125,
        7.603302955627441,
        7.565442085266113,
        7.577909231185913
    ],
    "n_step": 0.4
}