{
    "train_losses": [
        0.013462504410743713,
        0.009905628831386567,
        0.008086329009532928
    ],
    "test_losses": [
        0.011410067701339722,
        0.008288418984413147,
        0.006630983197689056
    ],
    "train_errs": [
        62.712,
        45.668,
        36.48
    ],
    "test_errs": [
        52.19,
        37.34,
        29.66
    ],
    "train_accs": [
        37.288,
        54.332,
        63.52
    ],
    "test_acc": [
        47.81,
        62.66,
        70.34
    ],
    "run_time": [
        7.571426153182983,
        7.557204484939575,
        7.559510707855225
    ],
    "n_step": 0.2
}