{
    "train_losses": [
        0.0015343565265461803,
        0.0002167199511639774,
        0.00015797773849219083,
        0.00013596166042611002,
        0.00012040853128768503,
        0.00010366907145828009,
        9.584371907636524e-05,
        8.94159875344485e-05,
        7.947985550388693e-05,
        7.58421593438834e-05,
        6.882545931264759e-05,
        6.519981075078249e-05,
        6.170672811567784e-05,
        5.7754777343943713e-05,
        5.324096876196563e-05,
        5.0959264202974736e-05,
        4.945144366472959e-05,
        4.6944108656607566e-05,
        4.4280464118346575e-05,
        4.047898758202791e-05,
        4.0238839192315936e-05,
        3.889679824002087e-05,
        3.617770412005484e-05,
        3.50631414540112e-05,
        3.384515687823296e-05
    ],
    "test_losses": [
        0.009589278799295425,
        0.007874399366974831,
        0.007596746543049812,
        0.007156445205211639,
        0.007395483756065369,
        0.006282708585262298,
        0.006344914570450783,
        0.006311256891489029,
        0.006072357113659382,
        0.006185818383097648,
        0.00588730850815773,
        0.005859278029203415,
        0.0066164078116416935,
        0.006033550468087196,
        0.006195399722456932,
        0.005636007443070411,
        0.005771491861343384,
        0.0055928058087825775,
        0.005724988663196564,
        0.006013620406389236,
        0.005665242207050323,
        0.006353654822707176,
        0.005934203365445137,
        0.006082058230042458,
        0.005626386770606041
    ],
    "train_errs": [
        48.462,
        34.822,
        29.326,
        26.15,
        24.316,
        22.416,
        20.822,
        19.828,
        18.15,
        17.546,
        16.596,
        15.926,
        15.172,
        14.882,
        14.058,
        13.356,
        12.908,
        12.488,
        11.926,
        11.45,
        11.488,
        10.87,
        10.264,
        10.042,
        9.844
    ],
    "test_errs": [
        35.95,
        29.24,
        28.07,
        24.59,
        24.15,
        22.48,
        20.92,
        21.24,
        20.33,
        20.5,
        19.18,
        19.22,
        20.48,
        18.97,
        19.21,
        18.18,
        17.89,
        17.45,
        17.39,
        18.74,
        17.12,
        17.79,
        17.47,
        17.54,
        16.59
    ],
    "train_accs": [
        51.538,
        65.178,
        70.674,
        73.85,
        75.684,
        77.584,
        79.178,
        80.172,
        81.85,
        82.454,
        83.404,
        84.074,
        84.828,
        85.118,
        85.942,
        86.644,
        87.092,
        87.512,
        88.074,
        88.55,
        88.512,
        89.13,
        89.736,
        89.958,
        90.156
    ],
    "test_acc": [
        64.05,
        70.76,
        71.93,
        75.41,
        75.85,
        77.52,
        79.08,
        78.76,
        79.67,
        79.5,
        80.82,
        80.78,
        79.52,
        81.03,
        80.79,
        81.82,
        82.11,
        82.55,
        82.61,
        81.26,
        82.88,
        82.21,
        82.53,
        82.46,
        83.41
    ],
    "run_time": [
        10.582964420318604,
        10.58985686302185,
        10.577535152435303,
        10.598533630371094,
        10.575599908828735,
        10.573565483093262,
        10.555072784423828,
        10.551849126815796,
        10.572980642318726,
        10.574061632156372,
        10.569145202636719,
        10.551063060760498,
        10.557177305221558,
        10.554697036743164,
        10.548882246017456,
        10.552344560623169,
        10.56088662147522,
        10.550914764404297,
        10.571291208267212,
        10.56469202041626,
        10.596419334411621,
        10.584212064743042,
        10.587265253067017,
        10.586251735687256,
        10.587610483169556
    ],
    "n_step": 0.1
}