{
    "train_losses": [
        0.012962292153835297,
        0.00976262292265892,
        0.008120566012859345,
        0.007064519702196122,
        0.006302228878736496,
        0.005766529673933983,
        0.005402490845322609,
        0.005023189195990562,
        0.004718816515207291,
        0.0045222742676734925,
        0.004277354453206063,
        0.004078068069815636,
        0.003917293428182602,
        0.0037499234223365785,
        0.0036191979134082793,
        0.0034442600351572037,
        0.0033098838514089585,
        0.0032307450342178344,
        0.003122974424660206,
        0.002997870675325394,
        0.002896190703809261,
        0.0027892799988389013,
        0.0026938780876994135,
        0.0026743144264817238,
        0.00255123428106308,
        0.002511040349006653,
        0.00240853109523654,
        0.0023191769209504128,
        0.002265600494891405,
        0.002198919365555048
    ],
    "test_losses": [
        0.010139462769031524,
        0.007992259657382966,
        0.006709365838766098,
        0.006959578949213028,
        0.005949687373638153,
        0.005411016508936882,
        0.005310233813524246,
        0.004782391747832298,
        0.005037677669525146,
        0.005109154561161995,
        0.004620898529887199,
        0.004603628507256508,
        0.004609619365632534,
        0.004268030282855034,
        0.004384137496352196,
        0.004445952725410461,
        0.004136568170785904,
        0.004174493211507797,
        0.004506845450401306,
        0.004343262150883675,
        0.004175854164361953,
        0.004503077340126038,
        0.004138242986798287,
        0.00436392622590065,
        0.004125371226668358,
        0.004655658990144729,
        0.00430947476029396,
        0.0042463887155056,
        0.004722354638576507,
        0.004444004639983177
    ],
    "train_errs": [
        60.882,
        45.078,
        36.996,
        31.744,
        28.254,
        25.734,
        24.2,
        22.52,
        20.958,
        20.124,
        19.038,
        18.404,
        17.526,
        16.774,
        16.326,
        15.406,
        14.794,
        14.394,
        13.988,
        13.488,
        12.99,
        12.602,
        12.138,
        11.948,
        11.448,
        11.334,
        10.834,
        10.544,
        10.174,
        9.8
    ],
    "test_errs": [
        46.67,
        36.24,
        29.76,
        30.47,
        26.14,
        23.41,
        23.36,
        20.42,
        21.79,
        21.65,
        19.24,
        19.51,
        19.43,
        18.1,
        18.3,
        17.94,
        17.16,
        16.98,
        18.51,
        17.5,
        16.65,
        17.89,
        15.81,
        16.54,
        16.42,
        17.22,
        16.44,
        16.03,
        17.24,
        16.24
    ],
    "train_accs": [
        39.118,
        54.922,
        63.004,
        68.256,
        71.746,
        74.266,
        75.8,
        77.48,
        79.042,
        79.876,
        80.962,
        81.596,
        82.474,
        83.226,
        83.674,
        84.594,
        85.206,
        85.606,
        86.012,
        86.512,
        87.01,
        87.398,
        87.862,
        88.052,
        88.552,
        88.666,
        89.166,
        89.456,
        89.826,
        90.2
    ],
    "test_acc": [
        53.33,
        63.76,
        70.24,
        69.53,
        73.86,
        76.59,
        76.64,
        79.58,
        78.21,
        78.35,
        80.76,
        80.49,
        80.57,
        81.9,
        81.7,
        82.06,
        82.84,
        83.02,
        81.49,
        82.5,
        83.35,
        82.11,
        84.19,
        83.46,
        83.58,
        82.78,
        83.56,
        83.97,
        82.76,
        83.76
    ],
    "run_time": [
        7.5396599769592285,
        7.533031702041626,
        7.559267044067383,
        7.5467329025268555,
        7.5379815101623535,
        7.524303197860718,
        7.5510170459747314,
        7.54235053062439,
        7.544696569442749,
        7.545755863189697,
        7.542713642120361,
        7.528763294219971,
        7.528604507446289,
        7.52405571937561,
        7.543310880661011,
        7.530968189239502,
        7.524808406829834,
        7.5322957038879395,
        7.538033485412598,
        7.5213212966918945,
        7.535131454467773,
        7.54503607749939,
        7.544842958450317,
        7.524763822555542,
        7.524888515472412,
        7.527658224105835,
        7.524373769760132,
        7.5419921875,
        7.530808687210083,
        7.548233509063721
    ],
    "n_step": 0.14
}