{
    "train_losses": [
        0.013096235198974609,
        0.009709159742593764,
        0.008047392754554749,
        0.007096209973096848,
        0.006310084400177002,
        0.005831623412966728,
        0.0054094056701660155,
        0.0050784399729967115,
        0.004795740978717804,
        0.004570871554613113,
        0.004320940733551979,
        0.004167793552875519,
        0.003919770712256431,
        0.003777758402824402,
        0.003627500838637352,
        0.0034597070598602294,
        0.003366833676993847,
        0.0032593055707216263,
        0.0031151611480116845,
        0.0030245658519864084,
        0.0029565399116277696,
        0.002842660579383373,
        0.002735521490573883,
        0.002663456165492535,
        0.0026215158540010453,
        0.0025047881788015365,
        0.00247031833589077,
        0.0023853164821863175,
        0.002332828447520733,
        0.0022514788250625134,
        0.002202219370007515
    ],
    "test_losses": [
        0.010958896124362946,
        0.008564440715312958,
        0.007828232073783874,
        0.006644078665971756,
        0.00568899002969265,
        0.005254137149453163,
        0.005780619692802429,
        0.0049513821393251415,
        0.004922133246064186,
        0.005195065423846245,
        0.004587390959262848,
        0.004702410507202148,
        0.004594649967551231,
        0.004311325517296791,
        0.004309212639927864,
        0.0042588113993406295,
        0.005235968393087387,
        0.004414653837680816,
        0.004173597103357315,
        0.004434970542788506,
        0.0042252680629491805,
        0.004272428131103516,
        0.00431254531443119,
        0.005065261051058769,
        0.004334900563955307,
        0.004127163061499596,
        0.0042142607718706135,
        0.004444857689738273,
        0.004634381322562694,
        0.004581054168939591,
        0.00424087989628315
    ],
    "train_errs": [
        61.078,
        44.512,
        36.548,
        32.172,
        28.204,
        26.074,
        24.386,
        22.754,
        21.448,
        20.442,
        19.356,
        18.588,
        17.658,
        16.996,
        16.25,
        15.34,
        15.072,
        14.758,
        13.964,
        13.586,
        13.26,
        12.86,
        12.39,
        11.93,
        11.744,
        11.182,
        11.036,
        10.622,
        10.574,
        10.12,
        9.864
    ],
    "test_errs": [
        49.65,
        39.04,
        33.6,
        28.7,
        24.7,
        22.89,
        24.75,
        21.39,
        21.01,
        22.1,
        18.97,
        19.55,
        19.64,
        17.74,
        18.17,
        17.74,
        21.22,
        18.36,
        17.02,
        17.55,
        16.24,
        16.93,
        17.43,
        18.93,
        17.0,
        15.95,
        16.68,
        16.93,
        17.52,
        17.27,
        15.84
    ],
    "train_accs": [
        38.922,
        55.488,
        63.452,
        67.828,
        71.796,
        73.926,
        75.614,
        77.246,
        78.552,
        79.558,
        80.644,
        81.412,
        82.342,
        83.004,
        83.75,
        84.66,
        84.928,
        85.242,
        86.036,
        86.414,
        86.74,
        87.14,
        87.61,
        88.07,
        88.256,
        88.818,
        88.964,
        89.378,
        89.426,
        89.88,
        90.136
    ],
    "test_acc": [
        50.35,
        60.96,
        66.4,
        71.3,
        75.3,
        77.11,
        75.25,
        78.61,
        78.99,
        77.9,
        81.03,
        80.45,
        80.36,
        82.26,
        81.83,
        82.26,
        78.78,
        81.64,
        82.98,
        82.45,
        83.76,
        83.07,
        82.57,
        81.07,
        83.0,
        84.05,
        83.32,
        83.07,
        82.48,
        82.73,
        84.16
    ],
    "run_time": [
        7.465473651885986,
        7.46104097366333,
        7.4958977699279785,
        7.4697535037994385,
        7.4739649295806885,
        7.514223575592041,
        7.47802209854126,
        7.500414133071899,
        7.458587169647217,
        7.467835426330566,
        7.478756666183472,
        7.47252345085144,
        7.478912830352783,
        7.472613334655762,
        7.499575614929199,
        7.4610207080841064,
        7.498924732208252,
        7.470793724060059,
        7.472895860671997,
        7.4633612632751465,
        7.484526634216309,
        7.467526197433472,
        7.478736162185669,
        7.499013900756836,
        7.469084024429321,
        7.491028547286987,
        7.482712030410767,
        7.476182699203491,
        7.468640089035034,
        7.470006704330444,
        7.460665464401245
    ],
    "n_step": 0.155
}