{
    "train_losses": [
        0.012967964265346528,
        0.009697862501144409,
        0.008108097908496857,
        0.007009270232915878,
        0.006293080888986588,
        0.005790774096250534,
        0.005364683456420899,
        0.005024105218648911,
        0.004720164042115211,
        0.004466685792207718,
        0.004255086479783058,
        0.004073939116597176,
        0.0038905931532382965,
        0.003706126608848572,
        0.0035406004866957662,
        0.003400787196159363,
        0.003341002471745014,
        0.0031786612674593925,
        0.0030589562222361564,
        0.0029634526354074477,
        0.0028610257586836815,
        0.002769581505358219,
        0.00267373860001564,
        0.0026305148714780807,
        0.0025617837432026862,
        0.0024194553950428964,
        0.002402184194922447,
        0.002278703014552593,
        0.0022418632504343987,
        0.0022321340110898016,
        0.002133572038412094
    ],
    "test_losses": [
        0.009744503092765809,
        0.008317987990379333,
        0.007445351922512055,
        0.0065984364569187165,
        0.006615847665071488,
        0.005377770009636879,
        0.005168443039059639,
        0.005663316377997398,
        0.004771461746096611,
        0.004936221998929977,
        0.005086151507496834,
        0.004509813407063484,
        0.0043248301476240154,
        0.004703671312332154,
        0.005513723260164261,
        0.004714589408040047,
        0.004420400124788284,
        0.004438880822062492,
        0.004588612344861031,
        0.00458503752052784,
        0.004166149294376373,
        0.004023818224668503,
        0.004236540392041206,
        0.004337966418266296,
        0.004171186730265617,
        0.004957459238171577,
        0.004279717093706131,
        0.004245071032643318,
        0.00453089131116867,
        0.004370555102825165,
        0.004634453132748604
    ],
    "train_errs": [
        60.552,
        44.576,
        36.752,
        31.538,
        28.186,
        26.028,
        23.982,
        22.404,
        21.25,
        19.858,
        19.104,
        18.218,
        17.302,
        16.746,
        15.8,
        15.16,
        14.9,
        14.258,
        13.588,
        13.39,
        12.924,
        12.528,
        11.968,
        11.742,
        11.638,
        10.848,
        10.74,
        10.214,
        10.082,
        10.216,
        9.554
    ],
    "test_errs": [
        45.1,
        37.58,
        32.43,
        29.25,
        28.74,
        23.24,
        22.03,
        24.06,
        20.36,
        20.93,
        20.67,
        19.19,
        18.29,
        19.98,
        22.99,
        19.28,
        18.24,
        18.33,
        18.6,
        18.22,
        16.44,
        15.97,
        16.94,
        16.72,
        16.21,
        18.92,
        16.54,
        16.1,
        16.68,
        15.74,
        17.01
    ],
    "train_accs": [
        39.448,
        55.424,
        63.248,
        68.462,
        71.814,
        73.972,
        76.018,
        77.596,
        78.75,
        80.142,
        80.896,
        81.782,
        82.698,
        83.254,
        84.2,
        84.84,
        85.1,
        85.742,
        86.412,
        86.61,
        87.076,
        87.472,
        88.032,
        88.258,
        88.362,
        89.152,
        89.26,
        89.786,
        89.918,
        89.784,
        90.446
    ],
    "test_acc": [
        54.9,
        62.42,
        67.57,
        70.75,
        71.26,
        76.76,
        77.97,
        75.94,
        79.64,
        79.07,
        79.33,
        80.81,
        81.71,
        80.02,
        77.01,
        80.72,
        81.76,
        81.67,
        81.4,
        81.78,
        83.56,
        84.03,
        83.06,
        83.28,
        83.79,
        81.08,
        83.46,
        83.9,
        83.32,
        84.26,
        82.99
    ],
    "run_time": [
        7.457667350769043,
        7.46142578125,
        7.461102485656738,
        7.504854679107666,
        7.469029664993286,
        7.515458822250366,
        7.45980978012085,
        7.478774547576904,
        7.463988780975342,
        7.461996078491211,
        7.464568853378296,
        7.470823526382446,
        7.458807945251465,
        7.4814324378967285,
        7.4733381271362305,
        7.463751554489136,
        7.469555854797363,
        7.471973180770874,
        7.470585823059082,
        7.462135553359985,
        7.45518159866333,
        7.471471548080444,
        7.456216335296631,
        7.464620351791382,
        7.473625898361206,
        7.459009408950806,
        7.460108995437622,
        7.468164920806885,
        7.461833715438843,
        7.464052677154541,
        7.4668943881988525
    ],
    "n_step": 0.145
}