{
    "train_losses": [
        0.013167799828052522,
        0.009874599233865737,
        0.008089595009088516,
        0.007120367968082428,
        0.006336706486940384,
        0.005803932802677154,
        0.005363760721683502,
        0.005016432852745056,
        0.004791694579124451,
        0.004481201842427254,
        0.004280661160349846,
        0.00403401489675045,
        0.003906666447520256,
        0.0037326432287693024,
        0.0036153260761499404,
        0.003467782421708107,
        0.0033361670213937758,
        0.003172880880534649,
        0.003089302951395512,
        0.0030374578675627707,
        0.0028933920779824255,
        0.0028537921306490896,
        0.00275001046359539,
        0.002670585984289646,
        0.0025726647594571115,
        0.0025214460536837576,
        0.0023985070733726025,
        0.0023912947419285776,
        0.0023300973618030547,
        0.002249035807847977,
        0.0022086233988404275
    ],
    "test_losses": [
        0.010091471982002258,
        0.007879203164577485,
        0.007303196334838867,
        0.006816097503900528,
        0.005648699271678924,
        0.0051843456238508225,
        0.005536557799577713,
        0.005407195067405701,
        0.004853422671556472,
        0.004675722905993462,
        0.004472450041770935,
        0.00444383519589901,
        0.004957445105910301,
        0.004941410022974014,
        0.0044613409221172335,
        0.004226569533348084,
        0.004216883561015129,
        0.004260516384243965,
        0.004477574041485787,
        0.004283096459507942,
        0.004249573138356209,
        0.004416751006245613,
        0.004073809036612511,
        0.004403310620784759,
        0.004442278081178665,
        0.004373683750629425,
        0.004881046649813652,
        0.004691546112298966,
        0.00450856568813324,
        0.004172539147734642,
        0.004356649491190911
    ],
    "train_errs": [
        61.708,
        45.574,
        36.542,
        32.286,
        28.49,
        25.986,
        23.778,
        22.426,
        21.336,
        20.262,
        19.234,
        17.896,
        17.424,
        16.658,
        16.278,
        15.456,
        14.708,
        14.344,
        13.778,
        13.61,
        13.068,
        12.644,
        12.22,
        11.98,
        11.38,
        11.482,
        10.836,
        10.778,
        10.542,
        10.076,
        9.908
    ],
    "test_errs": [
        47.18,
        35.04,
        33.11,
        29.53,
        24.36,
        22.57,
        24.24,
        23.43,
        21.4,
        19.93,
        19.1,
        18.89,
        20.68,
        20.14,
        18.19,
        17.89,
        17.39,
        17.44,
        18.59,
        17.17,
        17.47,
        17.74,
        16.83,
        17.57,
        17.58,
        16.85,
        18.84,
        17.63,
        16.83,
        16.04,
        15.95
    ],
    "train_accs": [
        38.292,
        54.426,
        63.458,
        67.714,
        71.51,
        74.014,
        76.222,
        77.574,
        78.664,
        79.738,
        80.766,
        82.104,
        82.576,
        83.342,
        83.722,
        84.544,
        85.292,
        85.656,
        86.222,
        86.39,
        86.932,
        87.356,
        87.78,
        88.02,
        88.62,
        88.518,
        89.164,
        89.222,
        89.458,
        89.924,
        90.092
    ],
    "test_acc": [
        52.82,
        64.96,
        66.89,
        70.47,
        75.64,
        77.43,
        75.76,
        76.57,
        78.6,
        80.07,
        80.9,
        81.11,
        79.32,
        79.86,
        81.81,
        82.11,
        82.61,
        82.56,
        81.41,
        82.83,
        82.53,
        82.26,
        83.17,
        82.43,
        82.42,
        83.15,
        81.16,
        82.37,
        83.17,
        83.96,
        84.05
    ],
    "run_time": [
        7.49010157585144,
        7.493990898132324,
        7.46675968170166,
        7.479865312576294,
        7.481560230255127,
        7.455542087554932,
        7.4731605052948,
        7.5055012702941895,
        7.484688758850098,
        7.476680040359497,
        7.474268674850464,
        7.485874652862549,
        7.479685544967651,
        7.506005764007568,
        7.476671457290649,
        7.473226308822632,
        7.485507249832153,
        7.4864723682403564,
        7.4759321212768555,
        7.494889497756958,
        7.477918386459351,
        7.485182523727417,
        7.486788749694824,
        7.4817955493927,
        7.488636016845703,
        7.477076292037964,
        7.490999937057495,
        7.473133087158203,
        7.516452074050903,
        7.477079629898071,
        7.4817116260528564
    ],
    "n_step": 0.16
}