{
    "train_losses": [
        0.012683226361274719,
        0.009734135612249374,
        0.008227880972623825,
        0.00724181697845459,
        0.006565038083791733,
        0.006020559478402137,
        0.005641747553944588,
        0.005345653828978538,
        0.005005779349207878,
        0.004749944573044777,
        0.0045143744790554045,
        0.004337093886733055
    ],
    "test_losses": [
        0.010906794381141663,
        0.0081115905046463,
        0.006782057750225067,
        0.006588353824615478,
        0.0058174410402774815,
        0.00546019886136055,
        0.005416549423336982,
        0.005384768012166023,
        0.00492975105047226,
        0.004498035231232643,
        0.0047136553198099135,
        0.004336913973093033
    ],
    "train_errs": [
        59.062,
        44.864,
        37.358,
        32.786,
        29.206,
        26.894,
        25.48,
        23.956,
        22.382,
        21.164,
        20.092,
        19.422
    ],
    "test_errs": [
        50.12,
        35.72,
        30.57,
        29.01,
        25.88,
        24.17,
        23.81,
        23.72,
        21.99,
        19.54,
        20.52,
        18.69
    ],
    "train_accs": [
        40.938,
        55.136,
        62.642,
        67.214,
        70.794,
        73.106,
        74.52,
        76.044,
        77.618,
        78.836,
        79.908,
        80.578
    ],
    "test_acc": [
        49.88,
        64.28,
        69.43,
        70.99,
        74.12,
        75.83,
        76.19,
        76.28,
        78.01,
        80.46,
        79.48,
        81.31
    ],
    "run_time": [
        7.50649881362915,
        7.508036136627197,
        7.511963129043579,
        7.526356220245361,
        7.5149548053741455,
        7.514639616012573,
        7.522634983062744,
        7.504514932632446,
        7.504503488540649,
        7.506263017654419,
        7.50355863571167,
        7.491656303405762
    ],
    "n_step": 0.075
}