{
    "train_losses": [
        0.01340211672782898,
        0.010040947266817092,
        0.008189239094257355,
        0.007063406751155853,
        0.006392559381723404,
        0.005830810825824737,
        0.005397736389040947,
        0.005106848593354225,
        0.004789951137304306,
        0.004599199324846268,
        0.004358963257074356
    ],
    "test_losses": [
        0.011367492103576661,
        0.008884773945808411,
        0.0073587603807449345,
        0.006091140025854111,
        0.0060341849088668825,
        0.005621275281906128,
        0.005426590257883072,
        0.00493784162402153,
        0.005250819563865662,
        0.005066193401813507,
        0.005290528646111488
    ],
    "train_errs": [
        62.314,
        46.392,
        37.246,
        31.778,
        28.528,
        25.962,
        24.066,
        22.682,
        21.336,
        20.594,
        19.372
    ],
    "test_errs": [
        54.91,
        40.73,
        32.8,
        26.17,
        26.54,
        24.64,
        23.47,
        21.71,
        22.64,
        21.68,
        22.28
    ],
    "train_accs": [
        37.686,
        53.608,
        62.754,
        68.222,
        71.472,
        74.038,
        75.934,
        77.318,
        78.664,
        79.406,
        80.628
    ],
    "test_acc": [
        45.09,
        59.27,
        67.2,
        73.83,
        73.46,
        75.36,
        76.53,
        78.29,
        77.36,
        78.32,
        77.72
    ],
    "run_time": [
        7.478914260864258,
        7.519222021102905,
        7.503959655761719,
        7.483532190322876,
        7.497629880905151,
        7.498785734176636,
        7.496500492095947,
        7.484486103057861,
        7.482550144195557,
        7.571013450622559,
        7.606305360794067
    ],
    "n_step": 0.225
}