{
    "train_losses": [
        0.012781165194511413,
        0.00974279082775116,
        0.008210987845659256,
        0.0071535977220535275,
        0.006481287496089935,
        0.005944675662517548,
        0.005538944924473763,
        0.005155972722768783,
        0.004824890764951706,
        0.004592578849196434,
        0.004372363845109939
    ],
    "test_losses": [
        0.010118042516708375,
        0.008250675648450851,
        0.007327832806110382,
        0.006178565102815628,
        0.007065106043219567,
        0.006402452009916306,
        0.00540400752723217,
        0.005597234675288201,
        0.004906382817029953,
        0.00480890043079853,
        0.004709833779931069
    ],
    "train_errs": [
        59.87,
        44.824,
        37.158,
        32.31,
        29.156,
        26.65,
        24.902,
        23.202,
        21.438,
        20.532,
        19.556
    ],
    "test_errs": [
        46.31,
        37.36,
        32.71,
        27.06,
        31.29,
        27.74,
        23.6,
        24.44,
        21.41,
        20.64,
        20.7
    ],
    "train_accs": [
        40.13,
        55.176,
        62.842,
        67.69,
        70.844,
        73.35,
        75.098,
        76.798,
        78.562,
        79.468,
        80.444
    ],
    "test_acc": [
        53.69,
        62.64,
        67.29,
        72.94,
        68.71,
        72.26,
        76.4,
        75.56,
        78.59,
        79.36,
        79.3
    ],
    "run_time": [
        7.5054004192352295,
        7.492462873458862,
        7.515906810760498,
        7.517088413238525,
        7.523030042648315,
        7.506667137145996,
        7.4997570514678955,
        7.493484735488892,
        7.490707874298096,
        7.495227575302124,
        7.51708722114563
    ],
    "n_step": 0.1
}