{
    "train_losses": [
        0.014452068772315979,
        0.011025468327999116,
        0.009250313528776168,
        0.00801490464091301,
        0.007194652034044266,
        0.006632987505197525,
        0.006196552712917328,
        0.005840382335186005,
        0.005545596206188202,
        0.0053312912774086,
        0.005098877028226852,
        0.004971884051561355,
        0.0048044682508707045,
        0.0045934676861763,
        0.0044826290053129195,
        0.004340908982157707
    ],
    "test_losses": [
        0.011999686801433563,
        0.009679029458761215,
        0.008877324843406677,
        0.007242337453365326,
        0.0066416306793689725,
        0.006168534767627716,
        0.006167790234088898,
        0.005787456703186035,
        0.005569816276431084,
        0.006035412812232971,
        0.00528392604291439,
        0.005038206279277801,
        0.005259532868862152,
        0.005243937763571739,
        0.004825630921125412,
        0.005251616370677948
    ],
    "train_errs": [
        67.91,
        51.132,
        42.278,
        36.166,
        32.37,
        29.562,
        27.974,
        26.326,
        24.858,
        23.762,
        22.646,
        22.238,
        21.748,
        20.538,
        20.088,
        19.526
    ],
    "test_errs": [
        56.44,
        43.53,
        39.33,
        32.47,
        28.69,
        26.31,
        26.69,
        25.35,
        23.98,
        26.06,
        22.91,
        21.63,
        22.5,
        22.48,
        20.85,
        22.16
    ],
    "train_accs": [
        32.09,
        48.868,
        57.722,
        63.834,
        67.63,
        70.438,
        72.026,
        73.674,
        75.142,
        76.238,
        77.354,
        77.762,
        78.252,
        79.462,
        79.912,
        80.474
    ],
    "test_acc": [
        43.56,
        56.47,
        60.67,
        67.53,
        71.31,
        73.69,
        73.31,
        74.65,
        76.02,
        73.94,
        77.09,
        78.37,
        77.5,
        77.52,
        79.15,
        77.84
    ],
    "run_time": [
        7.595178842544556,
        7.687999963760376,
        7.628031969070435,
        7.70719838142395,
        7.695875883102417,
        7.617547035217285,
        7.623623847961426,
        7.624705076217651,
        7.628351449966431,
        7.708247184753418,
        7.6728675365448,
        7.647674560546875,
        7.673009634017944,
        7.632221698760986,
        7.633322715759277,
        7.596658945083618
    ],
    "n_step": 0.25
}