{
    "train_losses": [
        0.013254136068820954,
        0.009715436400175095,
        0.008069208703041076,
        0.007007104948759079,
        0.006353571234941483,
        0.005773263435363769,
        0.005431638860106469,
        0.005111427338123322,
        0.004793508193492889,
        0.004588013546466828,
        0.004344294278621674
    ],
    "test_losses": [
        0.011462906789779664,
        0.008495699411630631,
        0.0072215292930603026,
        0.006366624581813812,
        0.006160575538873673,
        0.005626494458317756,
        0.004986937400698662,
        0.005204561594128609,
        0.005368223723769188,
        0.00507443465590477,
        0.005098779174685478
    ],
    "train_errs": [
        61.986,
        44.436,
        36.562,
        31.658,
        28.448,
        25.94,
        24.452,
        22.902,
        21.494,
        20.602,
        19.416
    ],
    "test_errs": [
        50.67,
        37.59,
        32.04,
        27.84,
        27.01,
        24.25,
        21.59,
        22.52,
        23.0,
        21.88,
        21.12
    ],
    "train_accs": [
        38.014,
        55.564,
        63.438,
        68.342,
        71.552,
        74.06,
        75.548,
        77.098,
        78.506,
        79.398,
        80.584
    ],
    "test_acc": [
        49.33,
        62.41,
        67.96,
        72.16,
        72.99,
        75.75,
        78.41,
        77.48,
        77.0,
        78.12,
        78.88
    ],
    "run_time": [
        7.476430177688599,
        7.487905025482178,
        7.483787298202515,
        7.483628034591675,
        7.479813575744629,
        7.469296455383301,
        7.461117267608643,
        7.4660022258758545,
        7.477287769317627,
        7.4775002002716064,
        7.491685628890991
    ],
    "n_step": 0.175
}