{
    "train_losses": [
        0.012786942923069,
        0.010666498634815216,
        0.009450646512508392,
        0.008725273398160935,
        0.00820034908413887,
        0.0075899278378486635,
        0.008602520099878311,
        0.007574692295789718,
        0.006867154487371445,
        0.006652990781068802,
        0.006226561383605003,
        0.006053050020933151,
        0.005533099339604378,
        0.005859382692575455,
        0.005317890295982361,
        0.005270575100183487,
        0.07136976943254471,
        0.31245432644367216,
        1983.7371434751176,
        78.60265227539062,
        68.0781969140625,
        80.20849897460937,
        14977.446125292969,
        4758260871.606793,
        310449601.8432,
        303135688.94976,
        301177396.51072,
        327376683.49952,
        79545302926421.36,
        NaN,
        NaN,
        NaN,
        NaN,
        NaN,
        NaN,
        NaN,
        NaN,
        NaN,
        NaN,
        NaN,
        NaN,
        NaN,
        NaN,
        NaN,
        NaN,
        NaN,
        NaN,
        NaN,
        NaN,
        NaN,
        NaN,
        NaN,
        NaN,
        NaN,
        NaN,
        NaN,
        NaN,
        NaN,
        NaN,
        NaN,
        NaN,
        NaN,
        NaN,
        NaN,
        NaN,
        NaN,
        NaN,
        NaN,
        NaN,
        NaN,
        NaN,
        NaN,
        NaN,
        NaN,
        NaN,
        NaN,
        NaN,
        NaN,
        NaN,
        NaN,
        NaN,
        NaN,
        NaN,
        NaN,
        NaN,
        NaN,
        NaN,
        NaN,
        NaN,
        NaN,
        NaN,
        NaN,
        NaN,
        NaN,
        NaN,
        NaN,
        NaN,
        NaN,
        NaN,
        NaN
    ],
    "test_losses": [
        0.010932892763614654,
        0.008332209199666978,
        0.007357174801826477,
        0.008325481551885604,
        0.007216086137294769,
        0.006476588577032089,
        0.008287355917692184,
        0.006250789737701416,
        0.005010897231101989,
        0.004854514244198799,
        0.004744260320067406,
        0.0038236347168684004,
        0.004668806932866573,
        0.0042975035071372986,
        0.004243330174684525,
        0.0035994573011994364,
        0.018428776073455812,
        0.018713338899612426,
        48.78719990234375,
        37.259298950195316,
        33.6376435546875,
        31.957229345703126,
        215.8973197265625,
        86621643.3664,
        192681188.1472,
        161587105.28,
        243125307.1872,
        231853171.0976,
        822035302.8096,
        NaN,
        NaN,
        NaN,
        NaN,
        NaN,
        NaN,
        NaN,
        NaN,
        NaN,
        NaN,
        NaN,
        NaN,
        NaN,
        NaN,
        NaN,
        NaN,
        NaN,
        NaN,
        NaN,
        NaN,
        NaN,
        NaN,
        NaN,
        NaN,
        NaN,
        NaN,
        NaN,
        NaN,
        NaN,
        NaN,
        NaN,
        NaN,
        NaN,
        NaN,
        NaN,
        NaN,
        NaN,
        NaN,
        NaN,
        NaN,
        NaN,
        NaN,
        NaN,
        NaN,
        NaN,
        NaN,
        NaN,
        NaN,
        NaN,
        NaN,
        NaN,
        NaN,
        NaN,
        NaN,
        NaN,
        NaN,
        NaN,
        NaN,
        NaN,
        NaN,
        NaN,
        NaN,
        NaN,
        NaN,
        NaN,
        NaN,
        NaN,
        NaN,
        NaN,
        NaN,
        NaN
    ],
    "train_errs": [
        38.934,
        15.422,
        8.494,
        6.246,
        5.014,
        4.22,
        7.492,
        5.13,
        3.814,
        3.532,
        2.934,
        2.964,
        2.754,
        3.76,
        3.2,
        3.122,
        32.46,
        87.02,
        88.286,
        89.356,
        89.438,
        89.4,
        89.65,
        89.388,
        89.18,
        89.266,
        89.148,
        89.404,
        89.614,
        89.992,
        90.0,
        90.0,
        90.0,
        90.0,
        90.0,
        90.0,
        90.0,
        90.0,
        90.0,
        90.0,
        90.0,
        90.0,
        90.0,
        90.0,
        90.0,
        90.0,
        90.0,
        90.0,
        90.0,
        90.0,
        90.0,
        90.0,
        90.0,
        90.0,
        90.0,
        90.0,
        90.0,
        90.0,
        90.0,
        90.0,
        90.0,
        90.0,
        90.0,
        90.0,
        90.0,
        90.0,
        90.0,
        90.0,
        90.0,
        90.0,
        90.0,
        90.0,
        90.0,
        90.0,
        90.0,
        90.0,
        90.0,
        90.0,
        90.0,
        90.0,
        90.0,
        90.0,
        90.0,
        90.0,
        90.0,
        90.0,
        90.0,
        90.0,
        90.0,
        90.0,
        90.0,
        90.0,
        90.0,
        90.0,
        90.0,
        90.0,
        90.0,
        90.0,
        90.0,
        90.0
    ],
    "test_errs": [
        45.39,
        35.89,
        30.18,
        32.25,
        27.7,
        24.89,
        34.56,
        24.98,
        20.4,
        19.4,
        18.89,
        15.19,
        17.26,
        17.38,
        16.19,
        14.51,
        90.0,
        90.04,
        88.28,
        90.08,
        89.69,
        89.43,
        90.0,
        90.0,
        90.0,
        90.0,
        90.0,
        90.0,
        90.0,
        90.0,
        90.0,
        90.0,
        90.0,
        90.0,
        90.0,
        90.0,
        90.0,
        90.0,
        90.0,
        90.0,
        90.0,
        90.0,
        90.0,
        90.0,
        90.0,
        90.0,
        90.0,
        90.0,
        90.0,
        90.0,
        90.0,
        90.0,
        90.0,
        90.0,
        90.0,
        90.0,
        90.0,
        90.0,
        90.0,
        90.0,
        90.0,
        90.0,
        90.0,
        90.0,
        90.0,
        90.0,
        90.0,
        90.0,
        90.0,
        90.0,
        90.0,
        90.0,
        90.0,
        90.0,
        90.0,
        90.0,
        90.0,
        90.0,
        90.0,
        90.0,
        90.0,
        90.0,
        90.0,
        90.0,
        90.0,
        90.0,
        90.0,
        90.0,
        90.0,
        90.0,
        90.0,
        90.0,
        90.0,
        90.0,
        90.0,
        90.0,
        90.0,
        90.0,
        90.0,
        90.0
    ],
    "train_accs": [
        61.066,
        84.578,
        91.506,
        93.754,
        94.986,
        95.78,
        92.508,
        94.87,
        96.186,
        96.468,
        97.066,
        97.036,
        97.246,
        96.24,
        96.8,
        96.878,
        67.54,
        12.98,
        11.714,
        10.644,
        10.562,
        10.6,
        10.35,
        10.612,
        10.82,
        10.734,
        10.852,
        10.596,
        10.386,
        10.008,
        10.0,
        10.0,
        10.0,
        10.0,
        10.0,
        10.0,
        10.0,
        10.0,
        10.0,
        10.0,
        10.0,
        10.0,
        10.0,
        10.0,
        10.0,
        10.0,
        10.0,
        10.0,
        10.0,
        10.0,
        10.0,
        10.0,
        10.0,
        10.0,
        10.0,
        10.0,
        10.0,
        10.0,
        10.0,
        10.0,
        10.0,
        10.0,
        10.0,
        10.0,
        10.0,
        10.0,
        10.0,
        10.0,
        10.0,
        10.0,
        10.0,
        10.0,
        10.0,
        10.0,
        10.0,
        10.0,
        10.0,
        10.0,
        10.0,
        10.0,
        10.0,
        10.0,
        10.0,
        10.0,
        10.0,
        10.0,
        10.0,
        10.0,
        10.0,
        10.0,
        10.0,
        10.0,
        10.0,
        10.0,
        10.0,
        10.0,
        10.0,
        10.0,
        10.0,
        10.0
    ],