{
    "train_losses": [
        0.012949965751171112,
        0.009656171945333481,
        0.008044969178438187,
        0.007000610018968582,
        0.0063014383590221405,
        0.005766027632951736,
        0.0053653290659189225,
        0.005007286543250084,
        0.0047219270950555805,
        0.004479489988684654,
        0.004280420804023743,
        0.004093115485906601,
        0.0038641071236133577,
        0.0037362232935428618,
        0.0035464673227071763,
        0.00346151346385479,
        0.003288324699699879,
        0.003197531895041466,
        0.0030909190702438356,
        0.002967415397465229,
        0.002860402264595032,
        0.0027813313600420953,
        0.0026872863394021987,
        0.0026607785627245904,
        0.0025355997437238693,
        0.002450321721434593,
        0.002343061013519764,
        0.002333655377924442,
        0.002251320126950741,
        0.002191951369047165,
        0.0021374041865766047,
        0.0020975185926258564,
        0.002045690252929926,
        0.0019573039141297342,
        0.0019041076025366783,
        0.0018739311009645463,
        0.001858014067709446,
        0.0018017287740111352,
        0.0017572524628043174,
        0.001710392536520958,
        0.0016805263538658619,
        0.0016267109973728657,
        0.0016339062319695949,
        0.0015534286554902792,
        0.0015543616677075624,
        0.0015065074406564235,
        0.0014666332679241895,
        0.0014611801932752132,
        0.0014383895544707774,
        0.001410844083055854,
        0.0013961476969718933,
        0.0013399074563384056,
        0.0013552095038443803,
        0.0012972826173901558,
        0.0012561755446344614,
        0.0012859277826547623,
        0.0012300672060251237,
        0.001240386409536004,
        0.0012127327764034272,
        0.0012087399138510228,
        0.0011674393441528082,
        0.0011292203379049898
    ],
    "test_losses": [
        0.010144573295116425,
        0.008461936867237091,
        0.007102020162343979,
        0.006242449897527695,
        0.005848004639148712,
        0.006926296097040176,
        0.005343507373332977,
        0.005159391289949417,
        0.005763772475719452,
        0.0049356352150440215,
        0.004709566023945808,
        0.004436780121922493,
        0.004388879868388176,
        0.004410560560226441,
        0.0043607294708490375,
        0.0042556591719388965,
        0.004292094096541405,
        0.004442910024523735,
        0.004428302296996116,
        0.004735498806834221,
        0.004192124399542809,
        0.0043794538885355,
        0.004405250316858292,
        0.004642062935233116,
        0.004437180121243,
        0.004438971111178398,
        0.004230078408122063,
        0.004284996742010117,
        0.00436332044005394,
        0.004242243245244026,
        0.004049338637292385,
        0.004297353981435299,
        0.004157221874594688,
        0.004301503422856331,
        0.0045187749803066255,
        0.004445943802595139,
        0.004380224922299385,
        0.004389100697636605,
        0.004394229683279991,
        0.004793247176706791,
        0.004640706679224968,
        0.004417631870508194,
        0.004760158333182335,
        0.0045739612609148024,
        0.004653317473828793,
        0.004470502042770386,
        0.00457696880698204,
        0.0048727687671780585,
        0.004664585852622986,
        0.004729056805372238,
        0.004677477169036865,
        0.005000692826509476,
        0.004738451194763183,
        0.004745737262070179,
        0.00473585258424282,
        0.0047801184237003325,
        0.0051067548751831055,
        0.005156851333379745,
        0.0049346817135810855,
        0.004932352575659752,
        0.004821816825866699,
        0.00497190850675106
    ],
    "train_errs": [
        60.434,
        44.254,
        36.464,
        31.602,
        28.304,
        25.712,
        23.64,
        22.444,
        20.998,
        20.126,
        19.054,
        18.294,
        17.372,
        16.608,
        15.93,
        15.436,
        14.65,
        14.38,
        13.856,
        13.258,
        12.616,
        12.406,
        11.926,
        11.882,
        11.538,
        10.908,
        10.582,
        10.35,
        10.048,
        9.948,
        9.532,
        9.352,
        9.274,
        8.828,
        8.596,
        8.34,
        8.444,
        7.994,
        7.856,
        7.76,
        7.466,
        7.28,
        7.326,
        6.966,
        6.904,
        6.774,
        6.588,
        6.516,
        6.454,
        6.378,
        6.276,
        5.91,
        6.026,
        5.804,
        5.696,
        5.852,
        5.464,
        5.572,
        5.334,
        5.4,
        5.214,
        4.944
    ],
    "test_errs": [
        47.43,
        38.73,
        31.21,
        27.02,
        25.69,
        28.89,
        23.22,
        22.59,
        24.92,
        21.43,
        20.0,
        18.69,
        18.71,
        18.29,
        17.75,
        17.81,
        17.52,
        17.86,
        17.9,
        18.48,
        16.61,
        16.58,
        17.04,
        16.95,
        17.63,
        17.08,
        16.02,
        16.27,
        16.06,
        15.95,
        15.48,
        15.63,
        14.94,
        15.1,
        16.26,
        16.05,
        15.37,
        15.68,
        15.79,
        16.88,
        15.85,
        15.19,
        16.21,
        15.31,
        15.49,
        15.0,
        14.85,
        15.83,
        15.22,
        15.2,
        15.46,
        15.5,
        15.57,
        14.62,
        14.99,
        15.58,
        15.73,
        15.96,
        15.49,
        15.02,
        14.58,
        15.09
    ],
    "train_accs": [
        39.566,
        55.746,
        63.536,
        68.398,
        71.696,
        74.288,
        76.36,
        77.556,
        79.002,
        79.874,
        80.946,
        81.706,
        82.628,
        83.392,
        84.07,
        84.564,
        85.35,
        85.62,
        86.144,
        86.742,
        87.384,
        87.594,
        88.074,
        88.118,
        88.462,
        89.092,
        89.418,
        89.65,
        89.952,
        90.052,
        90.468,
        90.648,
        90.726,
        91.172,
        91.404,
        91.66,
        91.556,
        92.006,
        92.144,
        92.24,
        92.534,
        92.72,
        92.674,
        93.034,
        93.096,
        93.226,
        93.412,
        93.484,
        93.546,
        93.622,
        93.724,
        94.09,
        93.974,
        94.196,
        94.304,
        94.148,
        94.536,
        94.428,
        94.666,
        94.6,
        94.786,
        95.056
    ],
    "test_acc": [
        52.57,
        61.27,
        68.79,
        72.98,
        74.31,
        71.11,
        76.78,
        77.41,
        75.08,
        78.57,
        80.0,
        81.31,
        81.29,
        81.71,
        82.25,
        82.19,
        82.48,
        82.14,
        82.1,
        81.52,
        83.39,
        83.42,
        82.96,
        83.05,
        82.37,
        82.92,
        83.98,
        83.73,
        83.94,
        84.05,
        84.52,
        84.37,
        85.06,
        84.9,
        83.74,
        83.95,
        84.63,
        84.32,
        84.21,
        83.12,
        84.15,
        84.81,
        83.79,
        84.69,
        84.51,
        85.0,
        85.15,
        84.17,
        84.78,
        84.8,
        84.54,
        84.5,
        84.43,
        85.38,
        85.01,
        84.42,
        84.27,
        84.04,
        84.51,
        84.98,
        85.42,
        84.91
    ],