{
    "train_losses": [
        0.013054282596111298,
        0.009960920460224152,
        0.008251933583021164,
        0.007170503802299499,
        0.006363333650827408,
        0.00584575388610363,
        0.005467360859513283,
        0.005177878257632255,
        0.004866886967420578,
        0.0045934933733940125,
        0.0043956773614883425,
        0.004218595845103264,
        0.004021603256464005,
        0.003867688235640526,
        0.0037462426352500916,
        0.003599940207004547,
        0.0034426924526691437,
        0.0033543382534384726,
        0.003247036863863468,
        0.003133299679458141,
        0.0030631659623980524,
        0.0029632672065496445,
        0.002849256148636341,
        0.002802781728208065,
        0.002737410480082035,
        0.0026596031668782234,
        0.0025682137149572373,
        0.0025224861961603163,
        0.0024073720636963846,
        0.0023839170157909395,
        0.002354200429916382,
        0.00227117116317153,
        0.0022143654969334603,
        0.00214476143270731,
        0.002085939691364765,
        0.0020674184927344324,
        0.00200854748532176,
        0.0020017527073621748,
        0.0019461087374389172,
        0.0019188771930336952,
        0.0018870562455058097,
        0.001850771535784006,
        0.0018168824015557766,
        0.001742893090993166,
        0.001743665187060833,
        0.0017152668723464013,
        0.0016532339245080947,
        0.0016465453106164932,
        0.001593466340303421,
        0.0015890341497957706,
        0.0015478812208771706,
        0.0014798924451321362,
        0.0015081390097737312,
        0.001482381359115243,
        0.0014517401415109635,
        0.001440264041274786,
        0.0014246527732908725,
        0.0013772058863937855,
        0.001346758289784193,
        0.0013233034539222718,
        0.001302883547693491,
        0.0013095949622243643,
        0.0012672825487703085,
        0.0012711274568736554,
        0.001241591394022107,
        0.0012339750881493093,
        0.0012135541027039288,
        0.0012292204650491477,
        0.0011789496472477913,
        0.00118040712043643,
        0.0011674938955903054,
        0.0011352892065420747,
        0.001100259052067995
    ],
    "test_losses": [
        0.010255794179439545,
        0.008188353204727173,
        0.007237728643417358,
        0.006091823595762253,
        0.006436309444904327,
        0.005957388907670975,
        0.005078222712874413,
        0.004874324160814286,
        0.00511746253669262,
        0.004916612228751183,
        0.005102090045809746,
        0.004629402437806129,
        0.004505846238136292,
        0.004415639290213585,
        0.004464669343829155,
        0.004620973753929138,
        0.00484882515668869,
        0.004421739158034324,
        0.004427916800975799,
        0.0040735496729612354,
        0.0044721121191978455,
        0.004620691120624542,
        0.004188551622629166,
        0.004703242218494415,
        0.004290485468506813,
        0.0043384621262550355,
        0.00414707273542881,
        0.004269581186771393,
        0.004125542259216308,
        0.004290906810760498,
        0.004259769730269909,
        0.004301480668783188,
        0.00436385523378849,
        0.00433986644744873,
        0.0045212253689765934,
        0.004519974380731583,
        0.004613041588664055,
        0.004597530764341354,
        0.004604116782546044,
        0.004510646396875382,
        0.004640870174765587,
        0.004547970741987229,
        0.004826355883479118,
        0.004492455314099789,
        0.0045075379192829135,
        0.00477645543217659,
        0.004553030842542648,
        0.004686587938666343,
        0.00471523939371109,
        0.004958368638157845,
        0.004609377263486385,
        0.004778599587082863,
        0.004824231027066707,
        0.005003514131903648,
        0.004908031262457371,
        0.0048703913480043414,
        0.005002844154834748,
        0.004919801470637321,
        0.0051359939336776735,
        0.005223757728934288,
        0.004931576855480671,
        0.004976660779118538,
        0.005155378217995167,
        0.0050605575591325756,
        0.0051397484868764875,
        0.004919853761792183,
        0.0049834355652332305,
        0.005001934696733951,
        0.005152036237716675,
        0.004993560275435448,
        0.0052142028301954265,
        0.005220697313547134,
        0.005446536913514138
    ],
    "train_errs": [
        61.212,
        45.518,
        37.342,
        32.344,
        28.548,
        26.284,
        24.442,
        23.188,
        21.848,
        20.64,
        19.682,
        18.884,
        18.062,
        17.33,
        16.74,
        16.184,
        15.488,
        14.896,
        14.624,
        14.1,
        13.752,
        13.36,
        12.712,
        12.478,
        12.12,
        12.116,
        11.642,
        11.322,
        10.716,
        10.698,
        10.67,
        10.382,
        9.966,
        9.704,
        9.502,
        9.308,
        8.962,
        8.93,
        8.768,
        8.61,
        8.448,
        8.402,
        8.072,
        7.892,
        7.742,
        7.73,
        7.482,
        7.546,
        7.174,
        7.154,
        6.944,
        6.746,
        6.782,
        6.586,
        6.514,
        6.448,
        6.432,
        6.138,
        5.974,
        5.97,
        6.018,
        5.888,
        5.78,
        5.826,
        5.654,
        5.576,
        5.292,
        5.528,
        5.342,
        5.232,
        5.31,
        5.132,
        4.97
    ],
    "test_errs": [
        46.52,
        36.24,
        32.36,
        26.56,
        27.52,
        25.23,
        21.89,
        21.22,
        22.35,
        21.02,
        21.9,
        19.34,
        19.31,
        18.59,
        18.86,
        19.78,
        19.6,
        18.23,
        18.68,
        16.85,
        18.36,
        18.44,
        16.81,
        18.5,
        16.91,
        17.36,
        16.26,
        16.92,
        16.0,
        16.28,
        16.38,
        16.21,
        15.91,
        16.49,
        16.38,
        16.04,
        15.85,
        16.32,
        16.43,
        16.11,
        16.09,
        15.74,
        16.81,
        15.57,
        15.86,
        16.11,
        15.03,
        15.41,
        15.62,
        16.35,
        15.75,
        15.12,
        16.24,
        16.16,
        15.51,
        15.57,
        15.24,
        15.33,
        16.73,
        16.17,
        15.24,
        15.63,
        15.75,
        15.22,
        15.81,
        15.16,
        15.46,
        15.2,
        15.77,
        15.32,
        15.32,
        15.8,
        15.81
    ],
    "train_accs": [
        38.788,
        54.482,
        62.658,
        67.656,
        71.452,
        73.716,
        75.558,
        76.812,
        78.152,
        79.36,
        80.318,
        81.116,
        81.938,
        82.67,
        83.26,
        83.816,
        84.512,
        85.104,
        85.376,
        85.9,
        86.248,
        86.64,
        87.288,
        87.522,
        87.88,
        87.884,
        88.358,
        88.678,
        89.284,
        89.302,
        89.33,
        89.618,
        90.034,
        90.296,
        90.498,
        90.692,
        91.038,
        91.07,
        91.232,
        91.39,
        91.552,
        91.598,
        91.928,
        92.108,
        92.258,
        92.27,
        92.518,
        92.454,
        92.826,
        92.846,
        93.056,
        93.254,
        93.218,
        93.414,
        93.486,
        93.552,
        93.568,
        93.862,
        94.026,
        94.03,
        93.982,
        94.112,
        94.22,
        94.174,
        94.346,
        94.424,
        94.708,
        94.472,
        94.658,
        94.768,
        94.69,
        94.868,
        95.03
    ],