{
    "train_losses": [
        0.012935169882774353,
        0.009720656461715698,
        0.007989684205055237,
        0.006878203295469284,
        0.00622220200419426,
        0.005686614081263542,
        0.005244520103335381,
        0.004907415294051171,
        0.004645657762289047,
        0.00440742633998394,
        0.004173658720850944,
        0.003993673616051674,
        0.0037701918864250185,
        0.0036400962388515473,
        0.003486517479121685,
        0.0033872157308459283,
        0.0032652555555105207,
        0.0030941053035855293,
        0.0030079676747322083,
        0.0028594950234889986,
        0.002757372741997242,
        0.0027006064784526823,
        0.00260404855966568,
        0.002529387604892254,
        0.0024297321504354475,
        0.0023802831226587295,
        0.0022817816093564035,
        0.0022388252145051956,
        0.0021811504289507865,
        0.002133239411711693,
        0.0020711627270281314,
        0.002014241684824228,
        0.0019799413438141345,
        0.0018721097393333912,
        0.001838836376965046,
        0.0018060542558133602,
        0.0017833845621347427,
        0.0017284610156714916,
        0.0016938441587984563,
        0.0016423980882763862,
        0.001657712196856737,
        0.0015582798175513743,
        0.0015528593677282332,
        0.0015022601440548896,
        0.0014906926916539668,
        0.0014637380906939506,
        0.0014477315796911716,
        0.0014020642895996571,
        0.0013554918555915357,
        0.001375190893113613,
        0.0013287417966872453,
        0.0013087905666232108,
        0.0012660032906383276,
        0.001248322036191821,
        0.0012580695600807666,
        0.0012119831562787294,
        0.0011576973289996386,
        0.0011780578062683344,
        0.001175679271221161,
        0.001131024772748351,
        0.0011401348608732224,
        0.0011013644796609879
    ],
    "test_losses": [
        0.01084521450996399,
        0.00809521967768669,
        0.006796232408285141,
        0.006764516562223434,
        0.005638707515597343,
        0.005849305188655853,
        0.0051078507125377655,
        0.0046968854159116745,
        0.004964328083395958,
        0.00463515068590641,
        0.004863843253254891,
        0.004293654724955559,
        0.004684761011600494,
        0.00429004979133606,
        0.004413465842604637,
        0.0044579599112272265,
        0.004287433397769928,
        0.004278138184547424,
        0.004127501571178437,
        0.004243270987272263,
        0.004615954518318176,
        0.004116095298528672,
        0.004336229610443115,
        0.004205315935611725,
        0.0042367146313190465,
        0.004172191461920738,
        0.004405337718129158,
        0.0046950263291597365,
        0.004562168455123901,
        0.004119411134719849,
        0.004133962723612786,
        0.004205102643370628,
        0.004246634563803673,
        0.00445906982421875,
        0.0042819929957389835,
        0.004612340596318245,
        0.004437485021352768,
        0.004703539355099201,
        0.0043381855815649035,
        0.004429943495988846,
        0.004098708325624466,
        0.004290685373544693,
        0.004413443660736084,
        0.004463736057281494,
        0.004575119417905807,
        0.0043870768815279,
        0.005023304125666619,
        0.0044979035437107085,
        0.004726409943401813,
        0.0047480989545583725,
        0.004429459434747696,
        0.004531070798635483,
        0.004681192225217819,
        0.004589921680092811,
        0.004494254070520401,
        0.004552014997601509,
        0.004999217563867569,
        0.004572997650504112,
        0.004826630865037441,
        0.004678768548369408,
        0.004902784010767936,
        0.004674496372044087
    ],
    "train_errs": [
        60.548,
        44.484,
        36.368,
        30.92,
        27.812,
        25.41,
        23.62,
        22.098,
        20.832,
        19.872,
        18.618,
        18.004,
        16.83,
        16.362,
        15.428,
        15.11,
        14.49,
        13.74,
        13.394,
        12.986,
        12.432,
        12.07,
        11.67,
        11.388,
        10.912,
        10.694,
        10.2,
        10.096,
        9.8,
        9.586,
        9.316,
        9.138,
        8.798,
        8.438,
        8.218,
        7.99,
        8.012,
        7.718,
        7.638,
        7.364,
        7.342,
        6.994,
        7.002,
        6.792,
        6.68,
        6.596,
        6.552,
        6.262,
        6.104,
        6.15,
        6.016,
        5.824,
        5.622,
        5.69,
        5.684,
        5.356,
        5.188,
        5.258,
        5.262,
        5.174,
        5.238,
        4.902
    ],
    "test_errs": [
        50.62,
        36.54,
        30.37,
        29.21,
        24.77,
        25.57,
        22.35,
        20.36,
        21.43,
        19.68,
        21.04,
        18.43,
        19.87,
        17.9,
        18.35,
        18.69,
        17.42,
        17.98,
        17.11,
        17.49,
        18.35,
        16.39,
        16.63,
        16.74,
        16.38,
        16.53,
        16.34,
        17.55,
        16.92,
        15.31,
        15.57,
        15.29,
        15.91,
        15.84,
        15.58,
        16.09,
        16.03,
        16.47,
        15.12,
        15.63,
        14.67,
        14.64,
        15.37,
        15.43,
        15.68,
        15.11,
        16.6,
        15.43,
        15.52,
        15.72,
        14.53,
        14.67,
        14.68,
        14.64,
        14.37,
        14.71,
        15.62,
        14.22,
        14.93,
        13.97,
        15.06,
        14.63
    ],
    "train_accs": [
        39.452,
        55.516,
        63.632,
        69.08,
        72.188,
        74.59,
        76.38,
        77.902,
        79.168,
        80.128,
        81.382,
        81.996,
        83.17,
        83.638,
        84.572,
        84.89,
        85.51,
        86.26,
        86.606,
        87.014,
        87.568,
        87.93,
        88.33,
        88.612,
        89.088,
        89.306,
        89.8,
        89.904,
        90.2,
        90.414,
        90.684,
        90.862,
        91.202,
        91.562,
        91.782,
        92.01,
        91.988,
        92.282,
        92.362,
        92.636,
        92.658,
        93.006,
        92.998,
        93.208,
        93.32,
        93.404,
        93.448,
        93.738,
        93.896,
        93.85,
        93.984,
        94.176,
        94.378,
        94.31,
        94.316,
        94.644,
        94.812,
        94.742,
        94.738,
        94.826,
        94.762,
        95.098
    ],
    "test_acc": [
        49.38,
        63.46,
        69.63,
        70.79,
        75.23,
        74.43,
        77.65,
        79.64,
        78.57,
        80.32,
        78.96,
        81.57,
        80.13,
        82.1,
        81.65,
        81.31,
        82.58,
        82.02,
        82.89,
        82.51,
        81.65,
        83.61,
        83.37,
        83.26,
        83.62,
        83.47,
        83.66,
        82.45,
        83.08,
        84.69,
        84.43,
        84.71,
        84.09,
        84.16,
        84.42,
        83.91,
        83.97,
        83.53,
        84.88,
        84.37,
        85.33,
        85.36,
        84.63,
        84.57,
        84.32,
        84.89,
        83.4,
        84.57,
        84.48,
        84.28,
        85.47,
        85.33,
        85.32,
        85.36,
        85.63,
        85.29,
        84.38,
        85.78,
        85.07,
        86.03,
        84.94,
        85.37
    ],