{
    "train_losses": [
        0.012782542397975922,
        0.009436491738557816,
        0.007860936297178269,
        0.006804564166069031,
        0.006161323781013489,
        0.00564434918999672,
        0.005239911680817604,
        0.004910107527375221,
        0.004599439452290535,
        0.00436389719069004,
        0.004168693044781685,
        0.0039295889222621914,
        0.003779011150598526,
        0.0036306939488649367,
        0.003440647723376751,
        0.003334251578450203,
        0.003219665693640709,
        0.0031138186490535734,
        0.0030084114599227907,
        0.0029246925315260888,
        0.002822030147612095,
        0.002723249286711216,
        0.002622038058638573,
        0.0025298014621436596,
        0.002449241727292538,
        0.0023920341861248017,
        0.002304728988111019,
        0.002267218529880047,
        0.0022121275183558465,
        0.0021279431650042535,
        0.0020967808286845684,
        0.002038693442493677,
        0.001973688145428896,
        0.0019475178565084934,
        0.0018790760144591332,
        0.0018380126233398914,
        0.0017990322282910346,
        0.0017894577191770076,
        0.0016789119081199169,
        0.0016914888736605644,
        0.0016595354691147804,
        0.0016239182332158089,
        0.0016006884551048278,
        0.0015599211509525776,
        0.0015210053680837154,
        0.0014213921727985143,
        0.0014701750205457212,
        0.0014069193769991398,
        0.0013761697100847959,
        0.0013619377714395523,
        0.001351757092922926,
        0.0013183848048746586,
        0.0012791446383297444,
        0.0012888815942406655,
        0.0013159324526786805,
        0.0012603345427662134,
        0.0012321996845304965,
        0.0012274549823999405,
        0.0012078966474533082,
        0.00115779473811388,
        0.001151621544882655,
        0.0011263625960052012,
        0.0010931910048425197
    ],
    "test_losses": [
        0.010642612528800964,
        0.008215501934289932,
        0.00643472521007061,
        0.006269770312309265,
        0.007003050273656845,
        0.0059769611209630966,
        0.0055083120077848435,
        0.0051600120365619655,
        0.004641744470596313,
        0.004624237823486328,
        0.005388272643089295,
        0.004998840814828873,
        0.004325111144781113,
        0.004361132797598839,
        0.004410516294836998,
        0.004439476177096367,
        0.004068296028673648,
        0.004279187482595444,
        0.004173073172569275,
        0.00459133503139019,
        0.004403633594512939,
        0.004450280895829201,
        0.004194545766711235,
        0.004252026414871215,
        0.004300485941767692,
        0.004377674742043018,
        0.004234385965764522,
        0.004025956079363823,
        0.004096853330731392,
        0.004488062238693237,
        0.0043660112351179125,
        0.004290861338376999,
        0.004885148403048515,
        0.004184143254160881,
        0.004527034178376198,
        0.004303642711043358,
        0.004608151257038116,
        0.004443370470404625,
        0.004521061739325523,
        0.004716156974434852,
        0.00452028591632843,
        0.004514110423624516,
        0.004509729535877705,
        0.004621365037560463,
        0.004668545350432396,
        0.0046319469198584555,
        0.0047132210701704026,
        0.004503016065061092,
        0.0048387162998318675,
        0.004484297201037407,
        0.004636454237997532,
        0.004681473278999328,
        0.00458387451171875,
        0.004839857098460198,
        0.004603883334994316,
        0.004703431636095047,
        0.004847872097790242,
        0.004964263927936554,
        0.004827530151605606,
        0.004934837836027145,
        0.005264037398993969,
        0.004837536182999611,
        0.005284447604417801
    ],
    "train_errs": [
        59.482,
        43.204,
        35.826,
        30.738,
        27.694,
        25.218,
        23.366,
        21.976,
        20.692,
        19.582,
        18.474,
        17.668,
        16.912,
        16.196,
        15.406,
        15.056,
        14.394,
        13.826,
        13.296,
        13.096,
        12.776,
        12.3,
        11.744,
        11.268,
        10.996,
        10.778,
        10.396,
        10.374,
        9.994,
        9.586,
        9.54,
        9.302,
        8.912,
        8.778,
        8.486,
        8.302,
        8.08,
        8.064,
        7.632,
        7.606,
        7.378,
        7.344,
        7.262,
        6.958,
        6.902,
        6.538,
        6.592,
        6.452,
        6.172,
        6.168,
        6.056,
        5.89,
        5.74,
        5.804,
        5.948,
        5.584,
        5.646,
        5.628,
        5.44,
        5.182,
        5.104,
        5.024,
        4.856
    ],
    "test_errs": [
        49.51,
        36.72,
        28.44,
        27.25,
        30.28,
        26.1,
        23.8,
        22.25,
        20.23,
        19.46,
        23.15,
        20.81,
        18.23,
        18.01,
        17.99,
        18.55,
        16.75,
        17.75,
        16.86,
        18.22,
        16.83,
        17.05,
        16.72,
        16.2,
        17.33,
        16.29,
        16.16,
        15.3,
        15.35,
        16.48,
        15.17,
        16.05,
        17.45,
        15.01,
        15.93,
        15.35,
        16.28,
        16.09,
        15.39,
        16.8,
        15.55,
        15.51,
        15.5,
        15.51,
        15.91,
        15.79,
        15.92,
        15.26,
        15.55,
        15.33,
        15.41,
        15.23,
        14.9,
        15.44,
        15.46,
        15.17,
        15.24,
        15.78,
        15.66,
        15.32,
        15.75,
        15.17,
        15.47
    ],
    "train_accs": [
        40.518,
        56.796,
        64.174,
        69.262,
        72.306,
        74.782,
        76.634,
        78.024,
        79.308,
        80.418,
        81.526,
        82.332,
        83.088,
        83.804,
        84.594,
        84.944,
        85.606,
        86.174,
        86.704,
        86.904,
        87.224,
        87.7,
        88.256,
        88.732,
        89.004,
        89.222,
        89.604,
        89.626,
        90.006,
        90.414,
        90.46,
        90.698,
        91.088,
        91.222,
        91.514,
        91.698,
        91.92,
        91.936,
        92.368,
        92.394,
        92.622,
        92.656,
        92.738,
        93.042,
        93.098,
        93.462,
        93.408,
        93.548,
        93.828,
        93.832,
        93.944,
        94.11,
        94.26,
        94.196,
        94.052,
        94.416,
        94.354,
        94.372,
        94.56,
        94.818,
        94.896,
        94.976,
        95.144
    ],
    "test_acc": [
        50.49,
        63.28,
        71.56,
        72.75,
        69.72,
        73.9,
        76.2,
        77.75,
        79.77,
        80.54,
        76.85,
        79.19,
        81.77,
        81.99,
        82.01,
        81.45,
        83.25,
        82.25,
        83.14,
        81.78,
        83.17,
        82.95,
        83.28,
        83.8,
        82.67,
        83.71,
        83.84,
        84.7,
        84.65,
        83.52,
        84.83,
        83.95,
        82.55,
        84.99,
        84.07,
        84.65,
        83.72,
        83.91,
        84.61,
        83.2,
        84.45,
        84.49,
        84.5,
        84.49,
        84.09,
        84.21,
        84.08,
        84.74,
        84.45,
        84.67,
        84.59,
        84.77,
        85.1,
        84.56,
        84.54,
        84.83,
        84.76,
        84.22,
        84.34,
        84.68,
        84.25,
        84.83,
        84.53
    ],