{
    "train_losses": [
        0.012841391534805298,
        0.009644264404773712,
        0.0080330948138237,
        0.007022309699058532,
        0.0062696327054500576,
        0.005688440117835998,
        0.005381797216534615,
        0.0050059247279167175,
        0.004719698847532272,
        0.004480865959525108,
        0.004255673335194588,
        0.004066422822475433,
        0.0038897079223394393,
        0.0037092377918958664,
        0.0036129728996753692,
        0.0034570600867271425,
        0.0033317969834804535,
        0.0032171274650096894,
        0.0030747986578941347,
        0.002992646872103214,
        0.0028776645210385325,
        0.0027708399567008017,
        0.00271570598423481,
        0.002633450300693512,
        0.0025446626991033556,
        0.002473992238640785,
        0.00239695156365633,
        0.0023269898542761804,
        0.002279595013856888,
        0.002207442118227482,
        0.0021464189772307874,
        0.002097056984305382,
        0.0020421063075959684,
        0.001981265724003315,
        0.001950175724476576,
        0.0019184438449144363,
        0.0018647614045441152,
        0.0018387552568316459,
        0.001783406186401844,
        0.0017307703098654746,
        0.0017323021920025348,
        0.0016502685441076755,
        0.001659475309550762,
        0.0015919717222452163,
        0.0015521372190862893,
        0.0015629290494322777,
        0.0014854901230335236,
        0.0014525314904749393,
        0.0014729698636382817,
        0.0014208084307610988,
        0.0013544456860423088,
        0.0013760694493353367,
        0.0013576977964490653,
        0.0012855814161151647,
        0.0012858956328779458,
        0.0012417027508467436,
        0.0012605640104413032,
        0.0012668330083042384,
        0.0012468920700252056,
        0.0012170728344470263,
        0.00114403659068048,
        0.0011634459055960178,
        0.0011499757953733205,
        0.001140919421389699,
        0.0011193949329853059
    ],
    "test_losses": [
        0.010455820631980896,
        0.008050865137577056,
        0.007425187242031097,
        0.006521775037050247,
        0.0065031629025936125,
        0.00585229420363903,
        0.0053453582912683486,
        0.005132334038615227,
        0.005344240859150887,
        0.004594039449095726,
        0.0049706027805805205,
        0.004775187429785728,
        0.004321677184104919,
        0.004721208444237709,
        0.0045491015046834945,
        0.004217894944548607,
        0.003955973359942436,
        0.004136906144022941,
        0.003939507895708084,
        0.004326834338903427,
        0.004155851581692695,
        0.004000585217773914,
        0.004127286133170128,
        0.004218858602643013,
        0.00409014935195446,
        0.004121712031960488,
        0.004658351165056229,
        0.00412282202988863,
        0.004140403638780117,
        0.004635963073372841,
        0.004029988560080528,
        0.0041265234902501105,
        0.005289161378145218,
        0.004694959774613381,
        0.004126848259568215,
        0.004246157059073448,
        0.004255313767492771,
        0.004347260317206383,
        0.004058319702744484,
        0.004279836109280586,
        0.004224974478781223,
        0.004806319969892502,
        0.004274535170197487,
        0.004445542258024216,
        0.00450055173933506,
        0.004604620815813541,
        0.004310981348156929,
        0.004253878402709961,
        0.004766328997910023,
        0.004360991194844246,
        0.004948284640908241,
        0.004409520694613457,
        0.004639955675601959,
        0.004731003552675247,
        0.004598076203465462,
        0.004928188580274582,
        0.004775126498937607,
        0.004855639672279358,
        0.004628520119190216,
        0.004765797331929207,
        0.004760237458348274,
        0.004831031921505928,
        0.004758931410312653,
        0.004754451087117195,
        0.005024835622310639
    ],
    "train_errs": [
        60.11,
        44.368,
        36.362,
        31.53,
        28.232,
        25.388,
        24.102,
        22.518,
        21.216,
        19.996,
        19.006,
        18.148,
        17.508,
        16.332,
        16.238,
        15.592,
        14.906,
        14.236,
        13.726,
        13.308,
        12.9,
        12.518,
        12.418,
        11.71,
        11.502,
        11.13,
        10.738,
        10.524,
        10.216,
        9.886,
        9.644,
        9.448,
        9.224,
        8.99,
        8.976,
        8.726,
        8.372,
        8.486,
        8.048,
        7.776,
        7.784,
        7.444,
        7.332,
        7.244,
        6.872,
        6.926,
        6.78,
        6.63,
        6.662,
        6.382,
        5.942,
        6.134,
        6.178,
        5.696,
        5.688,
        5.644,
        5.776,
        5.71,
        5.514,
        5.476,
        5.17,
        5.16,
        5.126,
        5.084,
        4.938
    ],
    "test_errs": [
        48.87,
        36.3,
        32.89,
        28.28,
        28.52,
        25.21,
        22.91,
        22.33,
        22.95,
        19.89,
        21.83,
        20.6,
        18.71,
        19.7,
        18.85,
        17.53,
        16.55,
        17.13,
        16.53,
        17.18,
        16.83,
        15.72,
        16.64,
        16.45,
        16.04,
        16.13,
        17.95,
        15.85,
        15.79,
        17.33,
        14.91,
        15.69,
        18.38,
        16.6,
        15.09,
        15.52,
        15.23,
        15.13,
        14.47,
        15.55,
        14.69,
        16.5,
        14.81,
        15.43,
        15.38,
        15.71,
        14.81,
        14.66,
        15.96,
        14.59,
        15.97,
        14.56,
        15.11,
        15.02,
        14.95,
        15.1,
        14.69,
        15.21,
        14.45,
        14.86,
        14.79,
        14.95,
        14.95,
        14.56,
        15.04
    ],
    "train_accs": [
        39.89,
        55.632,
        63.638,
        68.47,
        71.768,
        74.612,
        75.898,
        77.482,
        78.784,
        80.004,
        80.994,
        81.852,
        82.492,
        83.668,
        83.762,
        84.408,
        85.094,
        85.764,
        86.274,
        86.692,
        87.1,
        87.482,
        87.582,
        88.29,
        88.498,
        88.87,
        89.262,
        89.476,
        89.784,
        90.114,
        90.356,
        90.552,
        90.776,
        91.01,
        91.024,
        91.274,
        91.628,
        91.514,
        91.952,
        92.224,
        92.216,
        92.556,
        92.668,
        92.756,
        93.128,
        93.074,
        93.22,
        93.37,
        93.338,
        93.618,
        94.058,
        93.866,
        93.822,
        94.304,
        94.312,
        94.356,
        94.224,
        94.29,
        94.486,
        94.524,
        94.83,
        94.84,
        94.874,
        94.916,
        95.062
    ],