{
    "train_losses": [
        0.0129702912068367,
        0.009650421056747436,
        0.00800956415772438,
        0.006958436884880066,
        0.0063362660765647885,
        0.005794316554069519,
        0.005388896342515945,
        0.00508007847070694,
        0.004768188685178757,
        0.004517468906641006,
        0.004305715296864509,
        0.004087040410041809,
        0.0039431406152248384,
        0.0037603006455302237,
        0.003583672128915787,
        0.0034810360622406005,
        0.0033377470549941063,
        0.0032610634100437162,
        0.003123627359867096,
        0.00301894742667675,
        0.0029164677920937537,
        0.0028182897180318834,
        0.002731006768345833,
        0.002634603114724159,
        0.002547790567278862,
        0.0025275941196084024,
        0.0024509811702370645,
        0.0023722636756300926,
        0.0022854366084933283,
        0.002233860107064247,
        0.002177866108417511,
        0.002142298865020275,
        0.0020848744329810143,
        0.002013400643914938,
        0.0019825018283724785,
        0.0019315549622476102,
        0.0019114369553327561,
        0.001817409896105528,
        0.0018066411140561104,
        0.0017323925597965716,
        0.0017359774442017078,
        0.0016362251769006253,
        0.001678408326804638,
        0.0016076141637563705,
        0.0016070557782053947,
        0.0015472283834218978,
        0.0015366239089518786,
        0.0015519894641637803,
        0.0014734540435671806,
        0.0014123001304268837,
        0.0014239423634856939,
        0.0014170536236464977,
        0.0013589523874223232,
        0.001358799781948328,
        0.0013290298178046942,
        0.0012557492659986018,
        0.0013069932067394257,
        0.0012608665599673986,
        0.0012262036272138357,
        0.0012346948441118001,
        0.0012005215618759394,
        0.0012002931655198336,
        0.001145212194249034,
        0.0011397550473362208,
        0.0011297870019078254,
        0.0011090543208271265
    ],
    "test_losses": [
        0.01089977239370346,
        0.007968994683027267,
        0.006769073951244355,
        0.00685414565205574,
        0.005957619547843933,
        0.005481696742773056,
        0.0057424753487110135,
        0.005007703086733818,
        0.004747885194420815,
        0.004623178362846375,
        0.004531920048594475,
        0.004330714640021324,
        0.004754582792520523,
        0.004229271748661995,
        0.004204492217302323,
        0.004290571936964989,
        0.004163426619768143,
        0.004696810892224312,
        0.004002031189203262,
        0.004359083572030067,
        0.004549064746499062,
        0.004543046206235885,
        0.004140559449791908,
        0.003953833338618279,
        0.004635511401295662,
        0.0043243016809225085,
        0.0044066594868898395,
        0.004168735203146935,
        0.004033559921383858,
        0.00415078284740448,
        0.00430003405213356,
        0.004255944871902466,
        0.0043167080074548725,
        0.004336413887143135,
        0.004535520532727241,
        0.004288536658883095,
        0.00426298236399889,
        0.005833945938944817,
        0.004331644967198372,
        0.004533922177553177,
        0.004385591778159142,
        0.00453348463177681,
        0.0044164554446935655,
        0.0046424394816160204,
        0.0044827836573123935,
        0.004594613841176033,
        0.004690594151616097,
        0.004571811729669571,
        0.0044174398481845855,
        0.004673295256495476,
        0.004632277607917785,
        0.004556973138451576,
        0.004701502966880798,
        0.004566679522395134,
        0.004591600644588471,
        0.005513136258721352,
        0.004890316632390022,
        0.0047725826621055605,
        0.004873190903663636,
        0.004794277647137642,
        0.0048294579207897185,
        0.00481525776386261,
        0.004841047930717469,
        0.004753883102536201,
        0.004916992238163948,
        0.004934934869408608
    ],
    "train_errs": [
        60.612,
        44.158,
        36.112,
        31.466,
        28.274,
        25.824,
        24.036,
        22.676,
        21.314,
        20.318,
        19.392,
        18.404,
        17.586,
        16.882,
        15.972,
        15.38,
        14.762,
        14.432,
        13.872,
        13.544,
        13.11,
        12.666,
        12.316,
        11.9,
        11.41,
        11.242,
        11.098,
        10.698,
        10.356,
        10.086,
        9.78,
        9.554,
        9.338,
        9.076,
        8.786,
        8.726,
        8.556,
        8.104,
        8.088,
        7.796,
        7.788,
        7.416,
        7.572,
        7.208,
        7.174,
        6.882,
        6.984,
        7.068,
        6.628,
        6.45,
        6.392,
        6.444,
        6.056,
        6.05,
        5.892,
        5.708,
        5.942,
        5.76,
        5.446,
        5.476,
        5.402,
        5.364,
        5.08,
        5.158,
        5.12,
        4.932
    ],
    "test_errs": [
        50.89,
        35.66,
        29.99,
        29.53,
        26.6,
        23.41,
        24.01,
        21.83,
        20.74,
        20.03,
        19.68,
        18.3,
        20.09,
        18.38,
        17.93,
        18.21,
        16.75,
        19.53,
        16.52,
        17.45,
        17.72,
        18.15,
        16.88,
        15.35,
        18.2,
        16.49,
        17.15,
        15.82,
        15.66,
        15.91,
        16.0,
        15.73,
        15.53,
        15.92,
        16.46,
        15.5,
        15.36,
        18.84,
        15.16,
        15.85,
        15.2,
        15.44,
        15.19,
        15.22,
        15.5,
        15.18,
        15.87,
        15.73,
        14.96,
        14.71,
        15.52,
        14.79,
        15.4,
        14.56,
        15.55,
        17.11,
        15.13,
        15.02,
        14.74,
        14.95,
        15.19,
        15.07,
        15.1,
        14.7,
        15.13,
        14.46
    ],
    "train_accs": [
        39.388,
        55.842,
        63.888,
        68.534,
        71.726,
        74.176,
        75.964,
        77.324,
        78.686,
        79.682,
        80.608,
        81.596,
        82.414,
        83.118,
        84.028,
        84.62,
        85.238,
        85.568,
        86.128,
        86.456,
        86.89,
        87.334,
        87.684,
        88.1,
        88.59,
        88.758,
        88.902,
        89.302,
        89.644,
        89.914,
        90.22,
        90.446,
        90.662,
        90.924,
        91.214,
        91.274,
        91.444,
        91.896,
        91.912,
        92.204,
        92.212,
        92.584,
        92.428,
        92.792,
        92.826,
        93.118,
        93.016,
        92.932,
        93.372,
        93.55,
        93.608,
        93.556,
        93.944,
        93.95,
        94.108,
        94.292,
        94.058,
        94.24,
        94.554,
        94.524,
        94.598,
        94.636,
        94.92,
        94.842,
        94.88,
        95.068
    ],