{
    "train_losses": [
        0.012843035302162171,
        0.009631340665817261,
        0.007907958952188493,
        0.00688950148820877,
        0.006213741179704666,
        0.005701635748147965,
        0.005310167194008827,
        0.004943176947236061,
        0.004664732626676559,
        0.004389760367274284,
        0.004229912195801735,
        0.004027898105978965,
        0.003832689197063446,
        0.0036313331121206284,
        0.003485771994292736,
        0.003385009849667549,
        0.0032327171778678892,
        0.003119401151239872,
        0.002978146030306816,
        0.0029055035358667375,
        0.0027977231353521347,
        0.002735502983033657,
        0.0026297737598419187,
        0.002550759927034378,
        0.0024954615768790246,
        0.0023933742725849153,
        0.0023595081627368927,
        0.002253840484023094,
        0.002239624870121479,
        0.0021555545012652876,
        0.002097096912264824,
        0.0020219028624892236,
        0.00199751805216074,
        0.0019574033078551293,
        0.0018991785895824433,
        0.0018309885236620902,
        0.0017960697045922278,
        0.0017856950722634792,
        0.0017331170904636383,
        0.0016515238881111146,
        0.0016334809447824956,
        0.0016017024256289006,
        0.0016101739837229253,
        0.0015679436546564103,
        0.0014970411913096905,
        0.0015071492121368647,
        0.0014264282822608948,
        0.0013887028016895055,
        0.0014158166020363568,
        0.001372043233141303,
        0.0013276297621428966,
        0.0013328255202621222,
        0.0012704551158845424,
        0.0012803536435216664,
        0.0012514042580127715,
        0.001228048659861088,
        0.0012198614084720611,
        0.0012087910211831332,
        0.0011671064845472574,
        0.0011744618867710233,
        0.0011227484814822675
    ],
    "test_losses": [
        0.010827684271335602,
        0.008707758516073227,
        0.007529855740070343,
        0.006445610225200653,
        0.005732874667644501,
        0.005603141269087792,
        0.005935668325424194,
        0.004895142322778702,
        0.004598890295624733,
        0.004701944741606712,
        0.004893710580468178,
        0.004781442505121231,
        0.004215115630626679,
        0.004399334561824799,
        0.004342395344376564,
        0.004202773196995259,
        0.004471236410737038,
        0.0041328678637743,
        0.00422328750193119,
        0.004171399539709091,
        0.004213906478881836,
        0.004382656916975975,
        0.004134766930341721,
        0.004105444315075874,
        0.004191108664870262,
        0.00445034177750349,
        0.004207485294342041,
        0.004378069683909416,
        0.004280598050355911,
        0.004288632465898991,
        0.004348231238126755,
        0.004416756078600884,
        0.004179022376239299,
        0.004325186732411385,
        0.004608164915442467,
        0.004428697755932808,
        0.004441973087191581,
        0.004570832340419292,
        0.00460367129445076,
        0.005207468926906586,
        0.004689665764570236,
        0.004430438816547394,
        0.004584696650505066,
        0.004791129463911056,
        0.004487074980139732,
        0.004513191710412502,
        0.004583353599905968,
        0.004643465262651443,
        0.004530181819200516,
        0.004688280928134918,
        0.0048776834979653355,
        0.004648447212576866,
        0.004858170574903488,
        0.0046806973174214365,
        0.004879011309146881,
        0.004671368846297264,
        0.004794469963014126,
        0.004905605554580688,
        0.005110364297032356,
        0.004748834362626075,
        0.00484625117778778
    ],
    "train_errs": [
        59.724,
        44.044,
        35.698,
        31.252,
        28.018,
        25.54,
        23.794,
        22.158,
        20.788,
        19.658,
        18.742,
        18.034,
        17.184,
        16.268,
        15.43,
        15.282,
        14.29,
        13.85,
        13.406,
        13.032,
        12.672,
        12.328,
        11.68,
        11.404,
        11.164,
        10.748,
        10.66,
        10.04,
        10.076,
        9.666,
        9.424,
        9.21,
        8.988,
        8.912,
        8.662,
        8.082,
        8.226,
        8.082,
        7.87,
        7.448,
        7.184,
        7.13,
        7.228,
        7.124,
        6.712,
        6.756,
        6.478,
        6.226,
        6.37,
        6.134,
        5.956,
        6.0,
        5.676,
        5.66,
        5.604,
        5.54,
        5.458,
        5.398,
        5.306,
        5.276,
        4.988
    ],
    "test_errs": [
        49.15,
        39.36,
        33.46,
        28.79,
        25.0,
        24.73,
        25.82,
        21.37,
        19.53,
        19.98,
        20.33,
        19.62,
        17.4,
        18.34,
        17.48,
        17.46,
        18.33,
        17.41,
        16.96,
        17.12,
        16.84,
        17.98,
        16.37,
        16.06,
        16.58,
        17.63,
        16.67,
        16.6,
        16.31,
        15.99,
        16.39,
        15.72,
        15.96,
        15.99,
        16.26,
        15.98,
        16.61,
        16.13,
        15.67,
        16.95,
        15.64,
        15.49,
        15.31,
        15.97,
        15.11,
        15.38,
        14.96,
        15.4,
        14.59,
        15.28,
        15.79,
        15.25,
        15.54,
        14.82,
        14.93,
        14.67,
        14.79,
        15.54,
        15.67,
        15.23,
        15.24
    ],
    "train_accs": [
        40.276,
        55.956,
        64.302,
        68.748,
        71.982,
        74.46,
        76.206,
        77.842,
        79.212,
        80.342,
        81.258,
        81.966,
        82.816,
        83.732,
        84.57,
        84.718,
        85.71,
        86.15,
        86.594,
        86.968,
        87.328,
        87.672,
        88.32,
        88.596,
        88.836,
        89.252,
        89.34,
        89.96,
        89.924,
        90.334,
        90.576,
        90.79,
        91.012,
        91.088,
        91.338,
        91.918,
        91.774,
        91.918,
        92.13,
        92.552,
        92.816,
        92.87,
        92.772,
        92.876,
        93.288,
        93.244,
        93.522,
        93.774,
        93.63,
        93.866,
        94.044,
        94.0,
        94.324,
        94.34,
        94.396,
        94.46,
        94.542,
        94.602,
        94.694,
        94.724,
        95.012
    ],
    "test_acc": [
        50.85,
        60.64,
        66.54,
        71.21,
        75.0,
        75.27,
        74.18,
        78.63,
        80.47,
        80.02,
        79.67,
        80.38,
        82.6,
        81.66,
        82.52,
        82.54,
        81.67,
        82.59,
        83.04,
        82.88,
        83.16,
        82.02,
        83.63,
        83.94,
        83.42,
        82.37,
        83.33,
        83.4,
        83.69,
        84.01,
        83.61,
        84.28,
        84.04,
        84.01,
        83.74,
        84.02,
        83.39,
        83.87,
        84.33,
        83.05,
        84.36,
        84.51,
        84.69,
        84.03,
        84.89,
        84.62,
        85.04,
        84.6,
        85.41,
        84.72,
        84.21,
        84.75,
        84.46,
        85.18,
        85.07,
        85.33,
        85.21,
        84.46,
        84.33,
        84.77,
        84.76
    ],