{"0": 2.4426088333129883, "1": 2.306572675704956, "2": 2.1884713172912598, "3": 2.0835187435150146, "4": 1.9890079498291016}