{"0": 0.8660666666666667, "1": 0.8881833333333333, "2": 0.8773333333333333, "3": 0.8743666666666666, "4": 0.8665333333333334}