{"0": 0.4598682643251216, "1": 0.38219799773490176, "2": 0.4379927569881399, "3": 0.4537688832333747, "4": 0.5009092181286914}