{"0": 2.416194200515747, "1": 2.107459783554077, "2": 1.47223961353302, "3": 0.9667744040489197, "4": 0.787783682346344}