{"0": 2.4696805477142334, "1": 2.12439227104187, "2": 1.6355596780776978, "3": 1.2348761558532715, "4": 1.0443764925003052}