{"0": 2.484940767288208, "1": 0.24625927209854126, "2": 0.22203148901462555, "3": 0.21492978930473328, "4": 0.21211600303649902}