{
    "train_losses": [
        0.0005779316806606949,
        9.499009720049799e-05,
        7.454637369140982e-05,
        6.356478647328913e-05,
        5.5677119111642244e-05,
        5.013894932810217e-05,
        4.5586164258420464e-05,
        4.2770077558234336e-05,
        3.950612266547978e-05,
        3.754839816130698e-05,
        3.3813452292233705e-05,
        3.089823235291988e-05,
        2.9565222249366343e-05,
        2.8616710947826504e-05,
        2.6249483292922377e-05,
        2.5012697938364e-05,
        2.416413561673835e-05,
        2.2747556986287236e-05,
        2.1467992388643324e-05,
        2.109634972875938e-05,
        2.0434263551142066e-05,
        1.9078096291050314e-05,
        1.7879981379956008e-05,
        1.7995230173692107e-05,
        1.6604120233096183e-05,
        1.6551987591665237e-05,
        1.5779176948126405e-05,
        1.5410991250537337e-05,
        1.4968699889723211e-05,
        1.4161157086491584e-05
    ],
    "test_losses": [
        0.009737820637226105,
        0.009397831481695176,
        0.0077072991132736204,
        0.007312207847833633,
        0.007458882915973663,
        0.007061875581741333,
        0.007213009625673294,
        0.007068629479408264,
        0.006800161230564117,
        0.006867225134372711,
        0.006506049883365631,
        0.006842424750328064,
        0.006259485849738121,
        0.006678774577379227,
        0.006433085018396377,
        0.006308362677693367,
        0.006947257041931152,
        0.006431897011399269,
        0.0062853186964988705,
        0.006561447048187256,
        0.006361555618047714,
        0.006410444185137748,
        0.006576845097541809,
        0.006640523186326027,
        0.006986182916164398,
        0.006389852130413055,
        0.006591109478473663,
        0.006533520486950875,
        0.006661175754666329,
        0.007300865083932876
    ],
    "train_errs": [
        47.884,
        34.846,
        29.906,
        26.576,
        24.226,
        22.61,
        21.288,
        19.874,
        18.84,
        17.908,
        16.84,
        15.96,
        15.202,
        14.646,
        14.238,
        13.398,
        12.986,
        12.404,
        11.922,
        11.676,
        11.348,
        10.848,
        10.344,
        10.112,
        9.708,
        9.66,
        9.324,
        8.854,
        8.874,
        8.634
    ],
    "test_errs": [
        34.66,
        31.2,
        26.27,
        24.61,
        24.22,
        22.3,
        23.48,
        21.53,
        21.17,
        20.67,
        19.54,
        19.47,
        18.64,
        18.94,
        18.71,
        17.85,
        19.56,
        17.84,
        17.81,
        17.92,
        17.2,
        17.15,
        17.53,
        16.62,
        17.71,
        16.28,
        16.69,
        16.23,
        16.42,
        17.51
    ],
    "train_accs": [
        52.116,
        65.154,
        70.094,
        73.424,
        75.774,
        77.39,
        78.712,
        80.126,
        81.16,
        82.092,
        83.16,
        84.04,
        84.798,
        85.354,
        85.762,
        86.602,
        87.014,
        87.596,
        88.078,
        88.324,
        88.652,
        89.152,
        89.656,
        89.888,
        90.292,
        90.34,
        90.676,
        91.146,
        91.126,
        91.366
    ],
    "test_acc": [
        65.34,
        68.8,
        73.73,
        75.39,
        75.78,
        77.7,
        76.52,
        78.47,
        78.83,
        79.33,
        80.46,
        80.53,
        81.36,
        81.06,
        81.29,
        82.15,
        80.44,
        82.16,
        82.19,
        82.08,
        82.8,
        82.85,
        82.47,
        83.38,
        82.29,
        83.72,
        83.31,
        83.77,
        83.58,
        82.49
    ],
    "run_time": [
        14.604654550552368,
        14.549316167831421,
        14.552995920181274,
        14.658386468887329,
        14.62325382232666,
        14.564346075057983,
        14.59970235824585,
        14.563040256500244,
        14.567873477935791,
        14.662958145141602,
        14.6439847946167,
        14.572690486907959,
        14.580302000045776,
        14.577636003494263,
        14.588431596755981,
        14.68112063407898,
        14.570899724960327,
        14.538816928863525,
        14.547415733337402,
        14.488315343856812,
        14.532306671142578,
        14.585316181182861,
        14.574722290039062,
        14.554928064346313,
        14.560731172561646,
        14.505926132202148,
        14.519649028778076,
        14.596041440963745,
        14.559508800506592,
        14.501787900924683
    ],
    "n_step": 0.055
}