{
    "train_losses": [
        0.0008462719399668277,
        0.0001258280108589679,
        9.80356441065669e-05,
        8.143180773593486e-05,
        7.227225434035062e-05,
        6.427058872766793e-05,
        5.842069967184216e-05,
        5.399172460660338e-05,
        5.069928418844938e-05,
        4.6196201629936695e-05,
        4.3205472547560934e-05,
        4.106592005584389e-05,
        3.776470259763301e-05,
        3.619153039995581e-05,
        3.4621297498233614e-05,
        3.190023206640035e-05,
        3.073654354317114e-05,
        2.9224423605483024e-05,
        2.7951121241785587e-05,
        2.548694545868784e-05,
        2.49419468594715e-05,
        2.4179106045048685e-05,
        2.357958808541298e-05,
        2.2461276212707163e-05,
        2.132278713164851e-05,
        2.0706634873058647e-05,
        2.009287232765928e-05,
        1.8876532027497887e-05,
        1.8731427297461778e-05,
        1.8184612286277114e-05
    ],
    "test_losses": [
        0.010636752271652221,
        0.008996329975128173,
        0.007621837770938873,
        0.007048422953486443,
        0.00660456460416317,
        0.006715222081542015,
        0.006633382385969162,
        0.006153498384356498,
        0.006425076848268509,
        0.006067040652036667,
        0.005727199772000313,
        0.00627075737118721,
        0.006028614330291748,
        0.005885547348856926,
        0.005919166865944863,
        0.006136455285549164,
        0.005661174781620502,
        0.005982079702615738,
        0.006114520978927613,
        0.005967923974990845,
        0.006065120999515057,
        0.0058574474930763246,
        0.006022100895643234,
        0.006366687607765198,
        0.00588187695145607,
        0.006019832897186279,
        0.006209117624163628,
        0.006248872494697571,
        0.0068938996225595475,
        0.006522074171900749
    ],
    "train_errs": [
        46.002,
        33.504,
        28.824,
        25.97,
        23.858,
        21.894,
        20.826,
        19.37,
        18.46,
        17.466,
        16.828,
        15.846,
        15.154,
        14.39,
        13.888,
        13.592,
        12.93,
        12.376,
        12.096,
        11.498,
        10.87,
        10.672,
        10.496,
        9.934,
        9.73,
        9.536,
        9.154,
        8.984,
        8.614,
        8.544
    ],
    "test_errs": [
        34.06,
        30.39,
        27.3,
        24.53,
        23.05,
        22.0,
        22.16,
        20.21,
        20.48,
        20.19,
        17.91,
        19.17,
        18.88,
        18.2,
        17.45,
        17.95,
        16.45,
        17.58,
        17.1,
        16.88,
        16.81,
        16.44,
        16.53,
        16.44,
        15.99,
        16.16,
        16.52,
        16.61,
        16.8,
        16.28
    ],
    "train_accs": [
        53.998,
        66.496,
        71.176,
        74.03,
        76.142,
        78.106,
        79.174,
        80.63,
        81.54,
        82.534,
        83.172,
        84.154,
        84.846,
        85.61,
        86.112,
        86.408,
        87.07,
        87.624,
        87.904,
        88.502,
        89.13,
        89.328,
        89.504,
        90.066,
        90.27,
        90.464,
        90.846,
        91.016,
        91.386,
        91.456
    ],
    "test_acc": [
        65.94,
        69.61,
        72.7,
        75.47,
        76.95,
        78.0,
        77.84,
        79.79,
        79.52,
        79.81,
        82.09,
        80.83,
        81.12,
        81.8,
        82.55,
        82.05,
        83.55,
        82.42,
        82.9,
        83.12,
        83.19,
        83.56,
        83.47,
        83.56,
        84.01,
        83.84,
        83.48,
        83.39,
        83.2,
        83.72
    ],
    "run_time": [
        12.91749620437622,
        12.928945779800415,
        12.92733383178711,
        12.944621324539185,
        12.908179998397827,
        12.912166833877563,
        12.901315927505493,
        12.967542171478271,
        12.96424412727356,
        12.909416198730469,
        12.90718388557434,
        12.963468313217163,
        12.943695068359375,
        12.892021656036377,
        12.89495325088501,
        12.963385581970215,
        12.953106880187988,
        12.905882120132446,
        12.913711071014404,
        12.958723545074463,
        12.947293996810913,
        12.899693727493286,
        12.90761137008667,
        12.96118450164795,
        12.960907936096191,
        12.910627126693726,
        12.912934303283691,
        12.970043182373047,
        12.95746898651123,
        12.905718088150024
    ],
    "n_step": 8
}