{
    "train_losses": [
        0.0005821007683780045,
        9.529081966727972e-05,
        7.468316900543869e-05,
        6.268452513962985e-05,
        5.563922017812729e-05,
        5.025460121221841e-05,
        4.494164029601962e-05,
        4.228349612094462e-05,
        3.827324821613729e-05,
        3.541272929403931e-05,
        3.316847734386101e-05,
        3.13932881411165e-05,
        2.977658700197935e-05,
        2.83319482114166e-05,
        2.6548948460258544e-05,
        2.5186816756613554e-05,
        2.3781232533510776e-05,
        2.336734974524006e-05,
        2.156254603061825e-05,
        2.0990303971339016e-05,
        1.9958164067938923e-05,
        1.9165288540534676e-05,
        1.877250019228086e-05,
        1.7464122211094947e-05,
        1.7347883353941144e-05,
        1.6418565532658248e-05,
        1.606587398913689e-05,
        1.5175248337909579e-05,
        1.442664249567315e-05,
        1.409949712920934e-05
    ],
    "test_losses": [
        0.010767917507886887,
        0.00899707911014557,
        0.007711304581165313,
        0.007383603385090828,
        0.0069291727215051654,
        0.0068234830588102344,
        0.006398841542005539,
        0.006853961557149887,
        0.006805706292390823,
        0.006758092883229256,
        0.006633151659369469,
        0.006489260879158974,
        0.006925297498703003,
        0.006052838411927223,
        0.0062746282756328585,
        0.0068492963403463366,
        0.0069515092313289645,
        0.006377189260721207,
        0.0061429154098033905,
        0.0067554187953472134,
        0.006509262734651565,
        0.006746502557396889,
        0.006592202535271645,
        0.006307514068484306,
        0.006159320464730262,
        0.006292169705033302,
        0.006452030381560326,
        0.006336382901668549,
        0.006776165688037872,
        0.006456311997771263
    ],
    "train_errs": [
        48.472,
        34.516,
        29.89,
        26.474,
        24.68,
        22.784,
        21.036,
        19.732,
        18.648,
        17.766,
        16.826,
        16.132,
        15.398,
        14.674,
        13.864,
        13.552,
        12.948,
        12.802,
        11.88,
        11.562,
        11.09,
        10.64,
        10.698,
        10.2,
        9.942,
        9.29,
        9.156,
        8.982,
        8.718,
        8.546
    ],
    "test_errs": [
        37.64,
        30.17,
        27.09,
        24.45,
        23.31,
        22.73,
        21.2,
        21.61,
        21.7,
        20.43,
        20.01,
        19.2,
        19.76,
        17.77,
        18.31,
        19.21,
        18.97,
        17.52,
        17.06,
        17.77,
        17.26,
        17.53,
        17.62,
        17.17,
        15.92,
        16.2,
        16.74,
        16.36,
        16.77,
        16.06
    ],
    "train_accs": [
        51.528,
        65.484,
        70.11,
        73.526,
        75.32,
        77.216,
        78.964,
        80.268,
        81.352,
        82.234,
        83.174,
        83.868,
        84.602,
        85.326,
        86.136,
        86.448,
        87.052,
        87.198,
        88.12,
        88.438,
        88.91,
        89.36,
        89.302,
        89.8,
        90.058,
        90.71,
        90.844,
        91.018,
        91.282,
        91.454
    ],
    "test_acc": [
        62.36,
        69.83,
        72.91,
        75.55,
        76.69,
        77.27,
        78.8,
        78.39,
        78.3,
        79.57,
        79.99,
        80.8,
        80.24,
        82.23,
        81.69,
        80.79,
        81.03,
        82.48,
        82.94,
        82.23,
        82.74,
        82.47,
        82.38,
        82.83,
        84.08,
        83.8,
        83.26,
        83.64,
        83.23,
        83.94
    ],
    "run_time": [
        14.416926860809326,
        14.409484148025513,
        14.414573907852173,
        14.39875340461731,
        14.361229181289673,
        14.367130994796753,
        14.372790336608887,
        14.435296535491943,
        14.438368082046509,
        14.382257461547852,
        14.393172979354858,
        14.437565088272095,
        14.439252614974976,
        14.372687101364136,
        14.38722848892212,
        14.466171741485596,
        14.443688154220581,
        14.378984689712524,
        14.360835790634155,
        14.417902708053589,
        14.400755882263184,
        14.334588050842285,
        14.341067552566528,
        14.405138492584229,
        14.38784670829773,
        14.329052209854126,
        14.340661525726318,
        14.406284809112549,
        14.394675731658936,
        14.322234869003296
    ],
    "n_step": 10
}