{
    "train_losses": [
        0.00921950733780861,
        0.00552955232322216,
        0.004010186952352524,
        0.0031100366175174712,
        0.0025663780853152273,
        0.0020960987451672554,
        0.0017765169595181942,
        0.001528404931128025,
        0.0013619829142093658,
        0.0011749547761678695,
        0.0010640078954398632,
        0.0009233123534917832,
        0.0008091532288491726,
        0.0007411680196970701,
        0.0006519888976961374,
        0.0006053171297907829,
        0.0005447551251575351,
        0.0005021664853021502,
        0.00045923835836350917,
        0.0004159601492062211,
        0.0004086255170404911,
        0.00034632409196347,
        0.0003346275856345892,
        0.0003129601061716676,
        0.00027568574983626606,
        0.00027727080300450326,
        0.0002505547867529094,
        0.00024536973156034946,
        0.00022463576046749948,
        0.0002113999980688095
    ],
    "test_losses": [
        0.009053668689727783,
        0.006938185453414917,
        0.006450058323144913,
        0.005779298663139343,
        0.005521806612610817,
        0.005394547832012177,
        0.005248747479915619,
        0.0052376047790050504,
        0.0051448783904314045,
        0.00489932569861412,
        0.004761138254404068,
        0.005430803656578064,
        0.004811264464259148,
        0.004700512859225273,
        0.0048612523436546325,
        0.004920720249414444,
        0.004719826427102089,
        0.004866638937592507,
        0.004921993097662926,
        0.004557984781265258,
        0.00481753186583519,
        0.0049632031112909316,
        0.004827536937594414,
        0.004537805831432343,
        0.0049218661949038504,
        0.004722821569442749,
        0.004913565227389336,
        0.00498875138014555,
        0.005240367293357849,
        0.004886884443461895
    ],
    "train_errs": [
        51.26,
        35.904,
        30.394,
        26.814,
        24.848,
        22.89,
        21.164,
        20.132,
        18.836,
        18.106,
        17.116,
        16.428,
        15.622,
        14.768,
        14.192,
        13.732,
        13.086,
        12.534,
        12.118,
        11.71,
        11.478,
        10.772,
        10.572,
        10.1,
        9.81,
        9.672,
        9.208,
        9.28,
        8.612,
        8.582
    ],
    "test_errs": [
        40.07,
        30.47,
        27.29,
        24.11,
        22.52,
        22.45,
        20.64,
        20.55,
        20.6,
        19.29,
        18.87,
        20.28,
        17.54,
        17.27,
        17.55,
        18.21,
        16.96,
        18.0,
        16.75,
        15.59,
        16.59,
        16.96,
        15.99,
        15.2,
        16.2,
        15.45,
        16.08,
        15.97,
        17.21,
        15.49
    ],
    "train_accs": [
        48.74,
        64.096,
        69.606,
        73.186,
        75.152,
        77.11,
        78.836,
        79.868,
        81.164,
        81.894,
        82.884,
        83.572,
        84.378,
        85.232,
        85.808,
        86.268,
        86.914,
        87.466,
        87.882,
        88.29,
        88.522,
        89.228,
        89.428,
        89.9,
        90.19,
        90.328,
        90.792,
        90.72,
        91.388,
        91.418
    ],
    "test_acc": [
        59.93,
        69.53,
        72.71,
        75.89,
        77.48,
        77.55,
        79.36,
        79.45,
        79.4,
        80.71,
        81.13,
        79.72,
        82.46,
        82.73,
        82.45,
        81.79,
        83.04,
        82.0,
        83.25,
        84.41,
        83.41,
        83.04,
        84.01,
        84.8,
        83.8,
        84.55,
        83.92,
        84.03,
        82.79,
        84.51
    ],
    "run_time": [
        19.367915630340576,
        8.50937819480896,
        8.535055875778198,
        8.646199464797974,
        8.54001259803772,
        8.540088891983032,
        8.533367395401001,
        8.543304681777954,
        8.539288997650146,
        8.540672540664673,
        8.540616035461426,
        8.531575918197632,
        8.51919174194336,
        8.51392650604248,
        8.509686708450317,
        8.525867938995361,
        8.50974702835083,
        8.526418685913086,
        8.511193037033081,
        8.532925367355347,
        8.536983251571655,
        8.519312620162964,
        8.49752426147461,
        8.490215063095093,
        8.486363887786865,
        8.513427972793579,
        8.483745336532593,
        8.509882688522339,
        8.488326787948608,
        8.49230432510376
    ],
    "n_step": 2
}