{
    "train_losses": [
        0.002292157535292208,
        0.0003171849311515689,
        0.00021546463403850793,
        0.0001749778191745281,
        0.00014892935472540558,
        0.00012869330678135158,
        0.00011469185578636825,
        0.00010112219469621778,
        9.539545404724776e-05,
        8.545463276095688e-05,
        7.874597165733576e-05,
        7.427974627353251e-05,
        6.739305237308144e-05,
        6.392405530437827e-05,
        5.9684381317347286e-05,
        5.7408532737754284e-05,
        5.4054408883675935e-05,
        5.1518091424368324e-05,
        4.7488365098834036e-05,
        4.739893400575966e-05,
        4.40350939380005e-05,
        4.112998011521995e-05,
        4.0489037791267035e-05,
        3.778484073933214e-05,
        3.751608597114682e-05,
        3.570531494449824e-05,
        3.494238754268736e-05,
        3.2953075696714225e-05,
        3.274464270565659e-05,
        3.171784664969891e-05
    ],
    "test_losses": [
        0.009164610308408738,
        0.007695967954397202,
        0.008006650602817536,
        0.006257827776670456,
        0.006768253567814827,
        0.006100880944728851,
        0.006496230414509773,
        0.005908297738432884,
        0.005955943933129311,
        0.006081197211146355,
        0.0056059805750846865,
        0.005887002268433571,
        0.005579115524888038,
        0.005891780564188957,
        0.005467153203487396,
        0.005863333576917648,
        0.005711873596906662,
        0.005735772559046746,
        0.005433551135659218,
        0.005619078762829304,
        0.006064634555578232,
        0.0060228316903114315,
        0.005876772175729275,
        0.0059222913265228275,
        0.005688929098844529,
        0.006073322930932045,
        0.005958892169594765,
        0.005892017543315887,
        0.005672464188933373,
        0.00587209758758545
    ],
    "train_errs": [
        46.426,
        33.454,
        28.704,
        26.072,
        23.78,
        22.566,
        20.636,
        19.352,
        18.466,
        17.408,
        16.448,
        15.742,
        15.0,
        14.352,
        13.754,
        13.238,
        12.514,
        12.122,
        11.828,
        11.518,
        10.938,
        10.78,
        10.418,
        9.798,
        9.59,
        9.42,
        9.16,
        8.778,
        8.746,
        8.282
    ],
    "test_errs": [
        33.84,
        28.01,
        27.42,
        23.41,
        23.71,
        22.44,
        22.59,
        20.24,
        20.54,
        19.53,
        18.66,
        19.53,
        17.94,
        19.26,
        17.7,
        18.74,
        17.47,
        17.64,
        16.63,
        16.88,
        17.32,
        17.47,
        17.61,
        17.77,
        16.56,
        17.42,
        16.33,
        16.12,
        15.85,
        15.87
    ],
    "train_accs": [
        53.574,
        66.546,
        71.296,
        73.928,
        76.22,
        77.434,
        79.364,
        80.648,
        81.534,
        82.592,
        83.552,
        84.258,
        85.0,
        85.648,
        86.246,
        86.762,
        87.486,
        87.878,
        88.172,
        88.482,
        89.062,
        89.22,
        89.582,
        90.202,
        90.41,
        90.58,
        90.84,
        91.222,
        91.254,
        91.718
    ],
    "test_acc": [
        66.16,
        71.99,
        72.58,
        76.59,
        76.29,
        77.56,
        77.41,
        79.76,
        79.46,
        80.47,
        81.34,
        80.47,
        82.06,
        80.74,
        82.3,
        81.26,
        82.53,
        82.36,
        83.37,
        83.12,
        82.68,
        82.53,
        82.39,
        82.23,
        83.44,
        82.58,
        83.67,
        83.88,
        84.15,
        84.13
    ],
    "run_time": [
        10.694523096084595,
        10.683389663696289,
        10.713961601257324,
        10.69132947921753,
        10.699219703674316,
        10.68744969367981,
        10.698299884796143,
        10.707274913787842,
        10.703653812408447,
        10.695681810379028,
        10.704234600067139,
        10.704635620117188,
        10.710251569747925,
        10.70404052734375,
        10.702954053878784,
        10.695699691772461,
        10.693816900253296,
        10.726078510284424,
        10.69515347480774,
        10.68428659439087,
        10.703665256500244,
        10.700725555419922,
        10.707383871078491,
        10.6989004611969,
        10.695644855499268,
        10.701058626174927,
        10.691877126693726,
        10.702664136886597,
        10.70454716682434,
        10.69606614112854
    ],
    "n_step": 5
}