{
    "train_losses": [
        0.006447685950994491,
        0.0021892678767442704,
        0.001148417635858059,
        0.0007597134435176849,
        0.0005836660408228636,
        0.00048637828812003134,
        0.0004002216960117221,
        0.0003362395902723074,
        0.0002955361383408308,
        0.00025688101578503846,
        0.00023073956873267889,
        0.00021174235554412009,
        0.00018920106628909708,
        0.00017177966114133596,
        0.00016070026943460107,
        0.00014591202412731947,
        0.00013451490685343742,
        0.00013161335112527012,
        0.00012041217448189855,
        0.00011118805287405849,
        0.00010874817060306668,
        0.00010237413316965103,
        9.58938767760992e-05,
        9.058262235485017e-05,
        8.25927456188947e-05,
        8.021352068521082e-05,
        8.03789160400629e-05,
        7.488209003582597e-05,
        7.191363676451147e-05,
        6.868072027806193e-05
    ],
    "test_losses": [
        0.008414702087640762,
        0.008398465287685394,
        0.006027567246556282,
        0.006276961976289749,
        0.006035340148210526,
        0.0055455681711435315,
        0.0061377710282802585,
        0.0054356056660413744,
        0.0054867804139852525,
        0.005994630834460259,
        0.00544470793902874,
        0.005202949583530426,
        0.005702189601957798,
        0.005670400956273079,
        0.0054510107278823855,
        0.0052797532469034195,
        0.005152443683147431,
        0.005059051901102066,
        0.00544825544655323,
        0.005313970291614532,
        0.005137860310077667,
        0.005209928449988365,
        0.005058623075485229,
        0.005101403933763504,
        0.005142719465494156,
        0.0053703561425209045,
        0.005658258673548699,
        0.005181094828248024,
        0.0055865884244441985,
        0.0053104520618915555
    ],
    "train_errs": [
        48.342,
        34.042,
        28.876,
        25.666,
        24.114,
        22.302,
        20.646,
        19.338,
        18.308,
        17.186,
        16.68,
        15.666,
        14.996,
        14.4,
        13.676,
        13.128,
        12.572,
        12.116,
        11.68,
        11.674,
        11.172,
        10.528,
        10.066,
        9.838,
        9.526,
        9.274,
        9.184,
        8.756,
        8.726,
        8.348
    ],
    "test_errs": [
        36.0,
        31.78,
        25.16,
        24.46,
        22.98,
        21.01,
        22.68,
        20.14,
        19.78,
        21.34,
        19.89,
        18.8,
        19.52,
        18.81,
        18.21,
        17.7,
        17.58,
        17.17,
        17.86,
        17.41,
        16.69,
        16.68,
        16.1,
        15.94,
        16.53,
        16.59,
        16.94,
        15.84,
        16.71,
        16.2
    ],
    "train_accs": [
        51.658,
        65.958,
        71.124,
        74.334,
        75.886,
        77.698,
        79.354,
        80.662,
        81.692,
        82.814,
        83.32,
        84.334,
        85.004,
        85.6,
        86.324,
        86.872,
        87.428,
        87.884,
        88.32,
        88.326,
        88.828,
        89.472,
        89.934,
        90.162,
        90.474,
        90.726,
        90.816,
        91.244,
        91.274,
        91.652
    ],
    "test_acc": [
        64.0,
        68.22,
        74.84,
        75.54,
        77.02,
        78.99,
        77.32,
        79.86,
        80.22,
        78.66,
        80.11,
        81.2,
        80.48,
        81.19,
        81.79,
        82.3,
        82.42,
        82.83,
        82.14,
        82.59,
        83.31,
        83.32,
        83.9,
        84.06,
        83.47,
        83.41,
        83.06,
        84.16,
        83.29,
        83.8
    ],
    "run_time": [
        9.186131477355957,
        9.206138849258423,
        9.20601749420166,
        9.212648868560791,
        9.262329578399658,
        9.229087114334106,
        9.20741057395935,
        9.20537805557251,
        9.273417949676514,
        9.282055377960205,
        9.260584115982056,
        9.279089212417603,
        9.271706104278564,
        9.279714345932007,
        9.268811225891113,
        9.25842571258545,
        9.304648160934448,
        9.245532035827637,
        9.242082118988037,
        9.219224214553833,
        9.245415925979614,
        9.262961626052856,
        9.350570917129517,
        9.430747032165527,
        9.354698896408081,
        9.24749231338501,
        9.264256715774536,
        9.241426229476929,
        9.27525520324707,
        9.27126407623291
    ],
    "n_step": 3
}