{
    "train_losses": [
        0.015267978858947755,
        0.012564629883766174,
        0.01153108500957489,
        0.010931243450641632,
        0.010463652503490448,
        0.010125640412569047,
        0.009744397665262222,
        0.009405183956623077,
        0.009049615466594696,
        0.00878629427075386
    ],
    "test_losses": [
        0.013075508630275727,
        0.011692892634868621,
        0.01066646535396576,
        0.010151134598255158,
        0.009763834130764008,
        0.009581036484241485,
        0.009000940614938736,
        0.008411046600341797,
        0.008041916972398758,
        0.008128625172376632
    ],
    "train_errs": [
        68.992,
        57.564,
        53.05,
        50.182,
        47.87,
        45.978,
        44.432,
        42.684,
        40.934,
        39.624
    ],
    "test_errs": [
        57.65,
        53.51,
        48.82,
        46.39,
        44.65,
        43.92,
        40.68,
        37.7,
        35.84,
        36.26
    ],
    "train_accs": [
        31.008,
        42.436,
        46.95,
        49.818,
        52.13,
        54.022,
        55.568,
        57.316,
        59.066,
        60.376
    ],
    "test_acc": [
        42.35,
        46.49,
        51.18,
        53.61,
        55.35,
        56.08,
        59.32,
        62.3,
        64.16,
        63.74
    ],
    "run_time": [
        7.622358798980713,
        7.713263750076294,
        7.772634029388428,
        7.856781959533691,
        7.900224208831787,
        8.041668176651001,
        7.900628328323364,
        8.02791690826416,
        8.29393744468689,
        8.099815845489502
    ],
    "n_step": 0.005
}