{
    "train_losses": [
        0.018083805108070374,
        0.01801435562133789,
        0.018014161443710326,
        0.018014012651443482,
        0.018014524521827696,
        0.01801304566383362,
        0.018013447599411012,
        0.018014995903968812,
        0.018014137053489684,
        0.018013213381767274,
        0.01801340802192688,
        0.018013890023231505,
        0.018013959069252013,
        0.01801367947101593,
        0.018014181113243103,
        0.018014475407600403,
        0.018012051253318787,
        0.018013369040489197,
        0.018014943528175353,
        0.01801356770515442,
        0.01801324303627014,
        0.01801440680027008,
        0.0180134117603302,
        0.018012939686775208,
        0.018014003643989564,
        0.01801385175228119,
        0.018013824372291563,
        0.018014711084365843,
        0.01801434715270996,
        0.018013901476860047
    ],
    "test_losses": [
        0.01819804449081421,
        0.01819881978034973,
        0.01819731388092041,
        0.018200528764724732,
        0.018198743176460266,
        0.018197401404380798,
        0.01819842483997345,
        0.018198323345184324,
        0.01819828917980194,
        0.018195922493934633,
        0.018197932052612303,
        0.01819788634777069,
        0.018196071767807007,
        0.018202365851402284,
        0.018192863726615906,
        0.018193861746788026,
        0.018201675748825072,
        0.018195300936698914,
        0.018195509076118468,
        0.018198007321357727,
        0.018208948683738707,
        0.018194639921188353,
        0.018196949219703676,
        0.018196855926513673,
        0.018196858525276183,
        0.01819250693321228,
        0.018199971079826356,
        0.018194173955917357,
        0.018193553423881532,
        0.01819844753742218
    ],
    "train_errs": [
        89.514,
        90.18,
        90.096,
        90.068,
        90.078,
        89.884,
        89.988,
        90.242,
        90.356,
        90.156,
        89.858,
        90.056,
        89.938,
        90.0,
        90.252,
        89.97,
        89.638,
        90.212,
        90.182,
        90.032,
        89.974,
        90.188,
        90.166,
        89.808,
        89.936,
        89.854,
        90.212,
        90.41,
        90.176,
        90.03
    ],
    "test_errs": [
        90.0,
        90.0,
        90.0,
        90.0,
        90.0,
        90.0,
        90.0,
        90.0,
        90.0,
        90.0,
        90.0,
        90.0,
        90.0,
        90.0,
        90.0,
        90.0,
        90.0,
        90.0,
        90.0,
        90.0,
        90.0,
        90.0,
        90.0,
        90.0,
        90.0,
        90.0,
        90.0,
        90.0,
        90.0,
        90.0
    ],
    "train_accs": [
        10.486,
        9.82,
        9.904,
        9.932,
        9.922,
        10.116,
        10.012,
        9.758,
        9.644,
        9.844,
        10.142,
        9.944,
        10.062,
        10.0,
        9.748,
        10.03,
        10.362,
        9.788,
        9.818,
        9.968,
        10.026,
        9.812,
        9.834,
        10.192,
        10.064,
        10.146,
        9.788,
        9.59,
        9.824,
        9.97
    ],
    "test_acc": [
        10.0,
        10.0,
        10.0,
        10.0,
        10.0,
        10.0,
        10.0,
        10.0,
        10.0,
        10.0,
        10.0,
        10.0,
        10.0,
        10.0,
        10.0,
        10.0,
        10.0,
        10.0,
        10.0,
        10.0,
        10.0,
        10.0,
        10.0,
        10.0,
        10.0,
        10.0,
        10.0,
        10.0,
        10.0,
        10.0
    ],
    "run_time": [
        7.9332709312438965,
        8.136272192001343,
        7.874276876449585,
        8.04733657836914,
        7.731047868728638,
        7.734716415405273,
        7.7228569984436035,
        7.743741512298584,
        7.541703462600708,
        7.55969500541687,
        7.560122728347778,
        7.553917646408081,
        7.551563262939453,
        7.5569586753845215,
        7.5322043895721436,
        7.553984880447388,
        7.548816919326782,
        7.541081428527832,
        7.544123888015747,
        7.552421569824219,
        7.541860103607178,
        7.552685260772705,
        7.548567295074463,
        7.54705548286438,
        7.554691553115845,
        7.555812358856201,
        7.547687530517578,
        7.543970823287964,
        7.549608945846558,
        7.553057432174683
    ],
    "n_step": 0.5
}