{
    "train_losses": [
        0.0128277508187294,
        0.009684798936843871,
        0.008129067389965057
    ],
    "test_losses": [
        0.010334740698337555,
        0.00823620890378952,
        0.00809092642068863
    ],
    "train_errs": [
        59.688,
        44.53,
        36.974
    ],
    "test_errs": [
        48.65,
        37.13,
        35.49
    ],
    "train_accs": [
        40.312,
        55.47,
        63.026
    ],
    "test_acc": [
        51.35,
        62.87,
        64.51
    ],
    "run_time": [
        7.840282201766968,
        7.74575138092041,
        8.046823740005493
    ],
    "n_step": 0.1
}