{
    "train_losses": [
        0.012862198157310486,
        0.010087979071140288,
        0.008692110146284104
    ],
    "test_losses": [
        0.010253350412845611,
        0.008828485083580017,
        0.007672705179452896
    ],
    "train_errs": [
        59.912,
        46.418,
        39.722
    ],
    "test_errs": [
        46.81,
        40.11,
        34.53
    ],
    "train_accs": [
        40.088,
        53.582,
        60.278
    ],
    "test_acc": [
        53.19,
        59.89,
        65.47
    ],
    "run_time": [
        8.042246341705322,
        7.991892099380493,
        7.853029727935791
    ],
    "n_step": 0.05
}