{
    "train_losses": [
        0.01269090497493744,
        0.009551604636907577,
        0.008385538324117661,
        0.008052405079603196,
        0.007746981383562088,
        0.008013755221366882,
        0.008243240643739701,
        0.008740353661775589
    ],
    "test_losses": [
        0.01008117699623108,
        0.008107021987438201,
        0.00772058607339859,
        0.0074425796866416935,
        0.007278837448358536,
        0.00773079046010971,
        0.008064230191707612,
        0.008752224749326706
    ],
    "train_errs": [
        59.602,
        43.972,
        38.056,
        36.046,
        34.3,
        35.458,
        36.072,
        37.988
    ],
    "test_errs": [
        45.68,
        36.05,
        32.55,
        32.12,
        31.56,
        32.76,
        35.14,
        36.8
    ],
    "train_accs": [
        40.398,
        56.028,
        61.944,
        63.954,
        65.7,
        64.542,
        63.928,
        62.012
    ],
    "test_acc": [
        54.32,
        63.95,
        67.45,
        67.88,
        68.44,
        67.24,
        64.86,
        63.2
    ],
    "run_time": [
        7.806100130081177,
        7.81564474105835,
        7.7754552364349365,
        7.767813444137573,
        7.750063896179199,
        7.7628090381622314,
        7.753282308578491,
        7.771104574203491
    ],
    "n_step": 0.003
}