{
    "train_losses": [
        0.014327525253295899,
        0.010607990307807923,
        0.009076536582708359,
        0.008105065861940383,
        0.007125510957241058,
        0.006586669880151749,
        0.006155105053782463,
        0.005884686380624771
    ],
    "test_losses": [
        0.01099282648563385,
        0.009375520592927932,
        0.007737868601083756,
        0.006881191349029541,
        0.0064162278175354005,
        0.005970081549882889,
        0.0056079203486442564,
        0.005767276060581208
    ],
    "train_errs": [
        66.814,
        49.278,
        41.818,
        37.092,
        32.118,
        29.628,
        27.458,
        26.582
    ],
    "test_errs": [
        51.05,
        42.23,
        34.69,
        30.04,
        28.13,
        26.36,
        24.54,
        25.0
    ],
    "train_accs": [
        33.186,
        50.722,
        58.182,
        62.908,
        67.882,
        70.372,
        72.542,
        73.418
    ],
    "test_acc": [
        48.95,
        57.77,
        65.31,
        69.96,
        71.87,
        73.64,
        75.46,
        75.0
    ],
    "run_time": [
        7.87926721572876,
        7.833983659744263,
        7.808231353759766,
        7.79779052734375,
        7.793301820755005,
        7.8657777309417725,
        7.88240909576416,
        7.828636407852173
    ],
    "n_step": 0.0005
}