{
    "train_losses": [
        0.003614665291309357,
        0.003014907958507538,
        0.002850381953716278,
        0.002749859230518341,
        0.0026446190452575685,
        0.0025639972138404845,
        0.00256942209482193,
        0.002482400598526001,
        0.002465517210960388,
        0.0025110970091819763,
        0.0025330509376525878,
        0.0025447922658920286,
        0.0025479532837867735,
        0.0025350405740737917,
        0.002601416223049164,
        0.002657745168209076,
        0.0027233875131607056,
        0.0027561934423446653,
        0.002751495678424835,
        0.0027731846833229067,
        0.002778396270275116,
        0.0028794373869895935,
        0.0028815049648284914,
        0.0028023257517814635,
        0.002830362067222595,
        0.0028451460695266724,
        0.0028513861203193665,
        0.002994512801170349,
        0.0030813120484352113
    ],
    "test_losses": [
        0.0032000081181526186,
        0.0029245797991752625,
        0.002627999544143677,
        0.0024884768128395083,
        0.002666472101211548,
        0.002618741714954376,
        0.0023863656401634215,
        0.0025783049583435057,
        0.002470709550380707,
        0.002415597176551819,
        0.0025886167645454406,
        0.002456009292602539,
        0.0023266499876976013,
        0.0025014992356300354,
        0.0024472531914710998,
        0.0027186593294143678,
        0.0025974555134773256,
        0.0027619417786598206,
        0.002743561816215515,
        0.0026875738620758057,
        0.0026853025078773496,
        0.00262407865524292,
        0.0027776381015777586,
        0.0028433836936950685,
        0.0027483033537864686,
        0.0029150923252105714,
        0.0029953741788864134,
        0.002693568468093872,
        0.0029066607356071474
    ],
    "train_errs": [
        67.1,
        57.122,
        53.502,
        50.864,
        48.348,
        47.164,
        47.156,
        45.326,
        45.036,
        45.89,
        46.546,
        46.748,
        46.428,
        46.5,
        47.786,
        48.226,
        50.154,
        50.802,
        50.64,
        50.958,
        51.124,
        53.546,
        53.67,
        51.698,
        52.168,
        52.72,
        53.192,
        55.158,
        57.284
    ],
    "test_errs": [
        58.45,
        54.21,
        47.81,
        45.43,
        46.41,
        46.63,
        43.5,
        45.41,
        45.0,
        43.67,
        45.9,
        43.38,
        40.44,
        44.63,
        42.28,
        47.04,
        48.06,
        49.11,
        49.91,
        48.87,
        48.46,
        47.59,
        49.36,
        50.95,
        49.77,
        51.8,
        54.7,
        48.46,
        52.31
    ],
    "train_accs": [
        32.9,
        42.878,
        46.498,
        49.136,
        51.652,
        52.836,
        52.844,
        54.674,
        54.964,
        54.11,
        53.454,
        53.252,
        53.572,
        53.5,
        52.214,
        51.774,
        49.846,
        49.198,
        49.36,
        49.042,
        48.876,
        46.454,
        46.33,
        48.302,
        47.832,
        47.28,
        46.808,
        44.842,
        42.716
    ],
    "test_acc": [
        41.55,
        45.79,
        52.19,
        54.57,
        53.59,
        53.37,
        56.5,
        54.59,
        55.0,
        56.33,
        54.1,
        56.62,
        59.56,
        55.37,
        57.72,
        52.96,
        51.94,
        50.89,
        50.09,
        51.13,
        51.54,
        52.41,
        50.64,
        49.05,
        50.23,
        48.2,
        45.3,
        51.54,
        47.69
    ],
    "run_time": [
        21.34342622756958,
        8.25810980796814,
        8.267308235168457,
        8.286556482315063,
        8.371965646743774,
        8.243683338165283,
        8.223495960235596,
        8.265451431274414,
        8.260165929794312,
        8.36755919456482,
        8.251964569091797,
        8.228565454483032,
        8.257347345352173,
        8.257754802703857,
        8.360244274139404,
        8.237515211105347,
        8.25518012046814,
        8.252129316329956,
        8.239253997802734,
        8.357529878616333,
        8.28073525428772,
        8.292853832244873,
        8.25935959815979,
        8.257997989654541,
        8.357654571533203,
        8.243355751037598,
        8.242048501968384,
        8.248635053634644,
        8.24812650680542
    ],
    "n_step": 0.01
}