{
    "train_losses": [
        0.012671091973781586,
        0.010020196011066436,
        0.009270300678014756,
        0.009149824903011323,
        0.009531121234893799,
        0.01088692503452301,
        0.011873308608531951,
        0.01278869323015213
    ],
    "test_losses": [
        0.010287134766578674,
        0.00901234358549118,
        0.00881778588294983,
        0.009302249646186828,
        0.010721527421474458,
        0.01063321088552475,
        0.012279007732868195,
        0.012465382039546967
    ],
    "train_errs": [
        59.39,
        45.904,
        41.682,
        40.854,
        42.29,
        47.812,
        52.388,
        57.438
    ],
    "test_errs": [
        47.37,
        39.42,
        38.64,
        39.07,
        43.52,
        45.63,
        52.47,
        55.58
    ],
    "train_accs": [
        40.61,
        54.096,
        58.318,
        59.146,
        57.71,
        52.188,
        47.612,
        42.562
    ],
    "test_acc": [
        52.63,
        60.58,
        61.36,
        60.93,
        56.48,
        54.37,
        47.53,
        44.42
    ],
    "run_time": [
        7.786850929260254,
        7.763768672943115,
        7.746863126754761,
        7.78037691116333,
        7.770238399505615,
        7.763049125671387,
        7.757989168167114,
        7.766436815261841
    ],
    "n_step": 0.005
}