{
    "train_losses": [
        0.013577293493747712,
        0.009874269149303436,
        0.008280117890834809,
        0.00742994154214859,
        0.006784508285522461,
        0.006295251090526581,
        0.006091334307193756,
        0.005871870115399361
    ],
    "test_losses": [
        0.010596318697929383,
        0.008390802258253097,
        0.007285260897874832,
        0.006577060109376908,
        0.006127127313613891,
        0.005891828987002373,
        0.005845401048660278,
        0.005590455979108811
    ],
    "train_errs": [
        63.46,
        45.738,
        37.746,
        33.57,
        30.594,
        28.074,
        27.402,
        26.296
    ],
    "test_errs": [
        49.26,
        37.81,
        32.23,
        28.54,
        26.92,
        26.38,
        24.86,
        24.59
    ],
    "train_accs": [
        36.54,
        54.262,
        62.254,
        66.43,
        69.406,
        71.926,
        72.598,
        73.704
    ],
    "test_acc": [
        50.74,
        62.19,
        67.77,
        71.46,
        73.08,
        73.62,
        75.14,
        75.41
    ],
    "run_time": [
        7.900712966918945,
        7.927393436431885,
        7.936725854873657,
        7.84791111946106,
        7.940466642379761,
        7.968947410583496,
        7.990834951400757,
        7.996001482009888
    ],
    "n_step": 0.0009
}