{
    "train_losses": [
        0.016333678584098815,
        0.012507571070194245,
        0.011056890633106232,
        0.009938963854312897,
        0.008928192459344864,
        0.008284440878629685,
        0.007722838255167007,
        0.007234662525653839
    ],
    "test_losses": [
        0.013721515703201294,
        0.010998608613014221,
        0.00978855220079422,
        0.008589891839027405,
        0.007707824367284775,
        0.007252117455005646,
        0.006843649983406067,
        0.006315793335437775
    ],
    "train_errs": [
        76.05,
        57.784,
        51.37,
        45.746,
        40.958,
        37.742,
        34.928,
        32.844
    ],
    "test_errs": [
        62.32,
        50.9,
        44.73,
        39.05,
        34.73,
        32.48,
        30.34,
        27.85
    ],
    "train_accs": [
        23.95,
        42.216,
        48.63,
        54.254,
        59.042,
        62.258,
        65.072,
        67.156
    ],
    "test_acc": [
        37.68,
        49.1,
        55.27,
        60.95,
        65.27,
        67.52,
        69.66,
        72.15
    ],
    "run_time": [
        7.877701044082642,
        7.8895227909088135,
        7.841268539428711,
        7.846621036529541,
        7.88274073600769,
        7.852212905883789,
        7.8264381885528564,
        7.827657461166382
    ],
    "n_step": 0.0001
}