{
    "train_losses": [
        0.014578271272182464,
        0.011212049312591553,
        0.009578311569690705,
        0.008413427757024765,
        0.007698412811756134,
        0.006963908988237381,
        0.006508498615026474,
        0.0060330587011575695
    ],
    "test_losses": [
        0.011454272532463073,
        0.0093997487783432,
        0.008192225408554077,
        0.00760065957903862,
        0.006712889134883881,
        0.006372033143043518,
        0.006033296495676041,
        0.0060186283767223354
    ],
    "train_errs": [
        67.684,
        52.386,
        44.106,
        38.33,
        35.05,
        31.766,
        29.382,
        27.252
    ],
    "test_errs": [
        53.49,
        42.49,
        36.63,
        34.05,
        29.61,
        28.11,
        26.27,
        25.48
    ],
    "train_accs": [
        32.316,
        47.614,
        55.894,
        61.67,
        64.95,
        68.234,
        70.618,
        72.748
    ],
    "test_acc": [
        46.51,
        57.51,
        63.37,
        65.95,
        70.39,
        71.89,
        73.73,
        74.52
    ],
    "run_time": [
        7.876613140106201,
        7.880252122879028,
        7.8373658657073975,
        7.862256050109863,
        7.883731365203857,
        7.910061597824097,
        7.804228782653809,
        7.8803935050964355
    ],
    "n_step": 0.0003
}