{
    "train_losses": [
        0.007668964631557465,
        0.0061990023970603944,
        0.005937024054527283,
        0.0056913218760490415,
        0.0055097209930419925,
        0.005542229311466217,
        0.005268384642601013,
        0.005186433355808258,
        0.005148948011398315,
        0.005211012096405029,
        0.00505185299873352,
        0.0049443626737594604,
        0.004807108716964722,
        0.004785066161155701,
        0.0048853678560256955,
        0.004936996052265167,
        0.004945359315872192,
        0.004968090829849243,
        0.005003562798500061,
        0.004938253858089447,
        0.004824921712875367,
        0.004794574511051178,
        0.004886008524894714,
        0.005003350155353546,
        0.005001559653282165,
        0.005143857474327087,
        0.005268413159847259,
        0.005238454847335815,
        0.005215413861274719,
        0.005185985016822815,
        0.005181643922328949,
        0.005212903933525086,
        0.0052828169584274295,
        0.005323040952682495,
        0.005196568806171417,
        0.00512985734462738,
        0.005145532836914063,
        0.005209821667671204,
        0.005243161599636078,
        0.005259229815006256
    ],
    "test_losses": [
        0.006432067441940308,
        0.005953682231903076,
        0.005587762427330017,
        0.005320125913619995,
        0.005169454872608185,
        0.0052332066655159,
        0.0048779238700866695,
        0.004806522870063782,
        0.00487433899641037,
        0.0046205923974514005,
        0.0049335074424743655,
        0.0045823164939880374,
        0.004452717268466949,
        0.0045102696418762205,
        0.004614296066761017,
        0.004455961495637894,
        0.004574086081981659,
        0.004482830744981766,
        0.00455766988992691,
        0.004460804522037506,
        0.004419287645816803,
        0.004505953198671341,
        0.0047070130944252015,
        0.004931031715869904,
        0.004561213320493698,
        0.0051226101040840145,
        0.004830402159690857,
        0.0048536914110183715,
        0.004769022560119629,
        0.004883659148216248,
        0.004886587393283844,
        0.004741343379020691,
        0.005016523873806,
        0.0049245924472808835,
        0.004989083194732666,
        0.004718452095985413,
        0.004952526712417603,
        0.004851432800292968,
        0.0051808028817176815,
        0.0049242271900177
    ],
    "train_errs": [
        70.49,
        58.16,
        55.848,
        53.752,
        51.248,
        51.152,
        48.714,
        47.892,
        47.386,
        48.334,
        46.226,
        45.172,
        43.948,
        43.638,
        44.378,
        45.576,
        45.236,
        45.27,
        45.644,
        44.936,
        43.95,
        43.57,
        44.61,
        45.494,
        45.728,
        46.86,
        48.24,
        47.772,
        47.432,
        47.668,
        47.7,
        47.612,
        48.452,
        49.054,
        47.512,
        47.082,
        47.244,
        47.428,
        48.376,
        48.39
    ],
    "test_errs": [
        58.52,
        54.3,
        50.67,
        48.07,
        48.18,
        47.25,
        44.18,
        43.99,
        44.13,
        41.24,
        44.13,
        40.66,
        39.99,
        40.51,
        40.44,
        39.81,
        41.61,
        39.98,
        39.8,
        40.22,
        39.22,
        39.99,
        42.99,
        45.42,
        41.1,
        46.88,
        42.22,
        43.8,
        42.79,
        41.78,
        42.47,
        42.48,
        46.07,
        44.17,
        44.1,
        42.73,
        44.76,
        43.04,
        46.55,
        44.66
    ],
    "train_accs": [
        29.51,
        41.84,
        44.152,
        46.248,
        48.752,
        48.848,
        51.286,
        52.108,
        52.614,
        51.666,
        53.774,
        54.828,
        56.052,
        56.362,
        55.622,
        54.424,
        54.764,
        54.73,
        54.356,
        55.064,
        56.05,
        56.43,
        55.39,
        54.506,
        54.272,
        53.14,
        51.76,
        52.228,
        52.568,
        52.332,
        52.3,
        52.388,
        51.548,
        50.946,
        52.488,
        52.918,
        52.756,
        52.572,
        51.624,
        51.61
    ],
    "test_acc": [
        41.48,
        45.7,
        49.33,
        51.93,
        51.82,
        52.75,
        55.82,
        56.01,
        55.87,
        58.76,
        55.87,
        59.34,
        60.01,
        59.49,
        59.56,
        60.19,
        58.39,
        60.02,
        60.2,
        59.78,
        60.78,
        60.01,
        57.01,
        54.58,
        58.9,
        53.12,
        57.78,
        56.2,
        57.21,
        58.22,
        57.53,
        57.52,
        53.93,
        55.83,
        55.9,
        57.27,
        55.24,
        56.96,
        53.45,
        55.34
    ],
    "run_time": [
        7.891537189483643,
        7.8927390575408936,
        7.889147520065308,
        7.894325494766235,
        7.900803804397583,
        7.907965183258057,
        7.887872695922852,
        7.879367828369141,
        7.8849523067474365,
        7.887465000152588,
        7.890125274658203,
        7.884806156158447,
        7.890214443206787,
        7.877399682998657,
        7.887882709503174,
        7.887132406234741,
        7.913082122802734,
        7.883660316467285,
        7.888529539108276,
        7.886280059814453,
        7.878094673156738,
        7.884809970855713,
        7.879254102706909,
        7.872416734695435,
        7.878981590270996,
        7.8821120262146,
        7.875524044036865,
        7.8751304149627686,
        7.856505632400513,
        7.876958608627319,
        7.861498594284058,
        7.8681299686431885,
        7.854413270950317,
        7.857732534408569,
        7.86689305305481,
        7.843136548995972,
        7.843107223510742,
        7.849108695983887,
        7.837237119674683,
        7.845928430557251
    ],
    "n_step": 0.05
}