{
    "train_losses": [
        0.007634378707408905,
        0.00620685314655304,
        0.005807760560512543,
        0.005733306257724762,
        0.0053407655668258665,
        0.005266792662143707,
        0.005074272541999817,
        0.0048341847157478334,
        0.004716460857391357,
        0.004772868323326111,
        0.004804432921409607,
        0.004843771741390228,
        0.004974945669174194,
        0.004904232730865479,
        0.004818172769546509,
        0.004894215619564057,
        0.004833269646167755,
        0.004721680272817612,
        0.0047280390095710756,
        0.004815388326644897,
        0.004854895339012146,
        0.005085010781288147,
        0.005051745536327362,
        0.004966074033975601,
        0.0049281052255630495,
        0.004946351313591004,
        0.004950446813106537,
        0.005173482921123505,
        0.005115576069355011,
        0.0051665977430343625,
        0.005218214104175568,
        0.005189864559173584,
        0.005164178514480591,
        0.0051952040123939515,
        0.005225698807239532,
        0.005310191366672516,
        0.0053668469953536985,
        0.005243275694847107,
        0.00515224732875824,
        0.005249644544124603
    ],
    "test_losses": [
        0.006215653908252716,
        0.005938797450065612,
        0.005643269693851471,
        0.005441939669847488,
        0.004946397173404693,
        0.004937660121917725,
        0.004753261244297028,
        0.004543026626110077,
        0.004467293620109558,
        0.004516593456268311,
        0.004411938911676407,
        0.0045805156826972965,
        0.004733982336521149,
        0.00443159629702568,
        0.004432886803150177,
        0.004447080075740815,
        0.0045893936514854435,
        0.004499807858467102,
        0.004432003146409989,
        0.004362313967943191,
        0.004477674126625061,
        0.0048136085271835325,
        0.004707136368751526,
        0.0045201333940029145,
        0.004747403675317764,
        0.004588444185256958,
        0.004733669745922088,
        0.005012968909740448,
        0.004842254209518433,
        0.004717112392187119,
        0.004983499789237976,
        0.00472515629529953,
        0.0048072079420089725,
        0.004807612860202789,
        0.004816992175579071,
        0.0050044752717018125,
        0.005138293147087097,
        0.005040358293056488,
        0.0049699488520622255,
        0.004816361796855927
    ],
    "train_errs": [
        69.988,
        58.542,
        54.794,
        53.536,
        49.718,
        48.412,
        46.524,
        44.362,
        42.858,
        43.474,
        43.75,
        43.974,
        45.298,
        44.584,
        43.498,
        44.658,
        43.828,
        42.804,
        43.004,
        43.762,
        43.97,
        46.586,
        46.038,
        45.156,
        45.368,
        45.366,
        44.848,
        47.174,
        46.466,
        47.164,
        47.496,
        47.272,
        46.752,
        47.926,
        47.516,
        48.308,
        49.218,
        47.886,
        46.838,
        48.034
    ],
    "test_errs": [
        56.05,
        54.6,
        51.56,
        49.44,
        45.18,
        44.53,
        43.37,
        40.97,
        39.98,
        39.84,
        38.69,
        41.88,
        41.87,
        38.63,
        39.28,
        39.67,
        39.87,
        39.68,
        39.6,
        38.09,
        39.53,
        43.39,
        41.41,
        39.51,
        42.43,
        41.15,
        41.26,
        44.83,
        43.48,
        41.67,
        45.7,
        41.45,
        42.67,
        43.35,
        41.42,
        44.28,
        46.3,
        43.6,
        44.38,
        42.75
    ],
    "train_accs": [
        30.012,
        41.458,
        45.206,
        46.464,
        50.282,
        51.588,
        53.476,
        55.638,
        57.142,
        56.526,
        56.25,
        56.026,
        54.702,
        55.416,
        56.502,
        55.342,
        56.172,
        57.196,
        56.996,
        56.238,
        56.03,
        53.414,
        53.962,
        54.844,
        54.632,
        54.634,
        55.152,
        52.826,
        53.534,
        52.836,
        52.504,
        52.728,
        53.248,
        52.074,
        52.484,
        51.692,
        50.782,
        52.114,
        53.162,
        51.966
    ],
    "test_acc": [
        43.95,
        45.4,
        48.44,
        50.56,
        54.82,
        55.47,
        56.63,
        59.03,
        60.02,
        60.16,
        61.31,
        58.12,
        58.13,
        61.37,
        60.72,
        60.33,
        60.13,
        60.32,
        60.4,
        61.91,
        60.47,
        56.61,
        58.59,
        60.49,
        57.57,
        58.85,
        58.74,
        55.17,
        56.52,
        58.33,
        54.3,
        58.55,
        57.33,
        56.65,
        58.58,
        55.72,
        53.7,
        56.4,
        55.62,
        57.25
    ],
    "run_time": [
        7.866560935974121,
        7.852173566818237,
        7.851941108703613,
        7.852698802947998,
        7.8606858253479,
        7.891087293624878,
        7.885225534439087,
        7.877620458602905,
        7.869067192077637,
        7.861685514450073,
        7.870665788650513,
        7.8762359619140625,
        7.862083673477173,
        7.855012655258179,
        7.851933479309082,
        7.846630334854126,
        7.857997894287109,
        7.850001335144043,
        7.839927911758423,
        7.867486238479614,
        7.854212760925293,
        7.858245611190796,
        7.857090950012207,
        7.849652290344238,
        7.856943845748901,
        7.858109951019287,
        7.850190162658691,
        7.8430702686309814,
        7.843873023986816,
        7.843311786651611,
        7.848848342895508,
        7.851397514343262,
        7.873373985290527,
        7.8855462074279785,
        7.870643377304077,
        7.871332883834839,
        7.8669960498809814,
        7.885623455047607,
        7.874813079833984,
        7.888388156890869
    ],
    "n_step": 0.005
}