{
    "train_losses": [
        0.0076606747555732725,
        0.006193918237686157,
        0.0058377299737930296,
        0.005640702776908874,
        0.005309305956363678,
        0.0052514441633224485,
        0.0051494145774841306,
        0.005034201774597168,
        0.004958154940605163,
        0.004887462477684021,
        0.00479613614320755,
        0.004811312019824982,
        0.004721104328632355,
        0.004822535805702209,
        0.004802022740840912,
        0.004802612867355347,
        0.004845704808235168,
        0.004891853563785553,
        0.004959079113006592,
        0.004859279851913452,
        0.0048184877252578735,
        0.004841072614192963,
        0.004795667726993561,
        0.004732588713169098,
        0.00478538006067276,
        0.0048095851039886475,
        0.004803591992855072,
        0.004916210095882416,
        0.0050527532815933225,
        0.005124441292285919,
        0.005032402565479279,
        0.005035547685623169,
        0.004930843029022217,
        0.004994801969528198,
        0.005106958703994751,
        0.005058930280208588,
        0.005158951289653778,
        0.005204207992553711,
        0.0051461598324775695,
        0.0052060724472999574
    ],
    "test_losses": [
        0.006295545792579651,
        0.005756456112861633,
        0.005491080725193023,
        0.005136213088035584,
        0.005185719788074494,
        0.0048300613164901736,
        0.0048699419438838955,
        0.004509348654747009,
        0.004811531460285187,
        0.004459521567821503,
        0.0045908792912960055,
        0.00461520898938179,
        0.004353177052736282,
        0.004425939196348191,
        0.004544672155380249,
        0.004604892838001251,
        0.004429870772361755,
        0.004592550414800644,
        0.004530641883611679,
        0.004379402601718902,
        0.004560950380563736,
        0.00436916418671608,
        0.0044000669658184055,
        0.004493299573659897,
        0.004455747908353806,
        0.00466246086359024,
        0.0045293782114982604,
        0.004472848892211914,
        0.004745051461458206,
        0.004779148471355439,
        0.0045532729148864744,
        0.004975782930850983,
        0.004491537195444107,
        0.004643100917339325,
        0.004789539396762848,
        0.004815437436103821,
        0.004887460851669311,
        0.004697195744514465,
        0.004919430267810822,
        0.004977871942520142
    ],
    "train_errs": [
        70.382,
        57.902,
        54.966,
        53.032,
        49.612,
        48.75,
        47.656,
        46.032,
        45.742,
        44.804,
        43.744,
        43.752,
        42.91,
        43.74,
        43.816,
        43.788,
        44.374,
        44.36,
        45.144,
        44.332,
        44.642,
        44.244,
        43.808,
        43.344,
        43.542,
        44.07,
        43.886,
        44.976,
        46.048,
        46.374,
        45.526,
        45.88,
        45.076,
        45.76,
        46.452,
        46.088,
        47.202,
        47.342,
        47.578,
        47.902
    ],
    "test_errs": [
        56.42,
        51.97,
        51.13,
        46.61,
        46.69,
        44.84,
        43.4,
        40.21,
        43.58,
        39.7,
        40.18,
        42.02,
        38.33,
        38.92,
        40.49,
        41.11,
        38.92,
        39.83,
        39.66,
        38.5,
        40.63,
        39.17,
        39.41,
        39.66,
        39.66,
        42.04,
        40.24,
        39.6,
        41.77,
        42.71,
        40.46,
        44.08,
        40.61,
        40.71,
        43.16,
        43.37,
        44.23,
        42.32,
        43.86,
        45.06
    ],
    "train_accs": [
        29.618,
        42.098,
        45.034,
        46.968,
        50.388,
        51.25,
        52.344,
        53.968,
        54.258,
        55.196,
        56.256,
        56.248,
        57.09,
        56.26,
        56.184,
        56.212,
        55.626,
        55.64,
        54.856,
        55.668,
        55.358,
        55.756,
        56.192,
        56.656,
        56.458,
        55.93,
        56.114,
        55.024,
        53.952,
        53.626,
        54.474,
        54.12,
        54.924,
        54.24,
        53.548,
        53.912,
        52.798,
        52.658,
        52.422,
        52.098
    ],
    "test_acc": [
        43.58,
        48.03,
        48.87,
        53.39,
        53.31,
        55.16,
        56.6,
        59.79,
        56.42,
        60.3,
        59.82,
        57.98,
        61.67,
        61.08,
        59.51,
        58.89,
        61.08,
        60.17,
        60.34,
        61.5,
        59.37,
        60.83,
        60.59,
        60.34,
        60.34,
        57.96,
        59.76,
        60.4,
        58.23,
        57.29,
        59.54,
        55.92,
        59.39,
        59.29,
        56.84,
        56.63,
        55.77,
        57.68,
        56.14,
        54.94
    ],
    "run_time": [
        7.885647535324097,
        7.890601873397827,
        7.878436088562012,
        7.878053903579712,
        7.870041370391846,
        7.882242679595947,
        7.8562469482421875,
        7.8650267124176025,
        7.859420299530029,
        7.87861442565918,
        7.872209548950195,
        7.872123718261719,
        7.869256973266602,
        7.877660751342773,
        7.877714157104492,
        7.877506971359253,
        7.878068447113037,
        7.883389711380005,
        7.876404523849487,
        7.872198820114136,
        7.8774707317352295,
        7.881981134414673,
        7.870234727859497,
        7.8688883781433105,
        7.89423131942749,
        7.8724730014801025,
        7.872107267379761,
        7.866151332855225,
        7.870987176895142,
        7.874186992645264,
        7.873291969299316,
        7.879848480224609,
        7.896811485290527,
        7.886316299438477,
        7.880587816238403,
        7.888539791107178,
        7.87944769859314,
        7.8891987800598145,
        7.897917985916138,
        7.870845794677734
    ],
    "n_step": 0.001
}