{
    "train_losses": [
        0.007613213384151459,
        0.0062434671139717105,
        0.005955320587158203,
        0.005578659415245056,
        0.00541402544260025,
        0.0052382614040374755,
        0.005117398252487183,
        0.004948141498565674,
        0.004845009875297546,
        0.004903379006385804,
        0.004941791212558747,
        0.0048389742994308475,
        0.00488281777381897,
        0.00489770660161972,
        0.004794605014324188,
        0.004746643567085266,
        0.004739462425708771,
        0.0047660894680023195,
        0.004902458584308624,
        0.004883460865020752,
        0.004867791631221771,
        0.004961886479854584,
        0.004965095677375794,
        0.004999966595172882,
        0.004917088053226471,
        0.00497517263174057,
        0.004889979040622711,
        0.004912399199008942,
        0.004868021166324616,
        0.004785771465301514,
        0.004931035919189453,
        0.00507509667634964,
        0.005205075602531433,
        0.005070440623760223,
        0.0050045801186561585,
        0.004998150229454041,
        0.004931227588653564,
        0.005059688355922699,
        0.005112957701683045,
        0.005108596181869506
    ],
    "test_losses": [
        0.006553413391113282,
        0.005882104241847992,
        0.006092061114311219,
        0.005269724500179291,
        0.005131657671928406,
        0.004876040041446685,
        0.004808462619781494,
        0.004419261139631272,
        0.004587240397930146,
        0.0046752411961555485,
        0.004623254191875458,
        0.004591155040264129,
        0.004698401188850403,
        0.00442154450416565,
        0.004309189975261688,
        0.00446184309720993,
        0.004355147695541382,
        0.0046138031363487245,
        0.004520702403783799,
        0.004617361146211624,
        0.004564943850040436,
        0.004730273258686066,
        0.004645037794113159,
        0.0047104220271110536,
        0.004610777068138123,
        0.0046942728519439696,
        0.004444548654556274,
        0.004550326699018478,
        0.004525976079702378,
        0.004614672178030014,
        0.004843563342094422,
        0.004809906816482544,
        0.004710235524177551,
        0.00462745749950409,
        0.004757103908061981,
        0.004886910223960876,
        0.004637853240966797,
        0.0047037972092628475,
        0.004684593820571899,
        0.004890061020851135
    ],
    "train_errs": [
        70.204,
        58.82,
        56.366,
        52.278,
        50.202,
        48.138,
        46.784,
        45.398,
        44.502,
        44.774,
        45.072,
        44.116,
        44.474,
        44.446,
        43.506,
        42.99,
        42.91,
        43.072,
        44.936,
        44.09,
        44.322,
        44.968,
        45.34,
        45.616,
        44.352,
        45.286,
        44.762,
        44.856,
        44.076,
        43.47,
        44.774,
        46.092,
        47.73,
        46.626,
        45.98,
        45.68,
        44.9,
        46.018,
        46.634,
        46.69
    ],
    "test_errs": [
        61.02,
        53.87,
        56.94,
        48.31,
        46.24,
        42.99,
        42.58,
        38.44,
        41.14,
        42.33,
        40.72,
        41.45,
        41.57,
        38.84,
        38.0,
        39.4,
        37.83,
        40.79,
        40.4,
        40.41,
        40.24,
        42.6,
        41.55,
        42.24,
        41.61,
        42.0,
        39.36,
        39.5,
        39.44,
        40.87,
        43.54,
        42.75,
        42.48,
        42.64,
        43.05,
        42.97,
        40.84,
        41.9,
        42.75,
        43.52
    ],
    "train_accs": [
        29.796,
        41.18,
        43.634,
        47.722,
        49.798,
        51.862,
        53.216,
        54.602,
        55.498,
        55.226,
        54.928,
        55.884,
        55.526,
        55.554,
        56.494,
        57.01,
        57.09,
        56.928,
        55.064,
        55.91,
        55.678,
        55.032,
        54.66,
        54.384,
        55.648,
        54.714,
        55.238,
        55.144,
        55.924,
        56.53,
        55.226,
        53.908,
        52.27,
        53.374,
        54.02,
        54.32,
        55.1,
        53.982,
        53.366,
        53.31
    ],
    "test_acc": [
        38.98,
        46.13,
        43.06,
        51.69,
        53.76,
        57.01,
        57.42,
        61.56,
        58.86,
        57.67,
        59.28,
        58.55,
        58.43,
        61.16,
        62.0,
        60.6,
        62.17,
        59.21,
        59.6,
        59.59,
        59.76,
        57.4,
        58.45,
        57.76,
        58.39,
        58.0,
        60.64,
        60.5,
        60.56,
        59.13,
        56.46,
        57.25,
        57.52,
        57.36,
        56.95,
        57.03,
        59.16,
        58.1,
        57.25,
        56.48
    ],
    "run_time": [
        7.917004585266113,
        7.897563934326172,
        7.899944305419922,
        7.906782150268555,
        7.8948376178741455,
        7.888490915298462,
        7.892899751663208,
        7.909010410308838,
        7.891117334365845,
        7.898879528045654,
        7.896040439605713,
        7.898715019226074,
        7.897486448287964,
        7.910354852676392,
        7.897520065307617,
        7.8995361328125,
        7.877960443496704,
        7.898450136184692,
        7.895292520523071,
        7.891435146331787,
        7.898596286773682,
        7.902703285217285,
        7.88745379447937,
        7.884880304336548,
        7.885583400726318,
        7.881808757781982,
        7.896292448043823,
        7.88389253616333,
        7.885124444961548,
        7.887566089630127,
        7.885253429412842,
        7.8960607051849365,
        7.892267227172852,
        7.8922553062438965,
        7.8889007568359375,
        7.896071910858154,
        7.886905193328857,
        7.8860485553741455,
        7.894323348999023,
        7.888216257095337
    ],
    "n_step": 0.03
}