{
    "train_losses": [
        0.01669559674501419,
        0.013465486671924591,
        0.011485769307613372,
        0.01001989972114563,
        0.008790545234680177,
        0.008033593572378159,
        0.0073518554151058195,
        0.006885928454399109,
        0.006564048960208893,
        0.0062889279836416245,
        0.006017637939453125,
        0.0058470314967632294,
        0.005600141667723655,
        0.0055028162735700605,
        0.005297912923097611,
        0.005187224334478378,
        0.005066272863149643,
        0.004901772266030312,
        0.004819560522437096,
        0.004764271129369736,
        0.0046130017787218095,
        0.004567124987244606,
        0.004463823261857033,
        0.004356961844563485,
        0.0043153351575136185,
        0.004222250309586525,
        0.0041553536587953565,
        0.004112711359262467,
        0.00402649977684021
    ],
    "test_losses": [
        0.015567927122116089,
        0.011893574976921081,
        0.01025896109342575,
        0.008832851666212081,
        0.007792837977409363,
        0.00848210887312889,
        0.006922826766967773,
        0.00654069487452507,
        0.0061012435406446455,
        0.00697649707198143,
        0.00603478364944458,
        0.006440085148811341,
        0.005592049655318261,
        0.005670153698325157,
        0.005690056321024895,
        0.0056579853057861325,
        0.005193657669425011,
        0.005091543897986412,
        0.004751307657361031,
        0.005014397710561752,
        0.00547530944943428,
        0.004934664836525917,
        0.004793567970395088,
        0.005010661455988884,
        0.005249736821651458,
        0.005099094876646996,
        0.005301700717210769,
        0.004733622336387635,
        0.0053578323304653164
    ],
    "train_errs": [
        79.544,
        62.984,
        53.224,
        46.156,
        39.756,
        36.296,
        32.924,
        30.796,
        29.368,
        28.05,
        26.836,
        25.94,
        25.03,
        24.554,
        23.358,
        23.034,
        22.338,
        21.784,
        21.14,
        21.174,
        20.524,
        20.28,
        19.896,
        19.452,
        19.158,
        18.716,
        18.52,
        18.228,
        17.93
    ],
    "test_errs": [
        72.34,
        54.28,
        46.51,
        39.99,
        34.69,
        36.36,
        29.99,
        28.61,
        26.52,
        29.49,
        26.82,
        26.45,
        24.07,
        24.38,
        24.23,
        24.24,
        21.95,
        21.6,
        20.44,
        21.8,
        23.21,
        20.51,
        20.25,
        20.84,
        22.11,
        20.36,
        21.65,
        19.63,
        21.93
    ],
    "train_accs": [
        20.456,
        37.016,
        46.776,
        53.844,
        60.244,
        63.704,
        67.076,
        69.204,
        70.632,
        71.95,
        73.164,
        74.06,
        74.97,
        75.446,
        76.642,
        76.966,
        77.662,
        78.216,
        78.86,
        78.826,
        79.476,
        79.72,
        80.104,
        80.548,
        80.842,
        81.284,
        81.48,
        81.772,
        82.07
    ],
    "test_acc": [
        27.66,
        45.72,
        53.49,
        60.01,
        65.31,
        63.64,
        70.01,
        71.39,
        73.48,
        70.51,
        73.18,
        73.55,
        75.93,
        75.62,
        75.77,
        75.76,
        78.05,
        78.4,
        79.56,
        78.2,
        76.79,
        79.49,
        79.75,
        79.16,
        77.89,
        79.64,
        78.35,
        80.37,
        78.07
    ],
    "run_time": [
        7.606013774871826,
        7.61558985710144,
        7.6161580085754395,
        7.636431932449341,
        7.621943235397339,
        7.618381500244141,
        7.625479221343994,
        7.605658292770386,
        7.623720645904541,
        7.614414930343628,
        7.605987071990967,
        7.605299949645996,
        7.612287998199463,
        7.6191956996917725,
        7.610372543334961,
        7.621766805648804,
        7.610536813735962,
        7.594761371612549,
        7.593350410461426,
        7.597143173217773,
        7.6033689975738525,
        7.6058831214904785,
        7.6001410484313965,
        7.597973585128784,
        7.597211837768555,
        7.599338531494141,
        7.603297472000122,
        7.6207404136657715,
        7.5939977169036865
    ],
    "n_step": 3
}