{
    "train_losses": [
        0.01289104166984558,
        0.00964831465125084,
        0.007933333791494369,
        0.0069298872196674344,
        0.006176784805059433,
        0.005686467462778092,
        0.0052406710773706434,
        0.0049788829612731934,
        0.004723492837548256,
        0.004407719775438309,
        0.004228482638001442,
        0.004016123763918877,
        0.0038477836829423906,
        0.0036947240257263186,
        0.003536624057292938,
        0.003406704095005989,
        0.003276791442334652,
        0.003175922690629959,
        0.0030401111048460007,
        0.0029216837620735167,
        0.0028424081632494927,
        0.0027515367829799653,
        0.00262979177236557,
        0.0026249566277861593,
        0.002471067350208759,
        0.0024228664445877074,
        0.00237238296687603,
        0.0023309429091215132,
        0.0022318398448824884
    ],
    "test_losses": [
        0.009588736099004746,
        0.008181138253211975,
        0.007791690844297409,
        0.006101359087228775,
        0.005675091391801834,
        0.005370541572570801,
        0.005005955320596695,
        0.0054111496806144715,
        0.005037466344237328,
        0.004820437616109848,
        0.004414177057147026,
        0.0042481259673833845,
        0.005052248552441597,
        0.004430660489201546,
        0.0043297430336475375,
        0.004215586280822754,
        0.003979559281468392,
        0.004303905045986175,
        0.004361947974562645,
        0.004188455167412758,
        0.004183549165725708,
        0.004146662946045399,
        0.005107415562868118,
        0.004105692756175995,
        0.004286626052856445,
        0.004171780037879944,
        0.004265517637133598,
        0.004288712514936924,
        0.004443192604184151
    ],
    "train_errs": [
        60.004,
        44.092,
        36.004,
        31.198,
        27.642,
        25.536,
        23.276,
        22.404,
        21.244,
        19.548,
        18.864,
        17.972,
        17.246,
        16.614,
        15.914,
        15.172,
        14.658,
        14.28,
        13.59,
        13.084,
        12.634,
        12.308,
        11.93,
        11.712,
        11.086,
        10.966,
        10.468,
        10.65,
        9.984
    ],
    "test_errs": [
        43.69,
        36.35,
        34.4,
        26.59,
        24.82,
        23.27,
        21.63,
        23.17,
        20.93,
        20.65,
        18.87,
        17.92,
        20.58,
        18.89,
        18.26,
        17.74,
        16.82,
        17.75,
        17.69,
        17.26,
        17.2,
        16.97,
        19.39,
        16.19,
        16.38,
        15.84,
        16.84,
        16.21,
        17.0
    ],
    "train_accs": [
        39.996,
        55.908,
        63.996,
        68.802,
        72.358,
        74.464,
        76.724,
        77.596,
        78.756,
        80.452,
        81.136,
        82.028,
        82.754,
        83.386,
        84.086,
        84.828,
        85.342,
        85.72,
        86.41,
        86.916,
        87.366,
        87.692,
        88.07,
        88.288,
        88.914,
        89.034,
        89.532,
        89.35,
        90.016
    ],
    "test_acc": [
        56.31,
        63.65,
        65.6,
        73.41,
        75.18,
        76.73,
        78.37,
        76.83,
        79.07,
        79.35,
        81.13,
        82.08,
        79.42,
        81.11,
        81.74,
        82.26,
        83.18,
        82.25,
        82.31,
        82.74,
        82.8,
        83.03,
        80.61,
        83.81,
        83.62,
        84.16,
        83.16,
        83.79,
        83.0
    ],
    "run_time": [
        7.834529399871826,
        7.622285604476929,
        7.615633249282837,
        7.624856472015381,
        7.621497869491577,
        7.608308553695679,
        7.653832912445068,
        7.611459970474243,
        7.625035762786865,
        7.595475912094116,
        7.610430717468262,
        7.59989333152771,
        7.612508773803711,
        7.611088752746582,
        7.629940032958984,
        7.621596336364746,
        7.614523887634277,
        7.605565786361694,
        7.592086315155029,
        7.5833375453948975,
        7.612877607345581,
        7.568207025527954,
        7.577600002288818,
        7.596935272216797,
        7.582385301589966,
        7.611608028411865,
        7.604180335998535,
        7.610528469085693,
        7.603262901306152
    ],
    "n_step": 1
}