{
    "train_losses": [
        0.01829860314846039,
        0.0180155012178421,
        0.018017014741897583,
        0.01801783688545227,
        0.018015462889671326,
        0.018016244969367982,
        0.018017099628448486,
        0.018014731159210207,
        0.018014427394866944,
        0.018015085110664367,
        0.018017675909996034,
        0.018015464673042297,
        0.018014803061485292,
        0.018017504658699036,
        0.018017186942100524,
        0.018017285318374633,
        0.01801717643737793,
        0.01801695324420929,
        0.01801636679649353,
        0.018016833896636962,
        0.01801765016078949,
        0.018015105462074278,
        0.01801759223461151,
        0.018017916569709778,
        0.018017765069007874,
        0.01801509277820587,
        0.018017640728950502,
        0.018017024359703065,
        0.0180169770526886
    ],
    "test_losses": [
        0.01820478172302246,
        0.018199155521392823,
        0.018192506980895997,
        0.018197516894340515,
        0.01819703860282898,
        0.018201052618026733,
        0.01820554280281067,
        0.01819763877391815,
        0.018201394724845887,
        0.01820046558380127,
        0.01819499137401581,
        0.01820494108200073,
        0.01819431595802307,
        0.0181947212934494,
        0.0182059193611145,
        0.018209887981414794,
        0.018195416831970214,
        0.01819480743408203,
        0.018193185901641845,
        0.01819452428817749,
        0.018199169850349427,
        0.018199537920951844,
        0.018198082399368286,
        0.01819616279602051,
        0.018196562814712526,
        0.018203439474105836,
        0.018195273900032043,
        0.01820176215171814,
        0.01819794008731842
    ],
    "train_errs": [
        90.064,
        89.944,
        90.296,
        90.344,
        90.236,
        89.926,
        89.86,
        89.982,
        89.784,
        89.972,
        90.094,
        90.0,
        89.82,
        90.256,
        90.088,
        90.046,
        90.306,
        90.08,
        90.194,
        90.15,
        90.25,
        89.906,
        90.08,
        90.186,
        90.04,
        89.818,
        90.058,
        90.248,
        90.058
    ],
    "test_errs": [
        90.0,
        90.0,
        90.0,
        90.0,
        90.0,
        90.0,
        90.0,
        90.0,
        90.0,
        90.0,
        90.0,
        90.0,
        90.0,
        90.0,
        90.0,
        90.0,
        90.0,
        90.0,
        90.0,
        90.0,
        90.0,
        90.0,
        90.0,
        90.0,
        90.0,
        90.0,
        90.0,
        90.0,
        90.0
    ],
    "train_accs": [
        9.936,
        10.056,
        9.704,
        9.656,
        9.764,
        10.074,
        10.14,
        10.018,
        10.216,
        10.028,
        9.906,
        10.0,
        10.18,
        9.744,
        9.912,
        9.954,
        9.694,
        9.92,
        9.806,
        9.85,
        9.75,
        10.094,
        9.92,
        9.814,
        9.96,
        10.182,
        9.942,
        9.752,
        9.942
    ],
    "test_acc": [
        10.0,
        10.0,
        10.0,
        10.0,
        10.0,
        10.0,
        10.0,
        10.0,
        10.0,
        10.0,
        10.0,
        10.0,
        10.0,
        10.0,
        10.0,
        10.0,
        10.0,
        10.0,
        10.0,
        10.0,
        10.0,
        10.0,
        10.0,
        10.0,
        10.0,
        10.0,
        10.0,
        10.0,
        10.0
    ],
    "run_time": [
        7.6785643100738525,
        7.661321401596069,
        7.646243572235107,
        7.651582956314087,
        7.6395392417907715,
        7.647194862365723,
        7.647233724594116,
        7.643139839172363,
        7.645925521850586,
        7.658559560775757,
        7.647937774658203,
        7.641782760620117,
        7.6461241245269775,
        7.640101194381714,
        7.640417098999023,
        7.648574113845825,
        7.6569983959198,
        7.638864278793335,
        7.627441883087158,
        7.638843059539795,
        7.641371011734009,
        7.62923789024353,
        7.6388328075408936,
        7.636970281600952,
        7.63698410987854,
        7.643614768981934,
        7.6469926834106445,
        7.655535697937012,
        7.648465156555176
    ],
    "n_step": 5
}