{
    "train_losses": [
        0.01405131937980652,
        0.010563146238327027,
        0.00894103768825531,
        0.007656182823181153,
        0.007183340427875519,
        0.006647023890018463,
        0.006210293336510658,
        0.006020232422351837,
        0.005778849813938141,
        0.005664358133077621,
        0.0056985403329133984,
        0.005662502982020378,
        0.005577489738464355,
        0.00562837999343872,
        0.0056225185549259185,
        0.005632214232087135,
        0.005813179306983948,
        0.0060828241300582885,
        0.006238561041355133,
        0.0062694894874095915,
        0.006414642685651779,
        0.006467351433038711,
        0.006713975411653519,
        0.006535895891189575,
        0.006709693245887756,
        0.006706955202817917,
        0.006858923652172088,
        0.0073090468382835385,
        0.0077512189614772796,
        0.007852750823497772
    ],
    "test_losses": [
        0.011061035037040711,
        0.008931849789619447,
        0.0075390505611896514,
        0.006846434134244919,
        0.006754028695821762,
        0.005932408636808395,
        0.0057805835008621215,
        0.0057067636013031,
        0.005749549821019172,
        0.005778340286016464,
        0.005789206236600876,
        0.005774631717801094,
        0.005638363361358642,
        0.005752312478423119,
        0.005756799137592316,
        0.006007629561424256,
        0.005978439453244209,
        0.006269705319404602,
        0.006394353771209717,
        0.006369978642463684,
        0.006490525710582733,
        0.006590993583202362,
        0.006782925289869309,
        0.006437145960330963,
        0.006916237539052963,
        0.006878407508134842,
        0.007187831485271454,
        0.007318802893161774,
        0.007520111632347107,
        0.007627460843324661
    ],
    "train_errs": [
        65.596,
        49.01,
        40.754,
        34.682,
        32.35,
        29.89,
        27.868,
        26.998,
        25.92,
        25.34,
        25.28,
        24.974,
        24.696,
        24.766,
        24.722,
        24.758,
        25.184,
        26.468,
        27.06,
        27.062,
        27.536,
        27.878,
        28.68,
        28.272,
        28.586,
        28.902,
        29.084,
        30.374,
        32.686,
        33.04
    ],
    "test_errs": [
        51.15,
        40.97,
        33.3,
        30.63,
        29.57,
        25.95,
        25.68,
        24.37,
        24.94,
        24.13,
        24.34,
        24.11,
        24.07,
        24.03,
        23.73,
        24.86,
        24.36,
        25.18,
        26.24,
        25.11,
        26.65,
        26.62,
        27.56,
        26.32,
        27.66,
        26.84,
        28.63,
        29.82,
        29.64,
        30.63
    ],
    "train_accs": [
        34.404,
        50.99,
        59.246,
        65.318,
        67.65,
        70.11,
        72.132,
        73.002,
        74.08,
        74.66,
        74.72,
        75.026,
        75.304,
        75.234,
        75.278,
        75.242,
        74.816,
        73.532,
        72.94,
        72.938,
        72.464,
        72.122,
        71.32,
        71.728,
        71.414,
        71.098,
        70.916,
        69.626,
        67.314,
        66.96
    ],
    "test_acc": [
        48.85,
        59.03,
        66.7,
        69.37,
        70.43,
        74.05,
        74.32,
        75.63,
        75.06,
        75.87,
        75.66,
        75.89,
        75.93,
        75.97,
        76.27,
        75.14,
        75.64,
        74.82,
        73.76,
        74.89,
        73.35,
        73.38,
        72.44,
        73.68,
        72.34,
        73.16,
        71.37,
        70.18,
        70.36,
        69.37
    ],
    "run_time": [
        10.26420783996582,
        7.932143688201904,
        7.886997938156128,
        7.885487079620361,
        7.8623809814453125,
        7.8931756019592285,
        7.886551856994629,
        7.908603668212891,
        7.893710136413574,
        7.901144981384277,
        7.897453308105469,
        7.89405369758606,
        7.919656991958618,
        7.875084161758423,
        7.896534204483032,
        7.874241828918457,
        7.8966217041015625,
        7.866539716720581,
        7.868880987167358,
        7.88079571723938,
        7.890389680862427,
        7.8907692432403564,
        7.895474910736084,
        7.88020920753479,
        7.873722314834595,
        7.898618459701538,
        7.873245716094971,
        7.8678507804870605,
        7.864880323410034,
        7.879964113235474
    ],
    "n_step": 0.0007
}