{
    "train_losses": [
        0.012740212950706481,
        0.009533888219594956,
        0.007943694585561753,
        0.006929995419979095,
        0.006247301938533783,
        0.005730566936731339,
        0.0053022514152526855,
        0.004982431271076202,
        0.004657815080285072,
        0.0044274032664299015,
        0.004205905153751373,
        0.004019142867326736,
        0.0038454285979270934,
        0.0036710352689027785,
        0.0035201069578528403,
        0.0033771916726231576,
        0.003262382259964943,
        0.003143439905047417,
        0.0030130988258123396,
        0.0028735809007287027,
        0.002820199685692787,
        0.002737409456372261,
        0.0026465798914432526,
        0.0025939485344290735,
        0.0025006559601426126,
        0.0023952223125100138,
        0.002347495784461498,
        0.002291729392409325,
        0.0022162678599357607,
        0.0021329704400897026,
        0.0021000710932910444,
        0.00201651351749897,
        0.0019753224147856237,
        0.001963625904619694,
        0.0018795443412661552,
        0.0018385146009922027,
        0.0018110007590055467,
        0.0017441181498765944,
        0.0017224911025166512,
        0.001707088418006897,
        0.0016183823066949845,
        0.0016439998151361942,
        0.0015905519433319568,
        0.0015407703469693661,
        0.0014915868674218655,
        0.0014691477309167384,
        0.0014563376304507255,
        0.0014077497865259648,
        0.001393045403212309,
        0.0013683442297577858
    ],
    "test_losses": [
        0.01042492038011551,
        0.008690214002132416,
        0.007274529528617859,
        0.006399106246232986,
        0.005738294142484665,
        0.005649729943275452,
        0.005851876544952393,
        0.00505061499774456,
        0.005324708274006843,
        0.004603474593162536,
        0.00446719112098217,
        0.005367632573843002,
        0.004438143947720527,
        0.004285125982761383,
        0.004209471261501312,
        0.004418832874298096,
        0.004244884546101093,
        0.004402875734865665,
        0.004677797904610634,
        0.003987875065207481,
        0.004042755202949047,
        0.004036568672955036,
        0.004218284243345261,
        0.004276740062236786,
        0.004704030072689057,
        0.004126135486364365,
        0.004181948575377464,
        0.0043037467658519745,
        0.0040581088542938236,
        0.0041957159757614135,
        0.004490519145131111,
        0.00414912813603878,
        0.004419184005260468,
        0.004265168750286102,
        0.005057622495293617,
        0.004198097525537014,
        0.004203589203953743,
        0.004403329142928123,
        0.004257184028625488,
        0.004634868022799492,
        0.004842483776807785,
        0.00449503710269928,
        0.004456785455346108,
        0.004698585361242295,
        0.004423539167642593,
        0.004530561117827892,
        0.004440857739746571,
        0.004854982510209083,
        0.004461009466648101,
        0.004583817954361438
    ],
    "train_errs": [
        59.512,
        43.616,
        35.95,
        31.322,
        27.862,
        25.68,
        23.662,
        22.166,
        21.016,
        19.91,
        18.77,
        18.09,
        17.136,
        16.61,
        15.774,
        15.242,
        14.51,
        14.31,
        13.36,
        12.874,
        12.606,
        12.286,
        11.724,
        11.7,
        11.29,
        10.676,
        10.462,
        10.158,
        9.828,
        9.524,
        9.446,
        9.038,
        8.758,
        8.894,
        8.402,
        8.23,
        8.108,
        7.728,
        7.668,
        7.602,
        7.224,
        7.3,
        7.25,
        6.922,
        6.642,
        6.564,
        6.578,
        6.286,
        6.312,
        6.12
    ],
    "test_errs": [
        48.9,
        39.02,
        32.53,
        27.89,
        25.15,
        24.26,
        25.06,
        21.72,
        22.72,
        20.17,
        19.25,
        22.42,
        19.17,
        18.29,
        17.45,
        18.5,
        17.41,
        18.17,
        18.95,
        16.13,
        16.38,
        15.93,
        16.77,
        17.18,
        17.79,
        16.24,
        15.76,
        16.62,
        16.06,
        16.18,
        16.27,
        15.96,
        16.02,
        16.08,
        17.7,
        15.27,
        15.39,
        15.83,
        15.12,
        16.47,
        16.39,
        15.6,
        15.7,
        15.3,
        14.96,
        14.94,
        15.04,
        15.44,
        15.32,
        15.5
    ],
    "train_accs": [
        40.488,
        56.384,
        64.05,
        68.678,
        72.138,
        74.32,
        76.338,
        77.834,
        78.984,
        80.09,
        81.23,
        81.91,
        82.864,
        83.39,
        84.226,
        84.758,
        85.49,
        85.69,
        86.64,
        87.126,
        87.394,
        87.714,
        88.276,
        88.3,
        88.71,
        89.324,
        89.538,
        89.842,
        90.172,
        90.476,
        90.554,
        90.962,
        91.242,
        91.106,
        91.598,
        91.77,
        91.892,
        92.272,
        92.332,
        92.398,
        92.776,
        92.7,
        92.75,
        93.078,
        93.358,
        93.436,
        93.422,
        93.714,
        93.688,
        93.88
    ],
    "test_acc": [
        51.1,
        60.98,
        67.47,
        72.11,
        74.85,
        75.74,
        74.94,
        78.28,
        77.28,
        79.83,
        80.75,
        77.58,
        80.83,
        81.71,
        82.55,
        81.5,
        82.59,
        81.83,
        81.05,
        83.87,
        83.62,
        84.07,
        83.23,
        82.82,
        82.21,
        83.76,
        84.24,
        83.38,
        83.94,
        83.82,
        83.73,
        84.04,
        83.98,
        83.92,
        82.3,
        84.73,
        84.61,
        84.17,
        84.88,
        83.53,
        83.61,
        84.4,
        84.3,
        84.7,
        85.04,
        85.06,
        84.96,
        84.56,
        84.68,
        84.5
    ],
    "run_time": [
        7.495076894760132,
        7.472313165664673,
        7.471161127090454,
        7.478381156921387,
        7.491940259933472,
        7.4890358448028564,
        7.486928939819336,
        7.498350620269775,
        7.485586881637573,
        7.47954249382019,
        7.480182409286499,
        7.480800628662109,
        7.482533931732178,
        7.477958917617798,
        7.488707065582275,
        7.499622583389282,
        7.49664568901062,
        7.484392881393433,
        7.517452716827393,
        7.497643709182739,
        7.509675741195679,
        7.495876789093018,
        7.512845277786255,
        7.492219924926758,
        7.486851215362549,
        7.518194198608398,
        7.501615285873413,
        7.473126173019409,
        7.504296541213989,
        7.484952449798584,
        7.496733903884888,
        7.492870569229126,
        7.5117528438568115,
        7.489561557769775,
        7.526510000228882,
        7.499584913253784,
        7.511659860610962,
        7.5014142990112305,
        7.507319927215576,
        7.479528903961182,
        7.512695074081421,
        7.488198518753052,
        7.501282215118408,
        7.499671220779419,
        7.515125274658203,
        7.530290603637695,
        7.518776178359985,
        7.501553535461426,
        7.516033887863159,
        7.492316246032715
    ],
    "n_step": 0.128
}