{
    "train_losses": [
        0.008871202982664108,
        0.004050283123254776,
        0.0024833425915241243,
        0.0017882900504767895,
        0.0014094869907200337,
        0.0011378842238336801,
        0.0009639748083055019,
        0.0008077515340596437,
        0.0007220471718907357,
        0.0006265573343634606,
        0.0005467133389413357,
        0.0004971472749486566,
        0.0004553888791799545,
        0.00040909113340079783,
        0.00036062898259609937,
        0.0003348518968373537,
        0.0003154059417173266,
        0.0002963897443190217,
        0.00026992863040417435,
        0.0002520224761776626,
        0.00024724592162296175,
        0.00021693672928959132,
        0.0002056693746894598,
        0.00019560077585279942,
        0.00018643918056041002,
        0.00017271213440224527,
        0.00016500328095629812,
        0.00015597149927169086,
        0.00014342044978402554,
        0.00013949148070067167
    ],
    "test_losses": [
        0.008284983432292939,
        0.007298990648984909,
        0.006797126346826553,
        0.005889159458875656,
        0.005767787390947342,
        0.0056312998265027996,
        0.0053175736784935,
        0.0053769588500261305,
        0.005148495310544968,
        0.005191438725590706,
        0.005247445064783096,
        0.0053647352576255795,
        0.00482263514995575,
        0.004932811602950096,
        0.004882988971471786,
        0.005167772144079209,
        0.00487646147608757,
        0.004997103056311607,
        0.004939377310872078,
        0.005026685535907746,
        0.00511842075586319,
        0.004832170474529267,
        0.005072255784273148,
        0.004845434983074665,
        0.004979768449068069,
        0.004877635842561722,
        0.005076350870728493,
        0.005014715251326561,
        0.004954863011837006,
        0.004956200581789017
    ],
    "train_errs": [
        53.34,
        36.014,
        29.974,
        26.312,
        24.124,
        22.064,
        20.724,
        19.554,
        18.146,
        17.268,
        16.59,
        15.586,
        14.95,
        14.218,
        13.564,
        13.134,
        12.516,
        12.068,
        11.896,
        11.604,
        11.058,
        10.574,
        10.224,
        9.98,
        9.63,
        9.386,
        9.132,
        8.798,
        8.424,
        8.466
    ],
    "test_errs": [
        37.06,
        30.31,
        27.02,
        24.14,
        23.54,
        22.51,
        21.45,
        20.46,
        19.69,
        20.21,
        19.79,
        19.42,
        17.85,
        18.59,
        17.58,
        18.17,
        17.97,
        17.55,
        17.51,
        17.25,
        17.47,
        16.51,
        17.12,
        16.43,
        16.55,
        15.8,
        16.64,
        16.41,
        15.75,
        15.64
    ],
    "train_accs": [
        46.66,
        63.986,
        70.026,
        73.688,
        75.876,
        77.936,
        79.276,
        80.446,
        81.854,
        82.732,
        83.41,
        84.414,
        85.05,
        85.782,
        86.436,
        86.866,
        87.484,
        87.932,
        88.104,
        88.396,
        88.942,
        89.426,
        89.776,
        90.02,
        90.37,
        90.614,
        90.868,
        91.202,
        91.576,
        91.534
    ],
    "test_acc": [
        62.94,
        69.69,
        72.98,
        75.86,
        76.46,
        77.49,
        78.55,
        79.54,
        80.31,
        79.79,
        80.21,
        80.58,
        82.15,
        81.41,
        82.42,
        81.83,
        82.03,
        82.45,
        82.49,
        82.75,
        82.53,
        83.49,
        82.88,
        83.57,
        83.45,
        84.2,
        83.36,
        83.59,
        84.25,
        84.36
    ],
    "run_time": [
        8.904931783676147,
        8.90018105506897,
        8.918148756027222,
        8.904523372650146,
        8.966858386993408,
        8.869447231292725,
        8.847208023071289,
        8.907601356506348,
        8.844860792160034,
        8.921205997467041,
        8.766690492630005,
        8.840062379837036,
        8.884687185287476,
        8.792750120162964,
        8.866535186767578,
        8.791764259338379,
        8.912471771240234,
        8.879687786102295,
        8.872788190841675,
        8.870277404785156,
        8.83236813545227,
        8.927629709243774,
        8.878522872924805,
        8.78101897239685,
        8.588496923446655,
        8.567996978759766,
        8.482216596603394,
        8.473686695098877,
        8.600392580032349,
        8.703608274459839
    ],
    "n_step": "0133"
}