{
    "train_losses": [
        0.0007525427618809044,
        0.00011053374197334051,
        9.211821690201759e-05,
        7.98910742904991e-05,
        7.31023129913956e-05,
        6.894279722124338e-05,
        6.303620045073331e-05,
        5.8753604907542464e-05,
        5.4784089168533684e-05,
        5.279007637873292e-05,
        4.922371741849929e-05,
        4.580854126252234e-05,
        4.340417303610593e-05,
        4.2202359987422826e-05,
        4.0069939075037836e-05,
        3.7754129581153396e-05,
        3.575372670777142e-05,
        3.4517697365954515e-05,
        3.415839600376785e-05,
        3.27570030791685e-05,
        3.119839505758136e-05,
        3.0054403417743744e-05,
        3.0250034579075873e-05,
        2.819916057633236e-05,
        2.6820080932229757e-05,
        2.5870440625585614e-05,
        2.4871055758558215e-05,
        2.4280288035515694e-05,
        2.4406729505863042e-05,
        2.4375089309178294e-05
    ],
    "test_losses": [
        0.012118279564380646,
        0.010046506720781325,
        0.008745935302972794,
        0.008157020896673202,
        0.008348425310850144,
        0.008017469969391823,
        0.007546430307626724,
        0.007223643243312836,
        0.0072290018498897555,
        0.00703206281363964,
        0.007611242151260376,
        0.007265387436747551,
        0.007138985487818718,
        0.0069585737615823744,
        0.0071322203099727635,
        0.006974202200770378,
        0.007137320119142533,
        0.006874236452579498,
        0.0070303790777921675,
        0.006660072895884514,
        0.006716161559522152,
        0.0069051744431257245,
        0.006911653804779053,
        0.007138873669505119,
        0.006998808699846267,
        0.0071547548562288284,
        0.007336030462384224,
        0.006887222242355347,
        0.006728690949082374,
        0.006874915221333504
    ],
    "train_errs": [
        55.124,
        40.838,
        34.668,
        30.816,
        28.054,
        26.44,
        24.696,
        23.36,
        21.954,
        21.308,
        20.392,
        19.48,
        18.85,
        18.024,
        17.582,
        16.792,
        16.442,
        15.836,
        15.292,
        15.166,
        14.712,
        14.208,
        13.868,
        13.392,
        13.124,
        12.728,
        12.682,
        12.202,
        12.1,
        11.936
    ],
    "test_errs": [
        41.09,
        33.62,
        30.28,
        28.37,
        26.99,
        24.68,
        24.47,
        22.4,
        21.75,
        22.39,
        22.07,
        21.85,
        21.42,
        20.68,
        21.03,
        19.75,
        19.93,
        20.81,
        19.05,
        18.57,
        18.71,
        19.4,
        19.06,
        19.12,
        18.89,
        19.28,
        18.89,
        17.6,
        18.39,
        17.89
    ],
    "train_accs": [
        44.876,
        59.162,
        65.332,
        69.184,
        71.946,
        73.56,
        75.304,
        76.64,
        78.046,
        78.692,
        79.608,
        80.52,
        81.15,
        81.976,
        82.418,
        83.208,
        83.558,
        84.164,
        84.708,
        84.834,
        85.288,
        85.792,
        86.132,
        86.608,
        86.876,
        87.272,
        87.318,
        87.798,
        87.9,
        88.064
    ],
    "test_acc": [
        58.91,
        66.38,
        69.72,
        71.63,
        73.01,
        75.32,
        75.53,
        77.6,
        78.25,
        77.61,
        77.93,
        78.15,
        78.58,
        79.32,
        78.97,
        80.25,
        80.07,
        79.19,
        80.95,
        81.43,
        81.29,
        80.6,
        80.94,
        80.88,
        81.11,
        80.72,
        81.11,
        82.4,
        81.61,
        82.11
    ],
    "run_time": [
        14.537788152694702,
        14.582351446151733,
        14.525723934173584,
        14.513872623443604,
        14.573700666427612,
        14.550370693206787,
        14.219228029251099,
        14.438714265823364,
        14.109641790390015,
        14.106768131256104,
        14.48193097114563,
        14.630488634109497,
        14.566562175750732,
        14.592313766479492,
        14.539194107055664,
        14.618502140045166,
        14.49413800239563,
        14.472017049789429,
        14.238296031951904,
        14.476705074310303,
        14.313728094100952,
        14.232683658599854,
        14.29183578491211,
        14.431594610214233,
        14.555614233016968,
        14.397401809692383,
        14.42583680152893,
        14.514954328536987,
        14.242921590805054,
        14.446975469589233
    ],
    "n_step": "0133"
}