{
    "train_losses": [
        0.0008222242516092956,
        0.00011193547977134585,
        9.302206253632903e-05,
        8.135595329105854e-05,
        7.367429064121097e-05,
        6.770533066242934e-05,
        6.255223180633038e-05,
        5.630069922655821e-05,
        5.365521492436528e-05,
        4.9896297492086885e-05,
        4.604774507228285e-05,
        4.427374453749508e-05,
        4.1239355253055695e-05,
        3.82546984218061e-05,
        3.677624070551246e-05,
        3.41528457053937e-05,
        3.355371331097558e-05,
        3.172232683282346e-05,
        3.0062929191626607e-05,
        2.8676430869381875e-05,
        2.6973165415693073e-05,
        2.6716700941324233e-05,
        2.608049812261015e-05,
        2.381226517725736e-05,
        2.26219048560597e-05,
        2.2838126742281018e-05,
        2.1263359759468587e-05,
        2.1282084700651468e-05,
        1.998930154601112e-05,
        1.9352468547876923e-05
    ],
    "test_losses": [
        0.010642436563968658,
        0.008803033065795898,
        0.00876720986366272,
        0.0075470659852027895,
        0.007327815169095993,
        0.006912222954630852,
        0.006874380451440811,
        0.006887909522652626,
        0.006791258084774017,
        0.006963113409280777,
        0.006243207934498787,
        0.006595647799968719,
        0.006626823002099991,
        0.006318722063302994,
        0.006280659621953964,
        0.006237547993659973,
        0.006961179170012474,
        0.0063888126879930495,
        0.006347809842228889,
        0.006281148880720139,
        0.006255410513281822,
        0.006275304982066155,
        0.006130511999130249,
        0.006113744398951531,
        0.006434889468550682,
        0.006498397144675255,
        0.0065131027221679684,
        0.006909849274158478,
        0.00633207388818264,
        0.0066460061401128765
    ],
    "train_errs": [
        51.452,
        36.368,
        31.074,
        27.596,
        25.3,
        23.494,
        22.14,
        20.166,
        19.398,
        18.282,
        17.512,
        16.588,
        15.792,
        15.12,
        14.428,
        14.038,
        13.278,
        13.204,
        12.476,
        12.214,
        11.64,
        11.254,
        11.116,
        10.378,
        10.198,
        10.01,
        9.728,
        9.57,
        9.1,
        8.836
    ],
    "test_errs": [
        38.32,
        30.84,
        28.43,
        25.73,
        23.94,
        22.82,
        22.36,
        21.96,
        21.38,
        21.37,
        19.89,
        20.24,
        20.2,
        19.01,
        19.09,
        18.7,
        18.87,
        18.41,
        18.15,
        17.83,
        17.35,
        17.91,
        17.25,
        17.57,
        17.8,
        17.81,
        17.3,
        18.33,
        17.13,
        17.5
    ],
    "train_accs": [
        48.548,
        63.632,
        68.926,
        72.404,
        74.7,
        76.506,
        77.86,
        79.834,
        80.602,
        81.718,
        82.488,
        83.412,
        84.208,
        84.88,
        85.572,
        85.962,
        86.722,
        86.796,
        87.524,
        87.786,
        88.36,
        88.746,
        88.884,
        89.622,
        89.802,
        89.99,
        90.272,
        90.43,
        90.9,
        91.164
    ],
    "test_acc": [
        61.68,
        69.16,
        71.57,
        74.27,
        76.06,
        77.18,
        77.64,
        78.04,
        78.62,
        78.63,
        80.11,
        79.76,
        79.8,
        80.99,
        80.91,
        81.3,
        81.13,
        81.59,
        81.85,
        82.17,
        82.65,
        82.09,
        82.75,
        82.43,
        82.2,
        82.19,
        82.7,
        81.67,
        82.87,
        82.5
    ],
    "run_time": [
        13.008180379867554,
        12.759678602218628,
        12.758200645446777,
        12.658004999160767,
        12.728891372680664,
        12.763652086257935,
        13.056431293487549,
        13.031469345092773,
        13.085393190383911,
        13.139185428619385,
        13.077881813049316,
        13.066549301147461,
        13.066861867904663,
        13.094490766525269,
        13.077087640762329,
        13.012318849563599,
        13.13353967666626,
        13.121824502944946,
        13.032151222229004,
        13.044622659683228,
        12.929390668869019,
        12.793647050857544,
        12.716414213180542,
        12.81299352645874,
        12.884663105010986,
        12.969475984573364,
        12.864298820495605,
        12.81265664100647,
        12.806882619857788,
        12.811270952224731
    ],
    "n_step": "0133"
}