{
    "train_losses": [
        0.005421469000428915,
        0.0010952292810380458,
        0.0005876178865507245,
        0.0004126972595974803,
        0.000333317230604589,
        0.00028636586628854276,
        0.00024006916854530573,
        0.00021638649698346854,
        0.0001935931219905615,
        0.000171269252281636,
        0.00015616202445700765,
        0.00014531304778531194,
        0.00013433835292235016,
        0.00012704211533069612,
        0.00011524358868598938,
        0.00010790379753336311,
        0.00010156813791021705,
        9.37839185539633e-05,
        9.115766548551619e-05,
        8.917478720657527e-05,
        8.353809069842101e-05,
        7.547201823443174e-05,
        7.68306627869606e-05,
        7.280000641942025e-05,
        6.725529693998396e-05,
        6.480961884371936e-05,
        6.308861521072686e-05,
        5.957448857836425e-05,
        5.758619488216936e-05,
        5.4926267778500914e-05
    ],
    "test_losses": [
        0.00946484569311142,
        0.0070850972652435305,
        0.007194706720113755,
        0.0064597381979227065,
        0.005908901867270469,
        0.005824323666095733,
        0.005853317880630493,
        0.005402051988244057,
        0.0051671123921871185,
        0.0055467687547206875,
        0.005067243936657906,
        0.005273301514983177,
        0.005315799668431282,
        0.005144869884848594,
        0.005137711673974991,
        0.004961876887083053,
        0.005289659535884857,
        0.004997973638772964,
        0.005027053153514862,
        0.004996146774291992,
        0.0051795177340507505,
        0.005374253851175308,
        0.0051493705332279205,
        0.005250277814269066,
        0.00518863967359066,
        0.004996802914142609,
        0.005306884533166885,
        0.005266646480560302,
        0.005575834992527962,
        0.005305607685446739
    ],
    "train_errs": [
        51.184,
        34.82,
        29.21,
        25.922,
        23.704,
        21.802,
        20.318,
        19.22,
        17.988,
        17.006,
        16.168,
        15.362,
        14.564,
        14.008,
        13.36,
        12.804,
        12.298,
        11.934,
        11.778,
        11.382,
        10.914,
        10.45,
        10.134,
        10.064,
        9.472,
        9.278,
        9.06,
        8.716,
        8.398,
        8.136
    ],
    "test_errs": [
        36.71,
        28.54,
        26.77,
        24.51,
        22.86,
        21.95,
        21.64,
        20.65,
        19.33,
        19.92,
        18.77,
        18.81,
        18.61,
        17.95,
        17.85,
        17.4,
        17.29,
        17.28,
        17.46,
        16.96,
        17.09,
        16.86,
        16.23,
        16.44,
        16.54,
        15.74,
        16.24,
        16.58,
        16.35,
        15.87
    ],
    "train_accs": [
        48.816,
        65.18,
        70.79,
        74.078,
        76.296,
        78.198,
        79.682,
        80.78,
        82.012,
        82.994,
        83.832,
        84.638,
        85.436,
        85.992,
        86.64,
        87.196,
        87.702,
        88.066,
        88.222,
        88.618,
        89.086,
        89.55,
        89.866,
        89.936,
        90.528,
        90.722,
        90.94,
        91.284,
        91.602,
        91.864
    ],
    "test_acc": [
        63.29,
        71.46,
        73.23,
        75.49,
        77.14,
        78.05,
        78.36,
        79.35,
        80.67,
        80.08,
        81.23,
        81.19,
        81.39,
        82.05,
        82.15,
        82.6,
        82.71,
        82.72,
        82.54,
        83.04,
        82.91,
        83.14,
        83.77,
        83.56,
        83.46,
        84.26,
        83.76,
        83.42,
        83.65,
        84.13
    ],
    "run_time": [
        9.558414459228516,
        9.586796283721924,
        9.599448442459106,
        9.534953355789185,
        9.537294626235962,
        9.571307182312012,
        9.559972524642944,
        9.569533348083496,
        9.545677661895752,
        9.710113525390625,
        9.627381801605225,
        9.338784217834473,
        9.449641227722168,
        9.247804403305054,
        9.221967935562134,
        9.31990671157837,
        9.199729204177856,
        9.22699522972107,
        9.604808807373047,
        9.659595966339111,
        9.60030198097229,
        9.702297925949097,
        9.628542184829712,
        9.683758974075317,
        9.621265888214111,
        9.719018936157227,
        9.572622776031494,
        9.632428884506226,
        9.544309616088867,
        9.748118877410889
    ],
    "n_step": "0133"
}