{
    "train_losses": [
        0.0019216587444767356,
        0.00023729574162513017,
        0.00017971337988972663,
        0.0001570069847162813,
        0.0001340364407375455,
        0.00012270602140575647,
        0.0001122947003506124,
        0.00010122871750965714,
        9.399633002467454e-05,
        8.490373405627907e-05,
        8.29466329049319e-05,
        7.538047447800636e-05,
        7.144448668695986e-05,
        6.707419301383197e-05,
        6.28419875446707e-05,
        6.121294246520846e-05,
        5.7005203263834116e-05,
        5.507839401252568e-05,
        5.384967755526304e-05,
        4.9273591358214615e-05,
        4.7800193522125486e-05,
        4.4476814474910495e-05,
        4.205893425736576e-05,
        4.1195018570870164e-05,
        3.878058064263314e-05,
        3.935530257876962e-05,
        3.704825531691313e-05,
        3.6530449399724605e-05,
        3.484414931386709e-05,
        3.316672313958406e-05
    ],
    "test_losses": [
        0.009962153923511505,
        0.008489917922019958,
        0.007182434457540512,
        0.007656998431682586,
        0.006585911518335342,
        0.00662672983109951,
        0.005989058351516724,
        0.006408106437325477,
        0.006184237420558929,
        0.006062382934987545,
        0.005940741541981697,
        0.006030935961008072,
        0.005946302515268326,
        0.005712082639336586,
        0.005666827094554901,
        0.0058034468621015545,
        0.005809415265917778,
        0.0058997705176472666,
        0.005990451166033745,
        0.005810861316323281,
        0.005660988086462021,
        0.005747038102149963,
        0.006056529513001442,
        0.005936745384335518,
        0.005786084643006325,
        0.005979694718122482,
        0.006026416864991188,
        0.005850541284680367,
        0.005890081071853638,
        0.006006512397527695
    ],
    "train_errs": [
        50.364,
        35.684,
        30.056,
        26.988,
        24.634,
        22.8,
        21.178,
        20.052,
        19.042,
        17.812,
        16.914,
        16.054,
        15.49,
        14.87,
        14.364,
        13.838,
        13.416,
        12.888,
        12.388,
        11.842,
        11.48,
        10.908,
        10.794,
        10.268,
        10.252,
        9.776,
        9.576,
        9.66,
        9.22,
        9.11
    ],
    "test_errs": [
        37.11,
        30.62,
        26.57,
        26.76,
        23.87,
        23.57,
        21.34,
        21.88,
        20.85,
        20.78,
        20.74,
        19.47,
        19.3,
        18.72,
        18.81,
        18.25,
        18.52,
        18.84,
        17.98,
        18.47,
        17.79,
        17.95,
        18.07,
        17.42,
        17.66,
        17.39,
        17.16,
        16.7,
        16.6,
        17.16
    ],
    "train_accs": [
        49.636,
        64.316,
        69.944,
        73.012,
        75.366,
        77.2,
        78.822,
        79.948,
        80.958,
        82.188,
        83.086,
        83.946,
        84.51,
        85.13,
        85.636,
        86.162,
        86.584,
        87.112,
        87.612,
        88.158,
        88.52,
        89.092,
        89.206,
        89.732,
        89.748,
        90.224,
        90.424,
        90.34,
        90.78,
        90.89
    ],
    "test_acc": [
        62.89,
        69.38,
        73.43,
        73.24,
        76.13,
        76.43,
        78.66,
        78.12,
        79.15,
        79.22,
        79.26,
        80.53,
        80.7,
        81.28,
        81.19,
        81.75,
        81.48,
        81.16,
        82.02,
        81.53,
        82.21,
        82.05,
        81.93,
        82.58,
        82.34,
        82.61,
        82.84,
        83.3,
        83.4,
        82.84
    ],
    "run_time": [
        17.864835739135742,
        11.201290130615234,
        10.903390407562256,
        10.930840969085693,
        11.012182712554932,
        10.928523063659668,
        11.017440557479858,
        10.948780059814453,
        10.781935214996338,
        10.68997859954834,
        11.006125450134277,
        10.810981750488281,
        10.45912766456604,
        10.632795095443726,
        10.61644959449768,
        10.521648406982422,
        10.5282301902771,
        10.89891529083252,
        10.91522765159607,
        10.89799690246582,
        11.22156810760498,
        10.968969821929932,
        11.013806581497192,
        11.024509906768799,
        10.921856164932251,
        10.997822999954224,
        10.84609866142273,
        10.978263854980469,
        10.887627124786377,
        10.862087726593018
    ],
    "n_step": "0133"
}