{
    "train_losses": [
        0.014626987011432648,
        0.011136753528118134,
        0.009430816338062286,
        0.008152973903417588,
        0.007240377897024155,
        0.006699623601436615,
        0.006130513519644738,
        0.005807239414453507,
        0.005560530751943588,
        0.00529783161342144,
        0.005075811247825622,
        0.00483332191169262,
        0.004757184720039368,
        0.0045665432125329974,
        0.004431382444500923
    ],
    "test_losses": [
        0.01429347814321518,
        0.010498909229040145,
        0.009439492559432983,
        0.006964237576723099,
        0.00747592813372612,
        0.006614290243387222,
        0.005625093191862106,
        0.007760917210578919,
        0.005691726097464562,
        0.005362634897232056,
        0.0048961164087057115,
        0.005901823145151138,
        0.00481106880903244,
        0.005310512316226959,
        0.005143552830815315
    ],
    "train_errs": [
        68.356,
        51.872,
        43.154,
        36.978,
        32.452,
        30.01,
        27.626,
        26.038,
        24.886,
        23.65,
        22.832,
        21.534,
        21.296,
        20.412,
        19.838
    ],
    "test_errs": [
        64.49,
        48.39,
        41.88,
        31.32,
        33.18,
        29.25,
        24.0,
        31.87,
        24.42,
        23.01,
        21.45,
        24.78,
        20.71,
        22.71,
        21.37
    ],
    "train_accs": [
        31.644,
        48.128,
        56.846,
        63.022,
        67.548,
        69.99,
        72.374,
        73.962,
        75.114,
        76.35,
        77.168,
        78.466,
        78.704,
        79.588,
        80.162
    ],
    "test_acc": [
        35.51,
        51.61,
        58.12,
        68.68,
        66.82,
        70.75,
        76.0,
        68.13,
        75.58,
        76.99,
        78.55,
        75.22,
        79.29,
        77.29,
        78.63
    ],
    "run_time": [
        7.605294227600098,
        7.713880777359009,
        7.873236656188965,
        7.836700916290283,
        7.513832092285156,
        7.497385025024414,
        7.494821548461914,
        7.4846601486206055,
        7.504326581954956,
        7.505221843719482,
        7.484642267227173,
        7.47441840171814,
        7.4914796352386475,
        7.502568960189819,
        7.481719493865967
    ],
    "n_step": 0.275
}