{
    "train_losses": [
        0.012699908525943757,
        0.009926887973546981,
        0.008527247416973114,
        0.007613865721225739,
        0.006923125981092453,
        0.006376484197378159,
        0.0059983317369222645,
        0.005608286185264587,
        0.005300458608865738,
        0.005110351758003235,
        0.004807437961697579,
        0.004615120702385902,
        0.0044861666691303256,
        0.004260232738852501
    ],
    "test_losses": [
        0.010243467497825622,
        0.009139757359027863,
        0.008121332824230195,
        0.006822026568651199,
        0.006115567561984062,
        0.006139387398958206,
        0.00576066146492958,
        0.005027429583668709,
        0.005266046419739723,
        0.005255903473496437,
        0.004737626427412033,
        0.004767124679684639,
        0.005162580364942551,
        0.00434419586956501
    ],
    "train_errs": [
        59.574,
        45.54,
        38.728,
        34.562,
        31.162,
        28.594,
        26.998,
        25.158,
        23.732,
        22.782,
        21.502,
        20.392,
        20.042,
        19.148
    ],
    "test_errs": [
        47.68,
        41.21,
        35.72,
        29.91,
        27.58,
        26.93,
        25.04,
        22.06,
        23.55,
        22.45,
        20.94,
        20.56,
        22.76,
        19.0
    ],
    "train_accs": [
        40.426,
        54.46,
        61.272,
        65.438,
        68.838,
        71.406,
        73.002,
        74.842,
        76.268,
        77.218,
        78.498,
        79.608,
        79.958,
        80.852
    ],
    "test_acc": [
        52.32,
        58.79,
        64.28,
        70.09,
        72.42,
        73.07,
        74.96,
        77.94,
        76.45,
        77.55,
        79.06,
        79.44,
        77.24,
        81.0
    ],
    "run_time": [
        7.54999852180481,
        7.549037456512451,
        7.535821437835693,
        7.559253692626953,
        7.518935441970825,
        7.50310492515564,
        7.525110244750977,
        7.526717901229858,
        7.532293319702148,
        7.538897514343262,
        7.535936117172241,
        7.519970178604126,
        7.528531312942505,
        7.521098375320435
    ],
    "n_step": 0.05
}