{
    "train_losses": [
        0.013017522649765014,
        0.009601030091047288,
        0.007938652588129043,
        0.006938624800443649,
        0.006171662732362747,
        0.005669585427045822,
        0.005320632516741752,
        0.004964735986590385,
        0.004704430645108223,
        0.004429645792245865
    ],
    "test_losses": [
        0.009967861568927766,
        0.00830063384771347,
        0.006988839763402939,
        0.005738662457466125,
        0.005663057628273964,
        0.005445381262898445,
        0.005084512796998024,
        0.0049211254328489305,
        0.005261443200707435,
        0.005189301860332489
    ],
    "train_errs": [
        60.882,
        44.234,
        35.94,
        31.264,
        27.364,
        25.138,
        23.64,
        22.23,
        21.062,
        19.904
    ],
    "test_errs": [
        46.46,
        37.46,
        31.57,
        25.03,
        24.7,
        23.66,
        22.08,
        21.75,
        22.96,
        21.68
    ],
    "train_accs": [
        39.118,
        55.766,
        64.06,
        68.736,
        72.636,
        74.862,
        76.36,
        77.77,
        78.938,
        80.096
    ],
    "test_acc": [
        53.54,
        62.54,
        68.43,
        74.97,
        75.3,
        76.34,
        77.92,
        78.25,
        77.04,
        78.32
    ],
    "run_time": [
        7.49593710899353,
        7.532880067825317,
        7.486093997955322,
        7.4948883056640625,
        7.485474348068237,
        7.483954191207886,
        7.470943450927734,
        7.478184938430786,
        7.4818713665008545,
        7.489736795425415
    ],
    "n_step": 0.15
}