{
    "train_losses": [
        0.012878811461925507,
        0.0097552017390728,
        0.00803767648100853,
        0.007044088401794433,
        0.006301679291725159,
        0.005786750109195709,
        0.005391409162282944,
        0.005028179854154587,
        0.004750693251490593,
        0.004503518094420433,
        0.004290419429540634
    ],
    "test_losses": [
        0.010264068186283112,
        0.008658625882863999,
        0.007274966388940811,
        0.006834803539514542,
        0.00646349019408226,
        0.005727065968513489,
        0.005212981459498406,
        0.005129006183147431,
        0.00467944969534874,
        0.004738879913091659,
        0.004992227008938789
    ],
    "train_errs": [
        60.388,
        44.846,
        36.474,
        31.782,
        28.314,
        25.81,
        24.022,
        22.47,
        21.196,
        20.146,
        19.25
    ],
    "test_errs": [
        47.28,
        38.08,
        32.19,
        30.88,
        27.6,
        24.78,
        22.39,
        22.34,
        20.53,
        20.77,
        20.63
    ],
    "train_accs": [
        39.612,
        55.154,
        63.526,
        68.218,
        71.686,
        74.19,
        75.978,
        77.53,
        78.804,
        79.854,
        80.75
    ],
    "test_acc": [
        52.72,
        61.92,
        67.81,
        69.12,
        72.4,
        75.22,
        77.61,
        77.66,
        79.47,
        79.23,
        79.37
    ],
    "run_time": [
        7.478171110153198,
        7.492652416229248,
        7.488984823226929,
        7.486243486404419,
        7.494096040725708,
        7.4922192096710205,
        7.498871326446533,
        7.494579076766968,
        7.51343297958374,
        7.50131893157959,
        7.486333847045898
    ],
    "n_step": 0.125
}