{
    "train_losses": [
        0.013355863180160523,
        0.0097815571308136,
        0.00798042818069458,
        0.006939384962320327,
        0.006246129792928695,
        0.005776177843809128,
        0.005341641068458557,
        0.0050255277752876285,
        0.004730227791666985,
        0.004490817686915398,
        0.004266048694849014
    ],
    "test_losses": [
        0.010671237313747407,
        0.008847609049081802,
        0.007361725997924805,
        0.006824940156936646,
        0.005628548389673233,
        0.005634916704893112,
        0.005500826567411423,
        0.005282730031013489,
        0.005161600068211556,
        0.004939910554885864,
        0.004770728227496147
    ],
    "train_errs": [
        62.198,
        44.68,
        36.002,
        31.352,
        27.94,
        25.72,
        23.944,
        22.51,
        21.168,
        20.242,
        19.012
    ],
    "test_errs": [
        49.07,
        38.8,
        31.91,
        30.0,
        24.31,
        24.88,
        23.53,
        23.1,
        21.71,
        20.31,
        19.82
    ],
    "train_accs": [
        37.802,
        55.32,
        63.998,
        68.648,
        72.06,
        74.28,
        76.056,
        77.49,
        78.832,
        79.758,
        80.988
    ],
    "test_acc": [
        50.93,
        61.2,
        68.09,
        70.0,
        75.69,
        75.12,
        76.47,
        76.9,
        78.29,
        79.69,
        80.18
    ],
    "run_time": [
        7.472774505615234,
        7.47953462600708,
        7.488390207290649,
        7.474947214126587,
        7.4780824184417725,
        7.482847452163696,
        7.4804527759552,
        7.4927332401275635,
        7.479420900344849,
        7.495448112487793,
        7.495989799499512
    ],
    "n_step": 0.2
}