{
    "train_losses": [
        0.013551174912452698,
        0.010007124445438385,
        0.008468863236904144,
        0.007659130932092667,
        0.006945162307024002,
        0.006528556770086289,
        0.006178481013774871,
        0.006061911860704422
    ],
    "test_losses": [
        0.01033999469280243,
        0.00816111364364624,
        0.00751883150935173,
        0.0068600168108940126,
        0.0067387634992599485,
        0.006041897124052047,
        0.005814319664239884,
        0.00578147200345993
    ],
    "train_errs": [
        63.042,
        45.962,
        38.478,
        34.764,
        31.248,
        29.416,
        27.818,
        27.064
    ],
    "test_errs": [
        47.54,
        37.15,
        33.46,
        29.68,
        29.11,
        26.2,
        25.41,
        24.5
    ],
    "train_accs": [
        36.958,
        54.038,
        61.522,
        65.236,
        68.752,
        70.584,
        72.182,
        72.936
    ],
    "test_acc": [
        52.46,
        62.85,
        66.54,
        70.32,
        70.89,
        73.8,
        74.59,
        75.5
    ],
    "run_time": [
        7.888469934463501,
        7.929847478866577,
        7.910322427749634,
        7.93906569480896,
        7.870952129364014,
        7.887199640274048,
        7.922302007675171,
        7.969970703125
    ],
    "n_step": 0.001
}