{
    "train_losses": [
        0.013818546974658966,
        0.01037654691696167,
        0.008833143169879914,
        0.007756742124557495,
        0.007078787777423858,
        0.006578928997516632,
        0.006107756763696671,
        0.005753117859363556
    ],
    "test_losses": [
        0.011046804440021514,
        0.008927291411161423,
        0.007593095356225967,
        0.0069271952390670775,
        0.006313991928100586,
        0.005913549470901489,
        0.005751966711878776,
        0.005641063216328621
    ],
    "train_errs": [
        64.336,
        48.144,
        40.36,
        35.522,
        32.058,
        29.516,
        27.468,
        25.804
    ],
    "test_errs": [
        50.52,
        40.19,
        33.82,
        30.25,
        27.72,
        26.09,
        25.08,
        24.36
    ],
    "train_accs": [
        35.664,
        51.856,
        59.64,
        64.478,
        67.942,
        70.484,
        72.532,
        74.196
    ],
    "test_acc": [
        49.48,
        59.81,
        66.18,
        69.75,
        72.28,
        73.91,
        74.92,
        75.64
    ],
    "run_time": [
        7.879855394363403,
        7.78510308265686,
        7.8422768115997314,
        7.825652122497559,
        7.9079108238220215,
        7.78987455368042,
        7.8260698318481445,
        7.81498908996582
    ],
    "n_step": 0.0007
}