{
    "train_losses": [
        0.014497961590290069,
        0.010832210643291474,
        0.008879638773202896,
        0.007943903251886368,
        0.007339147322177887,
        0.006854627310037613,
        0.0062398975241184235,
        0.0058933316397666935
    ],
    "test_losses": [
        0.011239884579181672,
        0.00937001650929451,
        0.0076223118245601655,
        0.007083520036935806,
        0.006504953020811081,
        0.006103961247205734,
        0.0058022651553153995,
        0.005429696011543274
    ],
    "train_errs": [
        67.42,
        50.82,
        40.738,
        36.068,
        33.182,
        31.024,
        28.24,
        26.334
    ],
    "test_errs": [
        52.07,
        42.65,
        34.28,
        31.76,
        29.23,
        27.16,
        25.23,
        23.53
    ],
    "train_accs": [
        32.58,
        49.18,
        59.262,
        63.932,
        66.818,
        68.976,
        71.76,
        73.666
    ],
    "test_acc": [
        47.93,
        57.35,
        65.72,
        68.24,
        70.77,
        72.84,
        74.77,
        76.47
    ],
    "run_time": [
        7.922073602676392,
        7.926369905471802,
        7.855692625045776,
        7.869336366653442,
        7.835700511932373,
        7.9081244468688965,
        7.8586766719818115,
        7.814689636230469
    ],
    "n_step": 0.0004
}