{
    "train_losses": [
        0.012481495354175568,
        0.00997707041144371,
        0.010798585870265961,
        0.01183696182012558,
        0.013396883006095886,
        0.013946030185222625,
        0.015335428285598755,
        0.01632855035543442
    ],
    "test_losses": [
        0.010043824350833893,
        0.010039850682020188,
        0.011054390835762025,
        0.01175850121974945,
        0.013344612991809845,
        0.013157752323150635,
        0.01627514044046402,
        0.017135524201393127
    ],
    "train_errs": [
        58.38,
        45.192,
        47.94,
        52.782,
        60.188,
        62.418,
        70.642,
        77.146
    ],
    "test_errs": [
        45.25,
        43.48,
        49.1,
        52.87,
        57.96,
        59.63,
        73.89,
        77.46
    ],
    "train_accs": [
        41.62,
        54.808,
        52.06,
        47.218,
        39.812,
        37.582,
        29.358,
        22.854
    ],
    "test_acc": [
        54.75,
        56.52,
        50.9,
        47.13,
        42.04,
        40.37,
        26.11,
        22.54
    ],
    "run_time": [
        7.803531646728516,
        7.794816732406616,
        7.799294948577881,
        7.779647350311279,
        7.783893585205078,
        7.7563636302948,
        7.764667987823486,
        7.7910473346710205
    ],
    "n_step": 0.01
}