{
    "train_losses": [
        0.01438340152978897,
        0.010898409833908081,
        0.008985088540315628,
        0.008111475458145142,
        0.007240021294355393,
        0.006730250296592712,
        0.006159622297286988,
        0.005854337927699089
    ],
    "test_losses": [
        0.011255202901363373,
        0.009058303827047347,
        0.007577889657020569,
        0.006955078059434891,
        0.006563129740953445,
        0.0059882589995861055,
        0.00565290085375309,
        0.005501170140504837
    ],
    "train_errs": [
        67.154,
        50.922,
        41.05,
        36.904,
        32.84,
        30.388,
        27.664,
        26.296
    ],
    "test_errs": [
        52.4,
        42.02,
        33.32,
        30.97,
        28.4,
        26.56,
        24.52,
        23.65
    ],
    "train_accs": [
        32.846,
        49.078,
        58.95,
        63.096,
        67.16,
        69.612,
        72.336,
        73.704
    ],
    "test_acc": [
        47.6,
        57.98,
        66.68,
        69.03,
        71.6,
        73.44,
        75.48,
        76.35
    ],
    "run_time": [
        7.90893292427063,
        7.902982234954834,
        7.891031980514526,
        7.871690988540649,
        7.932682275772095,
        7.922431230545044,
        7.844680309295654,
        7.874856472015381
    ],
    "n_step": 0.0006
}