{
    "train_losses": [
        0.013760238537788391,
        0.01033155523777008,
        0.008582573022842406,
        0.007339157112836838,
        0.00684639655828476,
        0.006392621682882309,
        0.006214550896883011,
        0.0058633175325393675
    ],
    "test_losses": [
        0.010422851228713989,
        0.008671544581651688,
        0.007122925096750259,
        0.006581318211555481,
        0.0061576224803924565,
        0.00611412901878357,
        0.005936507600545884,
        0.005580355566740036
    ],
    "train_errs": [
        63.558,
        47.548,
        39.154,
        33.278,
        30.796,
        28.778,
        28.186,
        26.432
    ],
    "test_errs": [
        48.09,
        39.55,
        31.55,
        28.42,
        27.21,
        27.57,
        26.05,
        23.79
    ],
    "train_accs": [
        36.442,
        52.452,
        60.846,
        66.722,
        69.204,
        71.222,
        71.814,
        73.568
    ],
    "test_acc": [
        51.91,
        60.45,
        68.45,
        71.58,
        72.79,
        72.43,
        73.95,
        76.21
    ],
    "run_time": [
        7.8636815547943115,
        7.832210302352905,
        7.83207631111145,
        7.828720569610596,
        7.827093601226807,
        7.871169090270996,
        7.8356616497039795,
        7.861971378326416
    ],
    "n_step": 0.0008
}