{
    "train_losses": [
        0.015347208955287933,
        0.011650547716617584,
        0.010341057209968568,
        0.00902806254506111,
        0.008105634541511536,
        0.00752007568359375,
        0.006968101752996445,
        0.006433659813404083
    ],
    "test_losses": [
        0.012076189827919007,
        0.010203144359588624,
        0.008764188265800476,
        0.0078122989118099215,
        0.007180895793437957,
        0.00668385174870491,
        0.006483138912916184,
        0.005791102063655853
    ],
    "train_errs": [
        70.46,
        54.388,
        47.86,
        41.338,
        36.792,
        34.376,
        31.608,
        28.918
    ],
    "test_errs": [
        55.32,
        46.31,
        39.39,
        34.6,
        31.3,
        29.35,
        28.39,
        25.89
    ],
    "train_accs": [
        29.54,
        45.612,
        52.14,
        58.662,
        63.208,
        65.624,
        68.392,
        71.082
    ],
    "test_acc": [
        44.68,
        53.69,
        60.61,
        65.4,
        68.7,
        70.65,
        71.61,
        74.11
    ],
    "run_time": [
        7.863698244094849,
        7.838661193847656,
        7.860924005508423,
        7.8710174560546875,
        7.850720643997192,
        7.867119789123535,
        7.889581203460693,
        7.875786781311035
    ],
    "n_step": 0.0002
}