{
    "train_losses": [
        0.007685032172203064,
        0.006137329335212708,
        0.005949525210857391,
        0.005722782475948334,
        0.005436516573429108,
        0.005332931320667267,
        0.00517340838432312,
        0.005028650634288788,
        0.004955687367916108,
        0.004927483627796173,
        0.004796089041233063,
        0.004884320104122162,
        0.004857149128913879,
        0.004920717108249664,
        0.004856557214260101,
        0.004873559396266937,
        0.0049692663788795475,
        0.005020339403152466,
        0.004965897030830383,
        0.004825020072460174,
        0.004825571298599243,
        0.004784119853973388,
        0.004733448743820191,
        0.00469952223777771,
        0.004729137637615204,
        0.004795197505950928,
        0.0048693373131752015,
        0.004752088406085968,
        0.004815204493999481,
        0.005001193678379059,
        0.005115126688480377,
        0.005083107516765595,
        0.0049773067355155945,
        0.0050083288192749025,
        0.005248939938545227,
        0.005254357089996338,
        0.00507746289730072,
        0.005079360129833221,
        0.005102581489086151,
        0.005098173491954803
    ],
    "test_losses": [
        0.006265279746055603,
        0.0060335200548172,
        0.005654744958877564,
        0.005443774926662445,
        0.0050310626268386845,
        0.004907157385349274,
        0.004558812689781189,
        0.004510727262496949,
        0.004479763698577881,
        0.004578789442777634,
        0.004478904122114181,
        0.004569452655315399,
        0.004473946571350098,
        0.004738243246078491,
        0.00445200024843216,
        0.004663470280170441,
        0.004691375064849853,
        0.004538515532016754,
        0.0048453093767166135,
        0.004593192958831787,
        0.004443881160020828,
        0.004330381494760513,
        0.0043415720343589785,
        0.004407768893241883,
        0.004465431565046311,
        0.004674670493602753,
        0.004409787940979004,
        0.0044930785000324245,
        0.00462284876704216,
        0.004812647807598114,
        0.0051122346401214595,
        0.0048025464534759525,
        0.004714037895202637,
        0.004780278086662293,
        0.004787030982971192,
        0.004732026886940003,
        0.004670971846580506,
        0.004811956202983856,
        0.004866805386543274,
        0.0047056641697883605
    ],
    "train_errs": [
        70.566,
        57.896,
        56.008,
        54.088,
        50.962,
        49.746,
        48.05,
        46.228,
        45.288,
        45.252,
        44.006,
        44.266,
        44.08,
        44.572,
        44.338,
        44.256,
        45.738,
        45.746,
        45.586,
        44.186,
        44.14,
        43.282,
        42.74,
        42.428,
        42.734,
        43.282,
        44.556,
        42.984,
        43.656,
        45.004,
        46.674,
        46.42,
        45.122,
        45.786,
        47.55,
        48.242,
        46.592,
        46.526,
        46.328,
        46.446
    ],
    "test_errs": [
        56.97,
        54.85,
        50.61,
        49.85,
        46.15,
        44.14,
        41.18,
        40.56,
        39.65,
        40.76,
        39.96,
        40.56,
        39.99,
        44.05,
        39.72,
        41.08,
        42.3,
        39.27,
        43.07,
        40.46,
        38.96,
        38.81,
        38.19,
        38.76,
        40.22,
        41.06,
        39.07,
        39.21,
        41.35,
        43.45,
        46.52,
        42.51,
        41.63,
        42.72,
        42.43,
        42.62,
        41.4,
        42.97,
        41.86,
        41.63
    ],
    "train_accs": [
        29.434,
        42.104,
        43.992,
        45.912,
        49.038,
        50.254,
        51.95,
        53.772,
        54.712,
        54.748,
        55.994,
        55.734,
        55.92,
        55.428,
        55.662,
        55.744,
        54.262,
        54.254,
        54.414,
        55.814,
        55.86,
        56.718,
        57.26,
        57.572,
        57.266,
        56.718,
        55.444,
        57.016,
        56.344,
        54.996,
        53.326,
        53.58,
        54.878,
        54.214,
        52.45,
        51.758,
        53.408,
        53.474,
        53.672,
        53.554
    ],
    "test_acc": [
        43.03,
        45.15,
        49.39,
        50.15,
        53.85,
        55.86,
        58.82,
        59.44,
        60.35,
        59.24,
        60.04,
        59.44,
        60.01,
        55.95,
        60.28,
        58.92,
        57.7,
        60.73,
        56.93,
        59.54,
        61.04,
        61.19,
        61.81,
        61.24,
        59.78,
        58.94,
        60.93,
        60.79,
        58.65,
        56.55,
        53.48,
        57.49,
        58.37,
        57.28,
        57.57,
        57.38,
        58.6,
        57.03,
        58.14,
        58.37
    ],
    "run_time": [
        7.871586561203003,
        7.870750188827515,
        7.867794752120972,
        7.874702453613281,
        7.8610804080963135,
        7.868317127227783,
        7.866129636764526,
        7.866596460342407,
        7.85764217376709,
        7.8623223304748535,
        7.857887268066406,
        7.850757837295532,
        7.853198528289795,
        7.8385910987854,
        7.841989517211914,
        7.85617208480835,
        7.8583385944366455,
        7.857054710388184,
        7.852644205093384,
        7.865002155303955,
        7.858835935592651,
        7.860016345977783,
        7.8661980628967285,
        7.862261533737183,
        7.854248762130737,
        7.861050367355347,
        7.868846654891968,
        7.860204219818115,
        7.856498718261719,
        7.860001802444458,
        7.856179714202881,
        7.861186742782593,
        7.856813430786133,
        7.864821195602417,
        7.853872537612915,
        7.8433003425598145,
        7.867024898529053,
        7.855932950973511,
        7.85441517829895,
        7.860245704650879
    ],
    "n_step": 0.1
}