{
    "train_losses": [
        0.0018608523135259748,
        0.000252636095918715,
        0.00018005442460998893,
        0.00015134347975254058,
        0.0001262919657677412,
        0.00011724115693941712,
        0.00010041310491040349,
        9.211108114570379e-05,
        8.6970827979967e-05,
        8.08889564871788e-05,
        7.325261360034346e-05,
        6.836923334747553e-05,
        6.444420710671693e-05,
        6.094140413217247e-05
    ],
    "test_losses": [
        0.008604996997117996,
        0.008219791448116303,
        0.007683734041452408,
        0.006888340449333191,
        0.006357328960299492,
        0.00652940633893013,
        0.006734235394001007,
        0.006220448353886604,
        0.005944316783547401,
        0.005614957135915756,
        0.005778654389455915,
        0.005624778571724892,
        0.005691212633252144,
        0.005735350781679154
    ],
    "train_errs": [
        46.358,
        33.04,
        28.648,
        25.872,
        23.4,
        22.062,
        20.552,
        19.334,
        18.306,
        17.744,
        16.75,
        15.672,
        15.026,
        14.576
    ],
    "test_errs": [
        33.08,
        28.62,
        26.72,
        24.89,
        22.37,
        22.04,
        22.39,
        20.56,
        19.93,
        18.84,
        19.39,
        18.62,
        18.87,
        18.11
    ],
    "train_accs": [
        53.642,
        66.96,
        71.352,
        74.128,
        76.6,
        77.938,
        79.448,
        80.666,
        81.694,
        82.256,
        83.25,
        84.328,
        84.974,
        85.424
    ],
    "test_acc": [
        66.92,
        71.38,
        73.28,
        75.11,
        77.63,
        77.96,
        77.61,
        79.44,
        80.07,
        81.16,
        80.61,
        81.38,
        81.13,
        81.89
    ],
    "run_time": [
        10.810997486114502,
        10.819001197814941,
        10.816672563552856,
        10.81896710395813,
        10.78685998916626,
        10.760069847106934,
        10.768934726715088,
        10.784687280654907,
        10.767452001571655,
        10.767181634902954,
        10.753890991210938,
        10.762479543685913,
        10.740488052368164,
        10.741919994354248
    ],
    "n_step": 0.07
}