{
    "train_losses": [
        0.009982918679714204,
        0.006461473175287247,
        0.005160704402923584,
        0.0043631659117341045,
        0.003703926128745079,
        0.003103474057018757,
        0.0026180987259745597,
        0.002235018761754036,
        0.00191062859416008,
        0.001682956464290619,
        0.0014575475031137466,
        0.001279393330961466,
        0.0011152365405857562,
        0.0010259390537440778,
        0.0009069146833568812,
        0.0008274128675460815,
        0.0007639197472482919,
        0.0006853196052461863,
        0.0006294674611091614,
        0.0005758665689080954,
        0.0005232338103652001,
        0.000475327321626246,
        0.0004587003042548895,
        0.00042703691776841877,
        0.0003953260477632284,
        0.00036950561426579953,
        0.0003366385740041733,
        0.0003250444282218814,
        0.00030184002857655285,
        0.00028036633275449273
    ],
    "test_losses": [
        0.010710988473892211,
        0.009960647845268249,
        0.007709239909052849,
        0.007423841488361359,
        0.007156134909391403,
        0.007121431595087052,
        0.007080641880631447,
        0.006442862898111344,
        0.0065970555186271665,
        0.005969697204232216,
        0.0057889712005853656,
        0.005877449586987496,
        0.005154550382494926,
        0.0054771629065275195,
        0.005454315286874771,
        0.0060328581601381305,
        0.005201553136110306,
        0.005318213632702827,
        0.005247472941875457,
        0.004875446105003357,
        0.005356579202413559,
        0.004842514076828956,
        0.005518238753080368,
        0.0049658857375383374,
        0.004958400961756706,
        0.005071480631828308,
        0.005173625788092613,
        0.005301025196909904,
        0.005527903354167938,
        0.0050852091878652575
    ],
    "train_errs": [
        55.384,
        43.07,
        38.282,
        35.302,
        33.074,
        30.92,
        29.344,
        27.81,
        26.512,
        25.714,
        24.29,
        24.174,
        23.066,
        22.266,
        21.606,
        20.984,
        20.612,
        19.89,
        19.388,
        18.878,
        18.218,
        17.96,
        17.676,
        17.12,
        16.722,
        16.456,
        15.774,
        15.818,
        15.394,
        14.936
    ],
    "test_errs": [
        47.47,
        42.58,
        33.25,
        32.57,
        30.39,
        28.95,
        28.83,
        25.89,
        26.49,
        24.06,
        23.29,
        23.0,
        20.77,
        21.96,
        21.73,
        22.68,
        20.21,
        19.73,
        19.5,
        18.81,
        19.09,
        18.3,
        19.15,
        18.41,
        17.76,
        17.92,
        17.94,
        18.22,
        19.02,
        17.87
    ],
    "train_accs": [
        44.616,
        56.93,
        61.718,
        64.698,
        66.926,
        69.08,
        70.656,
        72.19,
        73.488,
        74.286,
        75.71,
        75.826,
        76.934,
        77.734,
        78.394,
        79.016,
        79.388,
        80.11,
        80.612,
        81.122,
        81.782,
        82.04,
        82.324,
        82.88,
        83.278,
        83.544,
        84.226,
        84.182,
        84.606,
        85.064
    ],
    "test_acc": [
        52.53,
        57.42,
        66.75,
        67.43,
        69.61,
        71.05,
        71.17,
        74.11,
        73.51,
        75.94,
        76.71,
        77.0,
        79.23,
        78.04,
        78.27,
        77.32,
        79.79,
        80.27,
        80.5,
        81.19,
        80.91,
        81.7,
        80.85,
        81.59,
        82.24,
        82.08,
        82.06,
        81.78,
        80.98,
        82.13
    ],
    "run_time": [
        10.988578081130981,
        10.922096490859985,
        10.915654182434082,
        10.967052936553955,
        10.962604761123657,
        10.962364435195923,
        10.926880598068237,
        10.937371253967285,
        10.96156907081604,
        10.997025489807129,
        10.90515685081482,
        10.930918216705322,
        10.928171873092651,
        10.946526050567627,
        10.937675952911377,
        10.905085563659668,
        10.882991790771484,
        10.902678489685059,
        10.954346895217896,
        10.90562391281128,
        10.90795636177063,
        10.922674417495728,
        10.966355800628662,
        10.9890775680542,
        10.937005996704102,
        10.949984550476074,
        10.94071364402771,
        10.930495738983154,
        10.924769878387451,
        10.883897066116333
    ],
    "n_step": 0.005
}