{
    "train_losses": [
        0.005488749845027924,
        0.0016313262464106083,
        0.0007850583525747061,
        0.0005266339503973722,
        0.00037636365961283446,
        0.00031213597251102327,
        0.0002593716229125857,
        0.00022459119737148285,
        0.00019706070635467767,
        0.00018026428017765283,
        0.00015447834013029933,
        0.00013994387869723142,
        0.0001281711148098111,
        0.00012128335988149046,
        0.00011357214835472404,
        0.00010697661883197725,
        9.5007309531793e-05
    ],
    "test_losses": [
        0.008193634963035584,
        0.008145041769742966,
        0.007366171973943711,
        0.006749613893032074,
        0.006376944130659103,
        0.006455587834119797,
        0.005616532352566719,
        0.0062375877350568775,
        0.005868731257319451,
        0.006227986782789231,
        0.0057331978648900985,
        0.00583657559454441,
        0.005532863119244576,
        0.005398522818088531,
        0.005558088782429695,
        0.00521142624616623,
        0.005272127592563629
    ],
    "train_errs": [
        48.734,
        36.074,
        31.098,
        28.072,
        25.6,
        23.984,
        22.778,
        21.298,
        20.09,
        19.18,
        18.146,
        17.304,
        16.618,
        16.16,
        15.664,
        15.032,
        14.352
    ],
    "test_errs": [
        34.39,
        30.71,
        28.57,
        24.98,
        23.65,
        23.02,
        20.96,
        21.52,
        21.37,
        20.94,
        19.84,
        20.07,
        19.4,
        18.25,
        18.39,
        17.12,
        17.72
    ],
    "train_accs": [
        51.266,
        63.926,
        68.902,
        71.928,
        74.4,
        76.016,
        77.222,
        78.702,
        79.91,
        80.82,
        81.854,
        82.696,
        83.382,
        83.84,
        84.336,
        84.968,
        85.648
    ],
    "test_acc": [
        65.61,
        69.29,
        71.43,
        75.02,
        76.35,
        76.98,
        79.04,
        78.48,
        78.63,
        79.06,
        80.16,
        79.93,
        80.6,
        81.75,
        81.61,
        82.88,
        82.28
    ],
    "run_time": [
        11.079000473022461,
        10.783384799957275,
        10.770805358886719,
        10.768213987350464,
        10.756478071212769,
        10.769754648208618,
        10.770515441894531,
        10.77183747291565,
        10.729216814041138,
        10.742371559143066,
        10.765623092651367,
        10.75181794166565,
        10.724440813064575,
        10.728431940078735,
        10.731800556182861,
        10.732431411743164,
        10.708266735076904
    ],
    "n_step": 0.02
}