{
    "train_losses": [
        0.0020611233980208634,
        0.0003286904799565673,
        0.00025409720726311206,
        0.00023153300976380705,
        0.00020225073222070931,
        0.00018578391276299953,
        0.0001680612937733531,
        0.00015370637409389018,
        0.00014405661975964903,
        0.00013570520703680812,
        0.00012516676450148224,
        0.00011614324493333697,
        0.0001089325899630785,
        0.0001026613076403737,
        9.690765309147536e-05,
        9.420218212530017e-05,
        8.745462463237345e-05,
        8.161119838245214e-05,
        7.941111668013036e-05,
        7.805059038102627e-05,
        7.700151800643652e-05,
        7.112889722920954e-05
    ],
    "test_losses": [
        0.011421778643131255,
        0.009402486532926559,
        0.008035112804174424,
        0.007600037080049514,
        0.008019645828008652,
        0.007543567717075348,
        0.006984733328223228,
        0.00726948009133339,
        0.007268751430511475,
        0.006892414188385009,
        0.006650878885388374,
        0.007118181204795838,
        0.006457619950175285,
        0.006329490879178047,
        0.006435070297122002,
        0.006652592965960502,
        0.006014081835746765,
        0.006334381964802742,
        0.006163410902023316,
        0.00599400269985199,
        0.0059736314333975315,
        0.006159397926926613
    ],
    "train_errs": [
        53.124,
        38.242,
        33.484,
        30.328,
        28.202,
        26.28,
        24.72,
        23.556,
        22.496,
        21.786,
        21.068,
        20.1,
        19.354,
        18.994,
        18.014,
        17.64,
        17.278,
        16.642,
        15.904,
        15.676,
        15.516,
        14.992
    ],
    "test_errs": [
        41.08,
        32.42,
        29.02,
        26.71,
        27.33,
        25.72,
        24.6,
        24.21,
        24.05,
        23.09,
        21.72,
        23.4,
        21.25,
        20.46,
        20.78,
        21.3,
        19.21,
        20.03,
        19.19,
        18.81,
        19.08,
        19.26
    ],
    "train_accs": [
        46.876,
        61.758,
        66.516,
        69.672,
        71.798,
        73.72,
        75.28,
        76.444,
        77.504,
        78.214,
        78.932,
        79.9,
        80.646,
        81.006,
        81.986,
        82.36,
        82.722,
        83.358,
        84.096,
        84.324,
        84.484,
        85.008
    ],
    "test_acc": [
        58.92,
        67.58,
        70.98,
        73.29,
        72.67,
        74.28,
        75.4,
        75.79,
        75.95,
        76.91,
        78.28,
        76.6,
        78.75,
        79.54,
        79.22,
        78.7,
        80.79,
        79.97,
        80.81,
        81.19,
        80.92,
        80.74
    ],
    "run_time": [
        11.04815149307251,
        10.99450969696045,
        10.970263719558716,
        10.959548950195312,
        10.87320590019226,
        10.869022846221924,
        11.071807146072388,
        11.104606628417969,
        11.145808458328247,
        11.162004470825195,
        11.11341381072998,
        11.095856428146362,
        11.09600043296814,
        11.158146619796753,
        11.083824872970581,
        11.089281797409058,
        11.098865032196045,
        11.128095388412476,
        11.087432861328125,
        11.017339706420898,
        11.01203465461731,
        11.00501537322998
    ],
    "n_step": 0.15
}