{
    "train_losses": [
        0.003155094583258033,
        0.0004925964093208313,
        0.00028884551087394355,
        0.0002233850765042007,
        0.00017785028036683797,
        0.00015198919530957938,
        0.00013132560431957245,
        0.00011700124522671104,
        0.00010704260512255132,
        9.623184925876557e-05,
        8.69397918600589e-05,
        8.09410276543349e-05,
        7.829024590551853e-05,
        7.115966240875423e-05
    ],
    "test_losses": [
        0.009396445554494858,
        0.00840069323182106,
        0.006805211898684502,
        0.00839480608701706,
        0.006698387145996094,
        0.00627110361456871,
        0.0065842149913311,
        0.006232734793424607,
        0.005602985420823097,
        0.005765046805143357,
        0.005579180601239205,
        0.005663508489727974,
        0.005451308399438858,
        0.005586692464351654
    ],
    "train_errs": [
        47.518,
        34.27,
        29.326,
        26.154,
        23.872,
        22.148,
        20.79,
        19.122,
        18.398,
        17.462,
        16.438,
        15.62,
        15.068,
        14.554
    ],
    "test_errs": [
        34.93,
        30.34,
        25.1,
        28.03,
        23.92,
        22.09,
        23.22,
        22.0,
        19.56,
        19.03,
        18.97,
        18.48,
        18.15,
        18.24
    ],
    "train_accs": [
        52.482,
        65.73,
        70.674,
        73.846,
        76.128,
        77.852,
        79.21,
        80.878,
        81.602,
        82.538,
        83.562,
        84.38,
        84.932,
        85.446
    ],
    "test_acc": [
        65.07,
        69.66,
        74.9,
        71.97,
        76.08,
        77.91,
        76.78,
        78.0,
        80.44,
        80.97,
        81.03,
        81.52,
        81.85,
        81.76
    ],
    "run_time": [
        10.764997720718384,
        10.777801036834717,
        10.756301879882812,
        10.75998830795288,
        10.780050992965698,
        10.75428318977356,
        10.756845235824585,
        10.841533660888672,
        10.896768808364868,
        10.813730001449585,
        10.823789596557617,
        10.84557294845581,
        10.746155023574829,
        10.765340089797974
    ],
    "n_step": 0.04
}