{
    "train_losses": [
        0.00789712258696556,
        0.004189390275478363,
        0.002792915153503418,
        0.0019137310396134853,
        0.001342928565144539,
        0.0010302187744528056,
        0.0008310162151604891,
        0.0006486189456284046,
        0.0005498793881386518,
        0.0004624851619079709,
        0.0004094200498610735,
        0.00037547718472778795,
        0.0003213080315478146,
        0.0002904718487709761,
        0.0002679189795441926,
        0.00024224063085392117,
        0.00022093639995902776,
        0.0002061449370160699,
        0.0001894121365249157,
        0.00017338173445314168,
        0.00016220078406855464
    ],
    "test_losses": [
        0.008830428236722946,
        0.008229606693983078,
        0.007216693037748337,
        0.0070933087825775145,
        0.007018088123202324,
        0.006234494510293007,
        0.0066894114792346955,
        0.005882148206233978,
        0.006395241233706475,
        0.005762266549468041,
        0.005790806823968887,
        0.005586821177601814,
        0.00584480260014534,
        0.005536551928520202,
        0.005565496629476547,
        0.005967672726511955,
        0.00545190546810627,
        0.005398601216077804,
        0.005576618954539299,
        0.00532206484079361,
        0.005416980150341987
    ],
    "train_errs": [
        51.762,
        38.978,
        34.188,
        31.566,
        28.746,
        27.238,
        25.666,
        24.484,
        23.23,
        22.014,
        21.132,
        20.39,
        19.448,
        19.074,
        18.332,
        17.724,
        17.334,
        16.734,
        16.068,
        15.314,
        14.986
    ],
    "test_errs": [
        39.09,
        34.64,
        29.56,
        28.49,
        27.79,
        23.86,
        25.3,
        22.54,
        23.3,
        20.62,
        21.06,
        20.28,
        19.79,
        19.49,
        19.12,
        19.47,
        18.87,
        18.02,
        18.35,
        17.59,
        17.77
    ],
    "train_accs": [
        48.238,
        61.022,
        65.812,
        68.434,
        71.254,
        72.762,
        74.334,
        75.516,
        76.77,
        77.986,
        78.868,
        79.61,
        80.552,
        80.926,
        81.668,
        82.276,
        82.666,
        83.266,
        83.932,
        84.686,
        85.014
    ],
    "test_acc": [
        60.91,
        65.36,
        70.44,
        71.51,
        72.21,
        76.14,
        74.7,
        77.46,
        76.7,
        79.38,
        78.94,
        79.72,
        80.21,
        80.51,
        80.88,
        80.53,
        81.13,
        81.98,
        81.65,
        82.41,
        82.23
    ],
    "run_time": [
        10.923118591308594,
        10.950323820114136,
        11.00629997253418,
        10.942013263702393,
        10.940497159957886,
        10.939564228057861,
        10.982333183288574,
        10.988405704498291,
        10.937915086746216,
        10.915531873703003,
        10.94002103805542,
        10.976359605789185,
        10.93271780014038,
        10.917312860488892,
        10.928598165512085,
        10.937720537185669,
        10.98205280303955,
        10.922894954681396,
        10.911863327026367,
        10.939378023147583,
        10.980186939239502
    ],
    "n_step": 0.01
}