{
    "train_losses": [
        0.0018405843417346477,
        0.00024098315890878439,
        0.00017610735796391963,
        0.0001487581082060933,
        0.00012896249137818813,
        0.0001148171653226018,
        0.00010476080731488764,
        9.459456898272038e-05,
        8.537116007879376e-05,
        7.836438369005919e-05,
        7.372583709657193e-05,
        6.6768072899431e-05,
        6.600911644287407e-05,
        6.0347457556053996e-05
    ],
    "test_losses": [
        0.009136976248025895,
        0.007637645810842514,
        0.007491557818651199,
        0.007075833982229233,
        0.007058222687244415,
        0.006282177346944809,
        0.006949284759163857,
        0.0061571644902229305,
        0.006297908553481102,
        0.005902637162804604,
        0.005912025967240333,
        0.005665311889350415,
        0.005920673638582229,
        0.005775457495450973
    ],
    "train_errs": [
        47.414,
        33.554,
        28.986,
        25.714,
        23.76,
        22.116,
        21.084,
        19.466,
        18.416,
        17.198,
        16.738,
        15.73,
        15.22,
        14.746
    ],
    "test_errs": [
        34.17,
        28.16,
        27.95,
        24.47,
        24.73,
        22.12,
        23.05,
        21.11,
        21.23,
        19.63,
        19.43,
        18.56,
        19.2,
        18.67
    ],
    "train_accs": [
        52.586,
        66.446,
        71.014,
        74.286,
        76.24,
        77.884,
        78.916,
        80.534,
        81.584,
        82.802,
        83.262,
        84.27,
        84.78,
        85.254
    ],
    "test_acc": [
        65.83,
        71.84,
        72.05,
        75.53,
        75.27,
        77.88,
        76.95,
        78.89,
        78.77,
        80.37,
        80.57,
        81.44,
        80.8,
        81.33
    ],
    "run_time": [
        10.724753141403198,
        10.730918645858765,
        10.729321002960205,
        10.806832551956177,
        10.862153768539429,
        10.84523868560791,
        10.83711552619934,
        10.8262939453125,
        10.827415227890015,
        10.832366228103638,
        10.833475112915039,
        10.835867404937744,
        10.819598197937012,
        10.778145790100098
    ],
    "n_step": 0.08
}