{
    "train_losses": [
        0.014348294780254364,
        0.011381004264354707,
        0.010129813170433044,
        0.009341993987560273,
        0.008683065454959869,
        0.0080947570002079,
        0.0076252290391922,
        0.0072001491284370426,
        0.006911488112211228,
        0.006654668309688568,
        0.006411421023607254,
        0.006241975991725921,
        0.006044115033149719,
        0.005850014507770538,
        0.005667697843313217,
        0.005515633496046066,
        0.005327496091723442,
        0.005156437720656395,
        0.0050479011291265485,
        0.004885165632367134,
        0.0047819458454847336,
        0.0046574968141317365,
        0.004525818014740944,
        0.004405486834049225,
        0.004267273316383362,
        0.004170619422197342,
        0.0040930249774456025,
        0.003993039377331734,
        0.00387133325278759,
        0.0037745572525262833
    ],
    "test_losses": [
        0.012437546181678772,
        0.010837190330028534,
        0.010047492134571075,
        0.009272792017459869,
        0.009027304935455322,
        0.008507221156358718,
        0.007893464577198028,
        0.00772623587846756,
        0.007914909934997558,
        0.007271535497903824,
        0.0070986122488975525,
        0.007149032628536224,
        0.007111359030008316,
        0.007694166159629822,
        0.0066735946178436275,
        0.006768768721818924,
        0.00650959022641182,
        0.006615267413854599,
        0.006474778258800507,
        0.006005958461761475,
        0.006119429010152817,
        0.006458757591247559,
        0.006510848981142044,
        0.006590798443555832,
        0.00586863517165184,
        0.0055671286344528195,
        0.005859293365478515,
        0.0057914142042398455,
        0.00562861547768116,
        0.005775160032510758
    ],
    "train_errs": [
        66.378,
        55.18,
        50.646,
        47.152,
        44.328,
        42.042,
        40.47,
        38.456,
        37.472,
        36.452,
        35.542,
        34.774,
        34.068,
        33.198,
        32.706,
        31.932,
        31.352,
        30.666,
        30.324,
        30.07,
        29.246,
        28.646,
        28.386,
        28.05,
        27.41,
        27.078,
        26.662,
        26.276,
        25.902,
        25.752
    ],
    "test_errs": [
        55.87,
        49.54,
        45.17,
        42.09,
        40.77,
        37.78,
        34.52,
        34.18,
        35.42,
        31.93,
        31.02,
        31.69,
        30.64,
        32.18,
        29.44,
        29.58,
        28.39,
        29.01,
        28.17,
        26.21,
        26.07,
        27.62,
        28.13,
        28.2,
        25.72,
        24.05,
        25.03,
        24.52,
        24.4,
        24.47
    ],
    "train_accs": [
        33.622,
        44.82,
        49.354,
        52.848,
        55.672,
        57.958,
        59.53,
        61.544,
        62.528,
        63.548,
        64.458,
        65.226,
        65.932,
        66.802,
        67.294,
        68.068,
        68.648,
        69.334,
        69.676,
        69.93,
        70.754,
        71.354,
        71.614,
        71.95,
        72.59,
        72.922,
        73.338,
        73.724,
        74.098,
        74.248
    ],
    "test_acc": [
        44.13,
        50.46,
        54.83,
        57.91,
        59.23,
        62.22,
        65.48,
        65.82,
        64.58,
        68.07,
        68.98,
        68.31,
        69.36,
        67.82,
        70.56,
        70.42,
        71.61,
        70.99,
        71.83,
        73.79,
        73.93,
        72.38,
        71.87,
        71.8,
        74.28,
        75.95,
        74.97,
        75.48,
        75.6,
        75.53
    ],
    "run_time": [
        11.829705238342285,
        10.991735696792603,
        10.958474397659302,
        10.93836760520935,
        10.954910278320312,
        10.974173784255981,
        10.940475702285767,
        10.940712451934814,
        10.935671091079712,
        10.901396036148071,
        10.905326128005981,
        10.95011568069458,
        10.90413212776184,
        10.890168190002441,
        10.923487424850464,
        10.851568937301636,
        10.909604549407959,
        10.930795192718506,
        10.888458490371704,
        10.845234155654907,
        10.891217231750488,
        10.88961911201477,
        10.868986129760742,
        10.877682209014893,
        10.898373365402222,
        10.880574703216553,
        10.89656662940979,
        10.853234767913818,
        10.88169240951538,
        10.904392004013062
    ],
    "n_step": 0.001
}