{
    "train_losses": [
        0.0021325561459735035,
        0.0002934871127270162,
        0.0002015303467772901,
        0.00016348267424851656,
        0.00013934663424268364,
        0.00012204006368294358,
        0.00011021572580561042,
        9.839604155160486e-05,
        8.881540392525495e-05,
        8.138960329815746e-05,
        7.403113644570113e-05,
        7.026638261973858e-05,
        6.488566605374218e-05
    ],
    "test_losses": [
        0.00892138984799385,
        0.008142766737937927,
        0.00734774894118309,
        0.00653090615272522,
        0.006418630424141884,
        0.006263275074958801,
        0.005847561645507812,
        0.005951484137773514,
        0.006116988369822502,
        0.005750060331821441,
        0.0056235886245965955,
        0.0057231538534164425,
        0.005642108353972435
    ],
    "train_errs": [
        47.17,
        33.524,
        28.756,
        25.624,
        23.606,
        21.952,
        20.508,
        19.11,
        18.232,
        17.24,
        16.316,
        15.362,
        14.988
    ],
    "test_errs": [
        34.23,
        29.6,
        25.86,
        24.59,
        22.93,
        22.13,
        20.72,
        19.32,
        20.04,
        19.53,
        19.25,
        18.87,
        18.35
    ],
    "train_accs": [
        52.83,
        66.476,
        71.244,
        74.376,
        76.394,
        78.048,
        79.492,
        80.89,
        81.768,
        82.76,
        83.684,
        84.638,
        85.012
    ],
    "test_acc": [
        65.77,
        70.4,
        74.14,
        75.41,
        77.07,
        77.87,
        79.28,
        80.68,
        79.96,
        80.47,
        80.75,
        81.13,
        81.65
    ],
    "run_time": [
        10.75454044342041,
        10.732651233673096,
        10.745047330856323,
        10.817325592041016,
        10.857237577438354,
        10.823531150817871,
        10.818602085113525,
        10.853522539138794,
        10.845568180084229,
        10.83545970916748,
        10.82688045501709,
        10.847940683364868,
        10.820090532302856
    ],
    "n_step": 0.06
}