{
    "train_losses": [
        0.0017022706209495664,
        0.0002291462606564164,
        0.00017128389362245798,
        0.0001422606696560979,
        0.0001203418923728168,
        0.00011024372941814362,
        9.957919355481863e-05,
        9.032623330131173e-05,
        8.147241117432714e-05,
        7.893709337338805e-05,
        7.257327907718718e-05,
        6.742358091287315e-05,
        6.490376174449921e-05,
        5.9047289146110415e-05
    ],
    "test_losses": [
        0.008982576215267182,
        0.008055839616060257,
        0.006993075197935105,
        0.007831171572208405,
        0.00736356740295887,
        0.006642975857853889,
        0.0061423001527786255,
        0.006327922022342682,
        0.005995441311597824,
        0.005869281226396561,
        0.005799912610650063,
        0.005634594720602035,
        0.005688671505451203,
        0.005612452855706215
    ],
    "train_errs": [
        48.35,
        34.016,
        29.25,
        26.282,
        24.264,
        22.282,
        21.146,
        19.614,
        18.404,
        17.778,
        16.758,
        15.852,
        15.222,
        14.436
    ],
    "test_errs": [
        33.33,
        28.58,
        25.43,
        27.42,
        24.44,
        23.34,
        21.3,
        20.81,
        20.09,
        19.67,
        19.47,
        18.53,
        18.65,
        17.9
    ],
    "train_accs": [
        51.65,
        65.984,
        70.75,
        73.718,
        75.736,
        77.718,
        78.854,
        80.386,
        81.596,
        82.222,
        83.242,
        84.148,
        84.778,
        85.564
    ],
    "test_acc": [
        66.67,
        71.42,
        74.57,
        72.58,
        75.56,
        76.66,
        78.7,
        79.19,
        79.91,
        80.33,
        80.53,
        81.47,
        81.35,
        82.1
    ],
    "run_time": [
        10.790261507034302,
        10.798103332519531,
        10.748643398284912,
        10.697322130203247,
        10.680490732192993,
        10.685936212539673,
        10.676170587539673,
        10.691107749938965,
        10.678568124771118,
        10.675715446472168,
        10.683170557022095,
        10.691951513290405,
        10.677457809448242,
        10.66612982749939
    ],
    "n_step": 0.09
}