{
    "train_losses": [
        0.0017819200794398785,
        0.00023412894951179623,
        0.00018227136977016925,
        0.00015061413345858455,
        0.0001319774238578975,
        0.00011771385185420512,
        0.00010572815395891666,
        9.871906812302769e-05,
        8.545245817862451e-05,
        7.952816503122449e-05,
        7.529743435792625e-05,
        6.835220354609191e-05,
        6.673046816140413e-05,
        6.208426400553435e-05
    ],
    "test_losses": [
        0.00950519334077835,
        0.009322445821762084,
        0.00806597964167595,
        0.007086164486408234,
        0.00736604238152504,
        0.006141948756575585,
        0.006637548685073853,
        0.006239131820201874,
        0.006097432494163513,
        0.006082092550396919,
        0.005873815566301346,
        0.005610219070315361,
        0.005746111324429512,
        0.006129317864775658
    ],
    "train_errs": [
        49.696,
        35.192,
        30.338,
        26.78,
        24.876,
        23.256,
        21.236,
        20.29,
        18.874,
        17.84,
        16.832,
        16.338,
        15.702,
        14.768
    ],
    "test_errs": [
        35.39,
        32.46,
        27.8,
        25.17,
        25.02,
        22.07,
        22.24,
        21.12,
        20.16,
        20.03,
        19.38,
        18.71,
        18.34,
        18.82
    ],
    "train_accs": [
        50.304,
        64.808,
        69.662,
        73.22,
        75.124,
        76.744,
        78.764,
        79.71,
        81.126,
        82.16,
        83.168,
        83.662,
        84.298,
        85.232
    ],
    "test_acc": [
        64.61,
        67.54,
        72.2,
        74.83,
        74.98,
        77.93,
        77.76,
        78.88,
        79.84,
        79.97,
        80.62,
        81.29,
        81.66,
        81.18
    ],
    "run_time": [
        10.977408647537231,
        10.92295527458191,
        10.921493768692017,
        10.908791780471802,
        10.951756954193115,
        10.942224025726318,
        10.902502298355103,
        10.898130893707275,
        10.917870998382568,
        10.998831033706665,
        10.943416833877563,
        10.924502611160278,
        10.950050115585327,
        10.956454515457153
    ],
    "n_step": 0.1
}