{
    "train_losses": [
        0.002442566657066345,
        0.00034863353785127404,
        0.0002291321973875165,
        0.00017744154445827008,
        0.00014717828306369483,
        0.00013028374281711877,
        0.00011434540995396673,
        0.00010308679402805864,
        9.394248548895121e-05,
        8.750237102620304e-05,
        8.247616793960333e-05,
        7.338063553906977e-05,
        6.817407882772386e-05
    ],
    "test_losses": [
        0.008451159405708312,
        0.007766496437788009,
        0.0071712434768676754,
        0.006895780104398727,
        0.0069374458432197575,
        0.006391423335671425,
        0.006403641539812088,
        0.0062347123712301255,
        0.005666429668664932,
        0.0055361777782440185,
        0.005636426275968552,
        0.00553029814362526,
        0.005800447383522987
    ],
    "train_errs": [
        45.93,
        32.948,
        28.614,
        25.562,
        23.286,
        22.094,
        20.322,
        19.104,
        18.154,
        17.122,
        16.266,
        15.686,
        14.804
    ],
    "test_errs": [
        32.92,
        28.24,
        25.86,
        24.56,
        22.93,
        21.48,
        21.58,
        21.07,
        19.57,
        18.8,
        18.67,
        18.58,
        18.08
    ],
    "train_accs": [
        54.07,
        67.052,
        71.386,
        74.438,
        76.714,
        77.906,
        79.678,
        80.896,
        81.846,
        82.878,
        83.734,
        84.314,
        85.196
    ],
    "test_acc": [
        67.08,
        71.76,
        74.14,
        75.44,
        77.07,
        78.52,
        78.42,
        78.93,
        80.43,
        81.2,
        81.33,
        81.42,
        81.92
    ],
    "run_time": [
        10.92478346824646,
        10.894025802612305,
        10.894358158111572,
        10.943902492523193,
        10.966132879257202,
        10.87935209274292,
        10.86630630493164,
        10.902190923690796,
        10.940467596054077,
        10.901208400726318,
        10.880039691925049,
        10.87735629081726,
        10.913154363632202
    ],
    "n_step": 0.05
}