{
    "train_losses": [
        0.0039858961102366445,
        0.0007279231824353338,
        0.00040362123642116786,
        0.00028043303502723574,
        0.000229967188667506,
        0.00019390184774994851,
        0.00016641227772459387,
        0.00014829586677253247,
        0.00013156549148261547,
        0.00011786442114040256,
        0.00010751125605776906,
        9.776495615020394e-05,
        8.918839846737682e-05,
        8.333599383942783e-05
    ],
    "test_losses": [
        0.009437417978048325,
        0.008152321833372117,
        0.007619463860988617,
        0.006987735664844513,
        0.007002238908410072,
        0.006598465496301651,
        0.00573989118039608,
        0.005910558816790581,
        0.005760985434055329,
        0.005657997587323189,
        0.005386984357237816,
        0.005690655714273453,
        0.005439665573835373,
        0.005566780763864517
    ],
    "train_errs": [
        47.898,
        34.104,
        29.886,
        26.246,
        24.39,
        22.574,
        21.154,
        19.922,
        19.024,
        18.144,
        17.002,
        16.382,
        15.16,
        14.936
    ],
    "test_errs": [
        36.52,
        30.05,
        27.79,
        24.72,
        24.93,
        22.25,
        21.2,
        20.77,
        20.21,
        19.49,
        18.96,
        18.22,
        17.95,
        18.52
    ],
    "train_accs": [
        52.102,
        65.896,
        70.114,
        73.754,
        75.61,
        77.426,
        78.846,
        80.078,
        80.976,
        81.856,
        82.998,
        83.618,
        84.84,
        85.064
    ],
    "test_acc": [
        63.48,
        69.95,
        72.21,
        75.28,
        75.07,
        77.75,
        78.8,
        79.23,
        79.79,
        80.51,
        81.04,
        81.78,
        82.05,
        81.48
    ],
    "run_time": [
        10.71845269203186,
        10.729704856872559,
        10.73345947265625,
        10.72595477104187,
        10.718454122543335,
        10.736378908157349,
        10.742301940917969,
        10.754225730895996,
        10.733623027801514,
        10.724229574203491,
        10.73252272605896,
        10.742640018463135,
        10.729957818984985,
        10.744752645492554
    ],
    "n_step": 0.03
}