{
    "train_losses": [
        0.009124714320898055,
        0.004673609949946403,
        0.002959307293891907,
        0.0020439722886681556,
        0.0015077932716161012,
        0.0012005936563014984,
        0.0009644969117641449,
        0.0007891945305466652,
        0.0006757540909200907,
        0.0005758343535289169,
        0.0005197850504145026,
        0.0004594475845247507,
        0.0004006087130308151,
        0.00036370489474385974,
        0.0003226638249307871,
        0.00028838953040540217,
        0.00025939604004845024,
        0.00024187878366559745,
        0.0002279670025035739,
        0.00019905426764860748,
        0.00018297980725765227,
        0.00017322620084509252,
        0.00016467582458630205,
        0.00015053894334472715,
        0.00014023903776891528,
        0.0001300240310654044,
        0.0001257315073814243,
        0.00012032988561317324,
        0.00011607141459360719,
        0.00010249947372823953
    ],
    "test_losses": [
        0.008909695255756378,
        0.00792020555138588,
        0.007188367411494255,
        0.0071790334165096285,
        0.006471244829893112,
        0.00621467904150486,
        0.006360161763429642,
        0.006383957487344742,
        0.006117575120925903,
        0.00609795695245266,
        0.005788668632507325,
        0.0058144172757863995,
        0.005863908153772354,
        0.0058309007078409195,
        0.005660917466878891,
        0.005698762403428555,
        0.005978994381427765,
        0.00609696913510561,
        0.005940648272633553,
        0.00576423000395298,
        0.005633093604445458,
        0.005841044133901596,
        0.0058961810290813444,
        0.005803959396481514,
        0.005928912158310413,
        0.0057664022102952,
        0.006017312851548195,
        0.005897962388396263,
        0.005866065314412117,
        0.005967869672179222
    ],
    "train_errs": [
        53.722,
        38.218,
        32.37,
        28.54,
        26.04,
        24.412,
        22.718,
        21.196,
        19.916,
        18.696,
        18.006,
        17.186,
        16.188,
        15.368,
        14.74,
        14.138,
        13.694,
        12.986,
        12.676,
        12.196,
        11.506,
        11.334,
        11.046,
        10.534,
        10.158,
        9.798,
        9.772,
        9.33,
        9.136,
        8.576
    ],
    "test_errs": [
        39.24,
        31.74,
        27.26,
        26.4,
        24.13,
        23.33,
        22.41,
        22.19,
        21.7,
        20.29,
        20.07,
        19.48,
        19.17,
        18.68,
        18.1,
        18.12,
        18.6,
        18.98,
        17.75,
        17.51,
        17.29,
        17.31,
        17.46,
        17.58,
        17.47,
        16.58,
        16.96,
        17.04,
        16.46,
        16.34
    ],
    "train_accs": [
        46.278,
        61.782,
        67.63,
        71.46,
        73.96,
        75.588,
        77.282,
        78.804,
        80.084,
        81.304,
        81.994,
        82.814,
        83.812,
        84.632,
        85.26,
        85.862,
        86.306,
        87.014,
        87.324,
        87.804,
        88.494,
        88.666,
        88.954,
        89.466,
        89.842,
        90.202,
        90.228,
        90.67,
        90.864,
        91.424
    ],
    "test_acc": [
        60.76,
        68.26,
        72.74,
        73.6,
        75.87,
        76.67,
        77.59,
        77.81,
        78.3,
        79.71,
        79.93,
        80.52,
        80.83,
        81.32,
        81.9,
        81.88,
        81.4,
        81.02,
        82.25,
        82.49,
        82.71,
        82.69,
        82.54,
        82.42,
        82.53,
        83.42,
        83.04,
        82.96,
        83.54,
        83.66
    ],
    "run_time": [
        21.924834966659546,
        9.358794689178467,
        9.32531476020813,
        9.301877975463867,
        9.329259157180786,
        9.280212879180908,
        9.286399841308594,
        9.286854028701782,
        9.302173376083374,
        9.30988335609436,
        9.309599161148071,
        9.29734754562378,
        9.292996406555176,
        9.296213150024414,
        9.320396423339844,
        9.311842203140259,
        9.294467687606812,
        9.302583456039429,
        9.313504695892334,
        9.288603067398071,
        9.274125814437866,
        9.271415710449219,
        9.266536951065063,
        9.280553340911865,
        9.263368368148804,
        9.272872924804688,
        9.26439094543457,
        9.31198239326477,
        9.305498838424683,
        9.33536672592163
    ],
    "n_step": 3
}