{
    "train_losses": [
        0.0019548796938732267,
        0.0007415081301424653,
        0.0006281498594675213,
        0.000551552907107398,
        0.0005129062355216593,
        0.000455079954857938,
        0.00042117070835083725,
        0.0004015429495088756,
        0.00035537328897044065,
        0.0003405030402168632,
        0.0003080993633903563,
        0.00029960772286634894,
        0.0002855577583727427,
        0.0002718017578544095,
        0.00024850983394309877,
        0.0002407729018898681,
        0.00022674250492826103,
        0.00021821318930946291
    ],
    "test_losses": [
        0.051208193507790566,
        0.03774951138496399,
        0.03384003762900829,
        0.031989514261484144,
        0.026609200678765772,
        0.026109249629080296,
        0.026072991420328616,
        0.028383864323794843,
        0.02583912098109722,
        0.025445971608161925,
        0.024007778663933277,
        0.02335576850026846,
        0.02628232268244028,
        0.02473545466288924,
        0.024795907375961542,
        0.024252811709046362,
        0.023231100226938726,
        0.02548712069131434
    ],
    "train_errs": [
        51.472,
        37.61,
        32.634,
        29.174,
        26.854,
        24.852,
        23.568,
        22.53,
        21.026,
        20.182,
        19.018,
        18.52,
        17.556,
        17.044,
        16.522,
        16.032,
        15.286,
        14.95
    ],
    "test_errs": [
        43.78,
        33.62,
        30.17,
        28.28,
        24.41,
        23.57,
        23.43,
        23.23,
        21.9,
        21.59,
        20.63,
        20.54,
        19.83,
        20.27,
        19.42,
        19.33,
        18.89,
        19.85
    ],
    "train_accs": [
        48.528,
        62.39,
        67.366,
        70.826,
        73.146,
        75.148,
        76.432,
        77.47,
        78.974,
        79.818,
        80.982,
        81.48,
        82.444,
        82.956,
        83.478,
        83.968,
        84.714,
        85.05
    ],
    "test_acc": [
        56.22,
        66.38,
        69.83,
        71.72,
        75.59,
        76.43,
        76.57,
        76.77,
        78.1,
        78.41,
        79.37,
        79.46,
        80.17,
        79.73,
        80.58,
        80.67,
        81.11,
        80.15
    ],
    "run_time": [
        18.21013355255127,
        17.808767557144165,
        17.932785272598267,
        17.850135564804077,
        17.846368551254272,
        17.818886518478394,
        17.827409029006958,
        18.313955068588257,
        17.903026819229126,
        17.921831607818604,
        17.911041975021362,
        17.865113258361816,
        17.8708815574646,
        17.830573797225952,
        17.848649978637695,
        17.84815263748169,
        17.859936714172363,
        17.835107564926147
    ],
    "n_step": 5,
    "lr": "0055",
    "batch_size": 32
}