{
    "train_losses": [
        0.0022317063751816748,
        0.000310117116086185,
        0.00021206066809594632,
        0.00016889554524794222,
        0.0001438746061734855,
        0.00012233589813113213,
        0.00011277615575119852,
        0.00010277487516403198,
        9.176882343366742e-05,
        8.492207837291062e-05,
        7.92274756077677e-05,
        7.510775074362755e-05,
        6.817568667232991e-05,
        6.446020715869963e-05
    ],
    "test_losses": [
        0.009073858898878098,
        0.008035059547424317,
        0.007258135378360748,
        0.006621831142902374,
        0.006879900190234184,
        0.006137362968921661,
        0.006280008229613304,
        0.006341367039084434,
        0.006178122922778129,
        0.0061162959963083265,
        0.00658353525698185,
        0.005556940677762031,
        0.005955361923575401,
        0.005724266442656517
    ],
    "train_errs": [
        46.304,
        33.37,
        28.598,
        25.578,
        23.508,
        22.008,
        20.42,
        19.544,
        18.444,
        17.754,
        16.776,
        15.824,
        15.094,
        14.562
    ],
    "test_errs": [
        33.62,
        29.93,
        25.62,
        24.06,
        23.67,
        21.26,
        21.53,
        20.54,
        20.15,
        20.4,
        20.7,
        18.66,
        18.79,
        18.24
    ],
    "train_accs": [
        53.696,
        66.63,
        71.402,
        74.422,
        76.492,
        77.992,
        79.58,
        80.456,
        81.556,
        82.246,
        83.224,
        84.176,
        84.906,
        85.438
    ],
    "test_acc": [
        66.38,
        70.07,
        74.38,
        75.94,
        76.33,
        78.74,
        78.47,
        79.46,
        79.85,
        79.6,
        79.3,
        81.34,
        81.21,
        81.76
    ],
    "run_time": [
        10.665156126022339,
        10.62594223022461,
        10.641300916671753,
        10.620000839233398,
        10.650909662246704,
        10.619826316833496,
        10.635982513427734,
        10.617387533187866,
        10.637505769729614,
        10.626721620559692,
        10.646362066268921,
        10.631816864013672,
        10.64069128036499,
        10.631289005279541
    ],
    "n_step": 5,
    "lr": "0055",
    "batch_size": 128
}