{
    "train_losses": [
        0.0014561772155761718,
        0.0010517447018623353,
        0.0008525164830684662,
        0.0007214380931854248,
        0.0006064769035577774,
        0.0005221633440256119,
        0.0004494392883777618,
        0.00038667785227298736,
        0.000344962569475174,
        0.0002923771622776985,
        0.00026552227437496185,
        0.00022688692957162858,
        0.00020402469873428346,
        0.0001795982538163662,
        0.0001599581791460514,
        0.00013799258917570115,
        0.00013075856640934943,
        0.00011035421833395958,
        9.30645851790905e-05
    ],
    "test_losses": [
        0.0012595614910125732,
        0.001045744526386261,
        0.0009267943918704986,
        0.000806485378742218,
        0.0007755793273448944,
        0.000757263457775116,
        0.0006847684442996978,
        0.0006826728463172913,
        0.0006530834794044495,
        0.0006961915731430054,
        0.0006562630414962768,
        0.0006230555415153503,
        0.0006267491340637207,
        0.0006255503296852112,
        0.0006295510530471802,
        0.000610853385925293,
        0.000619873708486557,
        0.0006301552593708038,
        0.0006185217499732971
    ],
    "train_errs": [
        57.888,
        44.756,
        37.676,
        33.632,
        30.582,
        27.922,
        25.818,
        24.572,
        23.184,
        21.576,
        21.09,
        19.966,
        18.874,
        18.098,
        17.44,
        17.018,
        16.694,
        15.684,
        14.952
    ],
    "test_errs": [
        45.56,
        36.74,
        33.08,
        27.95,
        26.83,
        25.83,
        23.56,
        22.6,
        22.16,
        22.28,
        21.67,
        19.82,
        20.05,
        19.41,
        19.05,
        18.58,
        18.99,
        18.45,
        17.63
    ],
    "train_accs": [
        42.112,
        55.244,
        62.324,
        66.368,
        69.418,
        72.078,
        74.182,
        75.428,
        76.816,
        78.424,
        78.91,
        80.034,
        81.126,
        81.902,
        82.56,
        82.982,
        83.306,
        84.316,
        85.048
    ],
    "test_acc": [
        54.44,
        63.26,
        66.92,
        72.05,
        73.17,
        74.17,
        76.44,
        77.4,
        77.84,
        77.72,
        78.33,
        80.18,
        79.95,
        80.59,
        80.95,
        81.42,
        81.01,
        81.55,
        82.37
    ],
    "run_time": [
        14.614594221115112,
        14.532898664474487,
        14.54942798614502,
        14.64070463180542,
        14.531169891357422,
        14.518872261047363,
        14.62585735321045,
        14.48987889289856,
        14.511600971221924,
        14.623841762542725,
        14.482051134109497,
        14.479469537734985,
        14.595478296279907,
        14.4753999710083,
        14.478700399398804,
        14.598380088806152,
        14.486920356750488,
        14.493778467178345,
        14.60551643371582
    ],
    "n_step": 5,
    "lr": "0055",
    "batch_size": 1024
}