{
    "train_losses": [
        0.0008307617735862732,
        0.000664186315536499,
        0.0005900775218009948,
        0.0005162597525119781,
        0.000468639577627182,
        0.0004293431115150452,
        0.0003988877546787262,
        0.00036689502000808715,
        0.00034186997056007384,
        0.00031820780754089357,
        0.0003014949905872345,
        0.00027469777226448057,
        0.000263743035197258,
        0.0002463751941919327,
        0.00023251472294330596,
        0.00022219878554344177,
        0.00020522937178611754,
        0.00019490664601325987,
        0.00018765143871307373,
        0.0001788218992948532,
        0.00016716963112354278,
        0.00016072103828191757,
        0.00015229562371969223,
        0.00014735726565122604,
        0.00013215674459934233,
        0.00013054051727056504,
        0.00011894463658332825,
        0.00011975082606077195,
        0.00010953301697969437
    ],
    "test_losses": [
        0.0006993647813796997,
        0.0006079485535621643,
        0.0006252237796783447,
        0.0005214713335037231,
        0.0004737126171588898,
        0.00046923877000808715,
        0.0004536875009536743,
        0.00042442853450775145,
        0.0004068536460399628,
        0.0003816183865070343,
        0.00043807427883148193,
        0.0003614115059375763,
        0.0003379133999347687,
        0.0003212598264217377,
        0.00032112890481948855,
        0.0003233404219150543,
        0.0003090690314769745,
        0.000312899523973465,
        0.0003387148022651672,
        0.00030198253393173217,
        0.00028592543005943297,
        0.00029078720808029175,
        0.0003021379888057709,
        0.0003047635018825531,
        0.00029926306009292605,
        0.0002825494825839996,
        0.0002942440271377563,
        0.0002713768780231476,
        0.00029307997822761536
    ],
    "train_errs": [
        63.206,
        51.048,
        44.85,
        40.16,
        37.556,
        34.508,
        32.454,
        30.222,
        28.82,
        27.05,
        25.736,
        25.162,
        23.868,
        22.92,
        22.384,
        21.584,
        20.668,
        20.106,
        19.566,
        19.422,
        18.516,
        18.22,
        17.72,
        17.118,
        16.448,
        16.302,
        15.58,
        15.544,
        14.974
    ],
    "test_errs": [
        51.18,
        43.31,
        43.93,
        36.93,
        33.09,
        32.89,
        32.08,
        29.02,
        28.36,
        26.39,
        29.8,
        24.57,
        23.04,
        22.32,
        21.65,
        21.53,
        20.76,
        20.96,
        22.31,
        20.06,
        18.91,
        19.01,
        19.78,
        19.69,
        19.0,
        18.31,
        18.53,
        17.69,
        18.63
    ],
    "train_accs": [
        36.794,
        48.952,
        55.15,
        59.84,
        62.444,
        65.492,
        67.546,
        69.778,
        71.18,
        72.95,
        74.264,
        74.838,
        76.132,
        77.08,
        77.616,
        78.416,
        79.332,
        79.894,
        80.434,
        80.578,
        81.484,
        81.78,
        82.28,
        82.882,
        83.552,
        83.698,
        84.42,
        84.456,
        85.026
    ],
    "test_acc": [
        48.82,
        56.69,
        56.07,
        63.07,
        66.91,
        67.11,
        67.92,
        70.98,
        71.64,
        73.61,
        70.2,
        75.43,
        76.96,
        77.68,
        78.35,
        78.47,
        79.24,
        79.04,
        77.69,
        79.94,
        81.09,
        80.99,
        80.22,
        80.31,
        81.0,
        81.69,
        81.47,
        82.31,
        81.37
    ],
    "run_time": [
        14.499812364578247,
        14.646113872528076,
        14.560657262802124,
        14.632484436035156,
        14.520220518112183,
        14.6139235496521,
        14.52942681312561,
        14.74544072151184,
        14.596538305282593,
        14.762863397598267,
        14.603316068649292,
        14.769599914550781,
        14.572261571884155,
        14.6681969165802,
        14.571218490600586,
        14.679803371429443,
        14.574286222457886,
        14.670913457870483,
        14.5799880027771,
        14.688827753067017,
        14.575101137161255,
        14.672745943069458,
        14.572742462158203,
        14.673938512802124,
        14.569649696350098,
        14.67214846611023,
        14.572977304458618,
        14.68756365776062,
        14.5884428024292
    ],
    "n_step": 5,
    "lr": "0055",
    "batch_size": 2048
}