{
    "train_losses": [
        0.0023174103784561156,
        0.0012644607436656952,
        0.0008020659905672074,
        0.0005030890467762947,
        0.0003379006101191044,
        0.00023446123376488686,
        0.00017170970499515533,
        0.0001325520323589444,
        0.00010286087241023779,
        8.952065322548152e-05,
        7.586006831377744e-05,
        6.125688750296832e-05,
        5.3123772777616976e-05,
        4.705121640115976e-05,
        4.2029629480093715e-05
    ],
    "test_losses": [
        0.002383660125732422,
        0.001964307236671448,
        0.0017526898503303528,
        0.0016226639032363892,
        0.0016107372879981994,
        0.0014610797941684722,
        0.0014836782813072206,
        0.0015342638969421387,
        0.0015143207967281342,
        0.0014119843661785127,
        0.0014181939840316772,
        0.0014060928851366043,
        0.0013424125909805298,
        0.001436654105782509,
        0.0014328870058059693
    ],
    "train_errs": [
        52.416,
        37.692,
        31.47,
        27.55,
        25.278,
        23.39,
        21.764,
        20.724,
        19.402,
        18.818,
        17.928,
        16.862,
        15.934,
        15.61,
        14.988
    ],
    "test_errs": [
        41.19,
        32.38,
        28.09,
        25.23,
        24.42,
        22.12,
        22.22,
        21.62,
        21.37,
        19.17,
        20.1,
        19.0,
        18.5,
        18.88,
        18.91
    ],
    "train_accs": [
        47.584,
        62.308,
        68.53,
        72.45,
        74.722,
        76.61,
        78.236,
        79.276,
        80.598,
        81.182,
        82.072,
        83.138,
        84.066,
        84.39,
        85.012
    ],
    "test_acc": [
        58.81,
        67.62,
        71.91,
        74.77,
        75.58,
        77.88,
        77.78,
        78.38,
        78.63,
        80.83,
        79.9,
        81.0,
        81.5,
        81.12,
        81.09
    ],
    "run_time": [
        13.937805891036987,
        13.920096158981323,
        13.94640326499939,
        13.948188543319702,
        13.941373825073242,
        13.942042112350464,
        13.942352294921875,
        14.065715074539185,
        13.991710186004639,
        14.013581991195679,
        14.01558804512024,
        14.012921333312988,
        14.005358457565308,
        14.119068145751953,
        14.002111196517944
    ],
    "n_step": 5,
    "lr": "0055",
    "batch_size": 512
}