{
    "train_losses": [
        0.0028244775155559184,
        0.0004151339494436979,
        0.00022635345198214054,
        0.00016313632529228926,
        0.00012968146583996714,
        0.00010916969605721534,
        9.434204813092947e-05,
        8.492365477606654e-05,
        7.652708247303962e-05,
        7.07361131068319e-05,
        6.143257520161568e-05,
        5.669663402251899e-05,
        5.3692582696676256e-05
    ],
    "test_losses": [
        0.006033275508880615,
        0.00751667674779892,
        0.005157382214069367,
        0.004739659744501114,
        0.004614509677886963,
        0.004195118588209152,
        0.004401889586448669,
        0.004186725887656212,
        0.004090907996892929,
        0.004271940967440605,
        0.004251050564646721,
        0.004120164382457733,
        0.004351507848501205
    ],
    "train_errs": [
        47.146,
        33.672,
        28.954,
        25.952,
        23.7,
        22.156,
        20.304,
        19.644,
        18.456,
        17.552,
        16.41,
        15.534,
        15.0
    ],
    "test_errs": [
        34.29,
        37.45,
        28.23,
        25.22,
        24.1,
        21.88,
        23.3,
        21.97,
        20.34,
        21.55,
        20.58,
        20.37,
        20.24
    ],
    "train_accs": [
        52.854,
        66.328,
        71.046,
        74.048,
        76.3,
        77.844,
        79.696,
        80.356,
        81.544,
        82.448,
        83.59,
        84.466,
        85.0
    ],
    "test_acc": [
        65.71,
        62.55,
        71.77,
        74.78,
        75.9,
        78.12,
        76.7,
        78.03,
        79.66,
        78.45,
        79.42,
        79.63,
        79.76
    ],
    "run_time": [
        11.064415693283081,
        11.060870170593262,
        11.058126449584961,
        11.052668809890747,
        11.07748818397522,
        11.059534788131714,
        11.077399730682373,
        11.059783935546875,
        11.074825525283813,
        11.053040742874146,
        11.083877801895142,
        11.065391778945923,
        11.070113182067871
    ],
    "n_step": 5,
    "lr": "0055",
    "batch_size": 192
}