{
    "train_losses": [
        0.002029736000820994,
        0.0003270507908239961,
        0.00023238012362271547,
        0.00019337255192920566,
        0.00016846568955108522,
        0.00014560616553761064,
        0.00013175513739697634,
        0.00012404778038151563,
        0.0001110801527556032,
        9.902069156989456e-05,
        9.715511998161674e-05,
        8.906452118419111e-05,
        8.508324301801622e-05
    ],
    "test_losses": [
        0.012522431540489197,
        0.010268491196632385,
        0.00938460698723793,
        0.008383896797895432,
        0.008335311612486839,
        0.007909756600856781,
        0.007612070453166962,
        0.008106598567962647,
        0.0072922111243009565,
        0.007421295526623726,
        0.007367510941624642,
        0.007787282067537308,
        0.007554805701971054
    ],
    "train_errs": [
        46.476,
        33.466,
        28.95,
        26.174,
        23.974,
        22.052,
        20.62,
        19.772,
        18.302,
        17.338,
        16.554,
        15.598,
        14.824
    ],
    "test_errs": [
        33.97,
        27.86,
        24.96,
        22.86,
        22.2,
        21.16,
        20.33,
        20.93,
        19.8,
        19.35,
        18.74,
        18.61,
        18.02
    ],
    "train_accs": [
        53.524,
        66.534,
        71.05,
        73.826,
        76.026,
        77.948,
        79.38,
        80.228,
        81.698,
        82.662,
        83.446,
        84.402,
        85.176
    ],
    "test_acc": [
        66.03,
        72.14,
        75.04,
        77.14,
        77.8,
        78.84,
        79.67,
        79.07,
        80.2,
        80.65,
        81.26,
        81.39,
        81.98
    ],
    "run_time": [
        11.225636720657349,
        10.929500341415405,
        10.906079053878784,
        10.93624997138977,
        10.928815841674805,
        10.977541208267212,
        10.956655025482178,
        10.906748056411743,
        10.950523138046265,
        10.958196878433228,
        10.979308843612671,
        10.950640439987183,
        10.952724695205688
    ],
    "n_step": 5,
    "lr": "0055",
    "batch_size": 96
}