{
    "train_losses": [
        0.00048408616304397584,
        0.0003979804968833923,
        0.0003546448874473572,
        0.00033494860887527464,
        0.0003106454539299011,
        0.0002936583924293518,
        0.0002742828106880188,
        0.0002623827624320984,
        0.0002496140086650848,
        0.00023943334221839904,
        0.00022732116341590882,
        0.000216091365814209,
        0.00021273072361946107,
        0.00020413240313529968,
        0.00019536996245384216,
        0.0001894750189781189,
        0.00018376060962677,
        0.0001772587203979492,
        0.00017486090660095215,
        0.00017219398617744446,
        0.00015933555960655213,
        0.00015768110156059266,
        0.00015286559998989104,
        0.00014732359886169432,
        0.00014454248189926146,
        0.00014501858711242675,
        0.00014050823867321015,
        0.0001358520030975342,
        0.00012911635875701905,
        0.00012502853691577913
    ],
    "test_losses": [
        0.0005100581884384156,
        0.00047528203725814817,
        0.0004166617751121521,
        0.00041881619691848756,
        0.0003412906765937805,
        0.00038670508861541746,
        0.00030852469205856325,
        0.00034373173713684083,
        0.0003336340546607971,
        0.00029961711168289184,
        0.0002659795045852661,
        0.0002758084774017334,
        0.0002395436227321625,
        0.00028788912892341615,
        0.00025185219049453735,
        0.00026053637862205505,
        0.00023363438248634339,
        0.0002333556056022644,
        0.00025337693095207214,
        0.0002428007185459137,
        0.00024240238666534423,
        0.0002206108272075653,
        0.00020792223811149597,
        0.00023732109069824218,
        0.00022316152453422548,
        0.0002984588325023651,
        0.0002082817018032074,
        0.00023591054677963257,
        0.00023049480319023132,
        0.00019717260003089906
    ],
    "train_errs": [
        69.558,
        56.014,
        51.476,
        48.154,
        45.176,
        42.772,
        40.618,
        37.392,
        35.962,
        35.454,
        33.594,
        31.89,
        31.262,
        30.23,
        29.428,
        28.098,
        27.65,
        26.74,
        26.316,
        25.63,
        24.788,
        24.268,
        23.564,
        23.3,
        22.614,
        22.364,
        22.696,
        21.316,
        21.134,
        21.058
    ],
    "test_errs": [
        61.76,
        56.86,
        50.21,
        50.12,
        41.7,
        45.62,
        35.82,
        39.08,
        38.14,
        33.83,
        30.64,
        31.88,
        28.12,
        33.78,
        28.6,
        29.77,
        26.75,
        26.55,
        29.21,
        27.74,
        27.33,
        24.73,
        24.26,
        26.2,
        24.97,
        33.64,
        24.02,
        27.19,
        25.29,
        22.3
    ],
    "train_accs": [
        30.442,
        43.986,
        48.524,
        51.846,
        54.824,
        57.228,
        59.382,
        62.608,
        64.038,
        64.546,
        66.406,
        68.11,
        68.738,
        69.77,
        70.572,
        71.902,
        72.35,
        73.26,
        73.684,
        74.37,
        75.212,
        75.732,
        76.436,
        76.7,
        77.386,
        77.636,
        77.304,
        78.684,
        78.866,
        78.942
    ],
    "test_acc": [
        38.24,
        43.14,
        49.79,
        49.88,
        58.3,
        54.38,
        64.18,
        60.92,
        61.86,
        66.17,
        69.36,
        68.12,
        71.88,
        66.22,
        71.4,
        70.23,
        73.25,
        73.45,
        70.79,
        72.26,
        72.67,
        75.27,
        75.74,
        73.8,
        75.03,
        66.36,
        75.98,
        72.81,
        74.71,
        77.7
    ],
    "run_time": [
        14.648938655853271,
        14.551677703857422,
        14.544221878051758,
        14.676883220672607,
        14.550245523452759,
        14.659051656723022,
        14.665128707885742,
        14.547528982162476,
        14.634814500808716,
        14.660326719284058,
        14.549323320388794,
        14.641595602035522,
        14.623733520507812,
        14.534708738327026,
        14.530941247940063,
        14.643258094787598,
        14.6204195022583,
        14.63643765449524,
        14.60647702217102,
        14.514136791229248,
        14.620697259902954,
        14.631624698638916,
        14.53630018234253,
        14.636439561843872,
        14.622328281402588,
        14.52634596824646,
        14.62067437171936,
        14.613372325897217,
        14.503346681594849,
        14.523231983184814
    ],
    "n_step": 5,
    "lr": "0055",
    "batch_size": 4096
}