{
    "train_losses": [
        0.002940455108359456,
        0.0006423243085108697,
        0.0002789623721316457,
        0.00018222913732752203,
        0.00013188970434479416,
        0.00010905943950638176,
        9.202398796565831e-05,
        7.615014355164021e-05,
        6.750912431627512e-05,
        6.199802284128964e-05,
        5.445189583580941e-05,
        5.0444972682744265e-05,
        4.5712779499590396e-05
    ],
    "test_losses": [
        0.0045354540169239045,
        0.00412464109659195,
        0.003905726236104965,
        0.004098368901014328,
        0.0033474571228027344,
        0.0033302544593811034,
        0.003307466775178909,
        0.0034810814678668976,
        0.0036962080717086792,
        0.003168630266189575,
        0.0030743792802095412,
        0.0033293985307216644,
        0.003131451714038849
    ],
    "train_errs": [
        48.146,
        33.292,
        28.508,
        26.012,
        23.322,
        21.682,
        20.466,
        19.022,
        17.88,
        17.002,
        16.244,
        15.532,
        14.666
    ],
    "test_errs": [
        35.71,
        30.43,
        28.5,
        26.85,
        24.19,
        22.83,
        22.83,
        22.01,
        22.89,
        20.02,
        19.51,
        20.65,
        18.79
    ],
    "train_accs": [
        51.854,
        66.708,
        71.492,
        73.988,
        76.678,
        78.318,
        79.534,
        80.978,
        82.12,
        82.998,
        83.756,
        84.468,
        85.334
    ],
    "test_acc": [
        64.29,
        69.57,
        71.5,
        73.15,
        75.81,
        77.17,
        77.17,
        77.99,
        77.11,
        79.98,
        80.49,
        79.35,
        81.21
    ],
    "run_time": [
        11.957953691482544,
        11.936693668365479,
        11.940020561218262,
        11.922176361083984,
        11.915290117263794,
        11.920499801635742,
        11.924306869506836,
        11.931281566619873,
        11.92004108428955,
        11.939429521560669,
        11.931353092193604,
        11.932415008544922,
        11.928335428237915
    ],
    "n_step": 5,
    "lr": "0055",
    "batch_size": 256
}