{
    "train_losses": [
        0.0018608594838343561,
        0.0003999356524832547,
        0.00030537478829268365,
        0.00026242353511974216,
        0.00023076991850044578,
        0.00020762781878001988,
        0.00019315637306543067,
        0.00017666534065734595,
        0.00015885729137342424,
        0.0001506194239621982,
        0.00014432359791593627,
        0.00012982531431596727,
        0.00012040645658271387,
        0.00011464999499265105
    ],
    "test_losses": [
        0.022560191202163696,
        0.020730334573984145,
        0.01845966350734234,
        0.01562232028245926,
        0.013960553935170174,
        0.014696738061308862,
        0.01349832003712654,
        0.012417628842592239,
        0.018810516726970674,
        0.015400404456257821,
        0.012681312285363674,
        0.011174176539480687,
        0.013754554507136346,
        0.013415157291293145
    ],
    "train_errs": [
        47.822,
        34.484,
        29.88,
        26.77,
        24.416,
        22.822,
        21.112,
        20.006,
        18.746,
        17.784,
        17.194,
        16.04,
        15.208,
        14.864
    ],
    "test_errs": [
        39.7,
        34.44,
        28.96,
        27.39,
        24.48,
        24.94,
        22.52,
        21.66,
        27.15,
        24.6,
        20.2,
        18.07,
        21.26,
        21.32
    ],
    "train_accs": [
        52.178,
        65.516,
        70.12,
        73.23,
        75.584,
        77.178,
        78.888,
        79.994,
        81.254,
        82.216,
        82.806,
        83.96,
        84.792,
        85.136
    ],
    "test_acc": [
        60.3,
        65.56,
        71.04,
        72.61,
        75.52,
        75.06,
        77.48,
        78.34,
        72.85,
        75.4,
        79.8,
        81.93,
        78.74,
        78.68
    ],
    "run_time": [
        12.421945571899414,
        12.413472652435303,
        12.437185049057007,
        13.044673442840576,
        13.307513236999512,
        13.264540195465088,
        13.313777208328247,
        13.303824663162231,
        13.303465366363525,
        13.384944438934326,
        12.872313976287842,
        12.609615564346313,
        12.506510734558105,
        12.963580131530762
    ],
    "n_step": 5,
    "lr": "0055",
    "batch_size": 64
}