{
    "train_losses": [
        0.012649040138721467,
        0.009588630717992782,
        0.008046068311929703,
        0.007065713005065918,
        0.006395465703010559,
        0.005886865172386169,
        0.0054940059649944304,
        0.005178642891645432,
        0.004882990119457245,
        0.004617847303152085,
        0.004415304609537125
    ],
    "test_losses": [
        0.009750705635547637,
        0.007619595766067505,
        0.006766618210077286,
        0.006038416439294815,
        0.006619084364175796,
        0.005945747166872024,
        0.0053903302162885665,
        0.005131105810403823,
        0.004848129940032959,
        0.005265156131982803,
        0.00458894684612751
    ],
    "train_errs": [
        59.14,
        44.114,
        36.224,
        32.04,
        28.782,
        26.536,
        24.568,
        23.19,
        22.026,
        20.762,
        19.62
    ],
    "test_errs": [
        44.88,
        33.86,
        29.45,
        26.67,
        29.38,
        25.79,
        23.23,
        21.63,
        20.54,
        22.46,
        19.74
    ],
    "train_accs": [
        40.86,
        55.886,
        63.776,
        67.96,
        71.218,
        73.464,
        75.432,
        76.81,
        77.974,
        79.238,
        80.38
    ],
    "test_acc": [
        55.12,
        66.14,
        70.55,
        73.33,
        70.62,
        74.21,
        76.77,
        78.37,
        79.46,
        77.54,
        80.26
    ],
    "run_time": [
        8.124695062637329,
        8.210523128509521,
        8.002941846847534,
        8.168516635894775,
        8.213103771209717,
        8.210663080215454,
        8.161484479904175,
        8.133890390396118,
        8.093381643295288,
        8.148744106292725,
        8.036903142929077
    ],
    "n_step": "0009"
}