{
    "train_losses": [
        0.012903201982975007,
        0.01018518915295601,
        0.008730238420963288,
        0.007759876434803009,
        0.007042148296833038,
        0.006523271803855896,
        0.006088065410852432,
        0.005744030133485794,
        0.0053980863839387895,
        0.005188151049613953,
        0.004924457833766938,
        0.004764398937225342,
        0.004529137637615204,
        0.004414669700264931
    ],
    "test_losses": [
        0.010771835029125213,
        0.009631426852941513,
        0.007571429234743118,
        0.007894833517074585,
        0.006935135960578919,
        0.006063826286792755,
        0.005650073751807213,
        0.005294547230005264,
        0.005145155391097069,
        0.005173655900359154,
        0.005078113052248955,
        0.004831374597549438,
        0.005206865841150284,
        0.004621403205394745
    ],
    "train_errs": [
        60.286,
        46.904,
        39.764,
        35.018,
        31.542,
        29.258,
        27.114,
        25.824,
        24.354,
        23.1,
        22.246,
        21.346,
        20.256,
        19.83
    ],
    "test_errs": [
        50.49,
        42.75,
        34.28,
        34.06,
        30.41,
        27.33,
        24.62,
        23.39,
        22.87,
        22.35,
        22.1,
        21.1,
        22.84,
        19.83
    ],
    "train_accs": [
        39.714,
        53.096,
        60.236,
        64.982,
        68.458,
        70.742,
        72.886,
        74.176,
        75.646,
        76.9,
        77.754,
        78.654,
        79.744,
        80.17
    ],
    "test_acc": [
        49.51,
        57.25,
        65.72,
        65.94,
        69.59,
        72.67,
        75.38,
        76.61,
        77.13,
        77.65,
        77.9,
        78.9,
        77.16,
        80.17
    ],
    "run_time": [
        8.198489904403687,
        7.939790964126587,
        8.109652757644653,
        8.272795677185059,
        8.214698553085327,
        8.205835580825806,
        8.297693729400635,
        8.294320344924927,
        8.217800855636597,
        8.233352184295654,
        8.09765100479126,
        7.8867645263671875,
        8.223335027694702,
        8.2478768825531
    ],
    "n_step": "0005"
}