{
    "train_losses": [
        0.012727906820774078,
        0.0098398881316185,
        0.008364454482793809,
        0.007416350637674331,
        0.006727904324531555,
        0.006222730460166932,
        0.005783260050415993,
        0.005451682800650596,
        0.005114492966532707,
        0.004937764042019844,
        0.004678601100444794,
        0.004477297946810723
    ],
    "test_losses": [
        0.011244909739494324,
        0.008883665871620178,
        0.007709425932168961,
        0.006854574155807495,
        0.006138232314586639,
        0.00562898822426796,
        0.0056531967341899875,
        0.005303693482279778,
        0.0051955671012401585,
        0.004594106236100197,
        0.004930118244886398,
        0.004503435379266739
    ],
    "train_errs": [
        59.394,
        45.262,
        38.066,
        33.364,
        30.502,
        27.934,
        26.004,
        24.288,
        22.946,
        21.988,
        20.866,
        19.946
    ],
    "test_errs": [
        49.95,
        39.8,
        33.75,
        30.4,
        27.14,
        25.03,
        25.38,
        23.44,
        22.58,
        20.28,
        21.71,
        19.59
    ],
    "train_accs": [
        40.606,
        54.738,
        61.934,
        66.636,
        69.498,
        72.066,
        73.996,
        75.712,
        77.054,
        78.012,
        79.134,
        80.054
    ],
    "test_acc": [
        50.05,
        60.2,
        66.25,
        69.6,
        72.86,
        74.97,
        74.62,
        76.56,
        77.42,
        79.72,
        78.29,
        80.41
    ],
    "run_time": [
        8.137035846710205,
        8.176704168319702,
        8.195916414260864,
        8.20147705078125,
        8.20085334777832,
        8.22901177406311,
        8.262871265411377,
        8.196327209472656,
        8.248477697372437,
        8.30448055267334,
        8.26082181930542,
        8.317292213439941
    ],
    "n_step": "0006"
}