{
    "train_losses": [
        0.012773920154571534,
        0.00994795306801796,
        0.008440450412034988,
        0.007459024883508682,
        0.006713238377571106,
        0.006158622236251831,
        0.005746453952789307,
        0.005393016306757927,
        0.005066246220469475,
        0.0047965610641241075,
        0.00457982814669609,
        0.004418676485419273
    ],
    "test_losses": [
        0.01013371297121048,
        0.008134843045473098,
        0.0077992882549762724,
        0.006516829967498779,
        0.006639303171634674,
        0.005510694625973702,
        0.005598713880777359,
        0.005513349696993828,
        0.005367773333191872,
        0.004847422906756401,
        0.00500746553838253,
        0.0045930863052606585
    ],
    "train_errs": [
        59.598,
        45.702,
        38.268,
        33.704,
        30.244,
        27.742,
        25.782,
        24.136,
        22.614,
        21.426,
        20.438,
        19.57
    ],
    "test_errs": [
        45.67,
        37.34,
        34.92,
        28.77,
        28.74,
        24.12,
        23.89,
        23.71,
        23.16,
        21.35,
        21.63,
        20.49
    ],
    "train_accs": [
        40.402,
        54.298,
        61.732,
        66.296,
        69.756,
        72.258,
        74.218,
        75.864,
        77.386,
        78.574,
        79.562,
        80.43
    ],
    "test_acc": [
        54.33,
        62.66,
        65.08,
        71.23,
        71.26,
        75.88,
        76.11,
        76.29,
        76.84,
        78.65,
        78.37,
        79.51
    ],
    "run_time": [
        8.283281803131104,
        8.186408996582031,
        8.208818674087524,
        8.297882795333862,
        8.332956790924072,
        8.227900981903076,
        8.293222188949585,
        8.194174766540527,
        8.273504257202148,
        8.167538404464722,
        8.01852798461914,
        8.332722902297974
    ],
    "n_step": "0007"
}