{
    "train_losses": [
        0.012772761781215667,
        0.009802852717638016,
        0.00824902399778366,
        0.007218465267419815,
        0.006431819087266922,
        0.005909676421880722,
        0.00551580481827259,
        0.005134000388979912,
        0.004841045185923576,
        0.004642670964598656,
        0.004351436124444008
    ],
    "test_losses": [
        0.010191206872463226,
        0.008179261410236359,
        0.007598356145620346,
        0.0068814928352832795,
        0.005860261482000351,
        0.00558112490773201,
        0.005599599891901016,
        0.005239213287830353,
        0.005354702475667,
        0.005084099879860878,
        0.004654636251926422
    ],
    "train_errs": [
        59.978,
        45.32,
        37.612,
        32.576,
        28.878,
        26.608,
        24.69,
        23.088,
        21.604,
        20.872,
        19.638
    ],
    "test_errs": [
        46.14,
        36.79,
        34.01,
        30.71,
        26.02,
        24.85,
        24.07,
        22.57,
        22.86,
        21.99,
        19.94
    ],
    "train_accs": [
        40.022,
        54.68,
        62.388,
        67.424,
        71.122,
        73.392,
        75.31,
        76.912,
        78.396,
        79.128,
        80.362
    ],
    "test_acc": [
        53.86,
        63.21,
        65.99,
        69.29,
        73.98,
        75.15,
        75.93,
        77.43,
        77.14,
        78.01,
        80.06
    ],
    "run_time": [
        8.11237382888794,
        8.07239317893982,
        7.998549222946167,
        8.151818990707397,
        8.149877309799194,
        8.17058539390564,
        7.75861930847168,
        8.10238265991211,
        8.105464935302734,
        8.093107461929321,
        8.003098249435425
    ],
    "n_step": "001"
}