{
    "train_losses": [
        0.012909604315757751,
        0.009824133241176605,
        0.008253378720283509,
        0.007337365409135818,
        0.006609317276477814,
        0.0061236318790912625,
        0.005714814500212669,
        0.00531100243628025,
        0.005056968841552734,
        0.004821281422972679,
        0.004576344596743584,
        0.004365832909345627
    ],
    "test_losses": [
        0.009769266223907471,
        0.008804533410072327,
        0.0074238105475902556,
        0.0071112235307693485,
        0.005997904354333877,
        0.0058669884800910945,
        0.007129304134845734,
        0.005783811068534851,
        0.005264367917180062,
        0.004663073897361755,
        0.0046872794210910795,
        0.004401896172761917
    ],
    "train_errs": [
        60.61,
        45.218,
        37.394,
        32.944,
        29.57,
        27.462,
        25.73,
        23.884,
        22.752,
        21.656,
        20.54,
        19.404
    ],
    "test_errs": [
        45.15,
        39.1,
        33.36,
        32.13,
        26.1,
        26.02,
        30.45,
        24.82,
        22.5,
        20.26,
        20.09,
        18.65
    ],
    "train_accs": [
        39.39,
        54.782,
        62.606,
        67.056,
        70.43,
        72.538,
        74.27,
        76.116,
        77.248,
        78.344,
        79.46,
        80.596
    ],
    "test_acc": [
        54.85,
        60.9,
        66.64,
        67.87,
        73.9,
        73.98,
        69.55,
        75.18,
        77.5,
        79.74,
        79.91,
        81.35
    ],
    "run_time": [
        8.336759805679321,
        8.242499113082886,
        8.300556659698486,
        8.367938041687012,
        8.412109851837158,
        8.227618217468262,
        8.38995623588562,
        8.272239923477173,
        8.305376291275024,
        8.129345655441284,
        7.809905767440796,
        8.185222625732422
    ],
    "n_step": "0008"
}