{"0": 2.6004271507263184, "1": 0.2489311546087265, "2": 0.222950741648674, "3": 0.21516656875610352, "4": 0.21264010667800903}