{
    "train_losses": [
        0.012920027129650116,
        0.009498887149095536,
        0.007910932539701461,
        0.006912548630237579,
        0.00619662987112999,
        0.005718187183737755,
        0.005327902572751045,
        0.004994194986820221,
        0.004714839916825295,
        0.004468965677022934,
        0.004223987671136856,
        0.004013868635892868,
        0.0038879238963127134,
        0.003716906014084816,
        0.003600839421749115,
        0.0035044487184286116,
        0.0033656475132703783,
        0.0032190593117475508,
        0.0031098122698068617,
        0.0030008761996030806,
        0.002904364787042141,
        0.002832315725982189,
        0.0027386607670783995,
        0.002665263026356697,
        0.0025431275308132172,
        0.00253086810618639,
        0.002435278142094612,
        0.0023925354346632957,
        0.002296264404952526,
        0.0022769939628243447,
        0.0021526932837069033
    ],
    "test_losses": [
        0.009941110253334046,
        0.008824603754281998,
        0.007497342884540558,
        0.006208649617433548,
        0.006529561352729797,
        0.005675269830226898,
        0.006058627355098724,
        0.005260021358728409,
        0.00476650003194809,
        0.005329915946722031,
        0.0044957982420921324,
        0.004410472482442856,
        0.0052321584671735765,
        0.004192861780524254,
        0.0045399720281362535,
        0.00431751438677311,
        0.0045339545130729676,
        0.004555281513929367,
        0.004417561843991279,
        0.004800397562980652,
        0.004459039914608002,
        0.004165654537081718,
        0.00452860409617424,
        0.004384476748108864,
        0.0041247888416051865,
        0.004235899522900582,
        0.004699201293289662,
        0.004389501830935478,
        0.004239466083049774,
        0.005040859591960907,
        0.004254744997620583
    ],
    "train_errs": [
        60.554,
        43.544,
        35.958,
        31.038,
        27.794,
        25.644,
        23.814,
        22.386,
        21.09,
        19.802,
        18.86,
        17.952,
        17.604,
        16.62,
        15.976,
        15.756,
        14.988,
        14.446,
        14.038,
        13.298,
        13.06,
        12.686,
        12.248,
        12.052,
        11.438,
        11.384,
        10.984,
        10.734,
        10.264,
        10.25,
        9.698
    ],
    "test_errs": [
        45.58,
        40.33,
        32.1,
        27.02,
        28.88,
        25.04,
        26.61,
        22.99,
        20.64,
        23.13,
        19.55,
        18.94,
        21.32,
        17.91,
        18.94,
        17.98,
        19.35,
        19.06,
        17.96,
        19.19,
        17.53,
        16.89,
        18.38,
        17.43,
        16.96,
        16.45,
        17.58,
        16.78,
        16.23,
        18.9,
        16.32
    ],
    "train_accs": [
        39.446,
        56.456,
        64.042,
        68.962,
        72.206,
        74.356,
        76.186,
        77.614,
        78.91,
        80.198,
        81.14,
        82.048,
        82.396,
        83.38,
        84.024,
        84.244,
        85.012,
        85.554,
        85.962,
        86.702,
        86.94,
        87.314,
        87.752,
        87.948,
        88.562,
        88.616,
        89.016,
        89.266,
        89.736,
        89.75,
        90.302
    ],
    "test_acc": [
        54.42,
        59.67,
        67.9,
        72.98,
        71.12,
        74.96,
        73.39,
        77.01,
        79.36,
        76.87,
        80.45,
        81.06,
        78.68,
        82.09,
        81.06,
        82.02,
        80.65,
        80.94,
        82.04,
        80.81,
        82.47,
        83.11,
        81.62,
        82.57,
        83.04,
        83.55,
        82.42,
        83.22,
        83.77,
        81.1,
        83.68
    ],
    "run_time": [
        7.474541902542114,
        7.457460641860962,
        7.470761060714722,
        7.505156993865967,
        7.476377010345459,
        7.468068361282349,
        7.464535713195801,
        7.476684093475342,
        7.475164890289307,
        7.482708692550659,
        7.470390796661377,
        7.477038621902466,
        7.480597734451294,
        7.482552528381348,
        7.4775636196136475,
        7.481889009475708,
        7.478633403778076,
        7.480957984924316,
        7.4691078662872314,
        7.456206321716309,
        7.451937198638916,
        7.466456174850464,
        7.474046230316162,
        7.492270469665527,
        7.482913017272949,
        7.483011484146118,
        7.483233690261841,
        7.476335763931274,
        7.468303203582764,
        7.4855310916900635,
        7.473973751068115
    ],
    "n_step": 0.15
}