{
    "train_losses": [
        0.012788054680824279,
        0.009567260760068894,
        0.007981276919841766,
        0.00697370756983757,
        0.006292830439805984,
        0.005734702155590058,
        0.005346120171546936,
        0.005021805577874183,
        0.004736445781588554,
        0.004456450851559639,
        0.004250454047322274,
        0.004046917909383774,
        0.003907782948613167,
        0.00371989549100399,
        0.0035809452193975447,
        0.0034545498436689376,
        0.0033316223078966142,
        0.0031514867028594015,
        0.003061195498406887,
        0.002973471465706825,
        0.0028864503088593483,
        0.0027865939831733704,
        0.002656921883523464,
        0.002605394714176655,
        0.0025436427813768387,
        0.0024934447038173677,
        0.002411833856701851,
        0.0022931031262874604,
        0.002258925946801901,
        0.0022072450053691865
    ],
    "test_losses": [
        0.009991968071460723,
        0.008825360876321792,
        0.007354908496141434,
        0.006375701457262039,
        0.0064348965764045715,
        0.005427972576022148,
        0.005264043134450913,
        0.00507928848862648,
        0.004832633453607559,
        0.005339811363816262,
        0.004881463673710823,
        0.004351636049151421,
        0.004313811913132667,
        0.004456699395179749,
        0.004308284220099449,
        0.004428681293129921,
        0.004367466759681702,
        0.004832020097970962,
        0.004278079536557198,
        0.004387691497802735,
        0.004326476919651032,
        0.003927847254276275,
        0.004569284817576408,
        0.004176714369654656,
        0.004734794390201569,
        0.004186519899964333,
        0.00419490906894207,
        0.004102717590332031,
        0.004282852339744568,
        0.004353490814566612
    ],
    "train_errs": [
        59.636,
        44.042,
        35.918,
        31.298,
        28.128,
        25.592,
        24.048,
        22.568,
        21.108,
        19.88,
        19.166,
        17.958,
        17.57,
        16.594,
        16.124,
        15.432,
        14.938,
        14.2,
        13.786,
        13.37,
        13.16,
        12.52,
        11.768,
        11.548,
        11.446,
        11.16,
        10.888,
        10.35,
        10.234,
        9.912
    ],
    "test_errs": [
        45.92,
        39.17,
        32.94,
        27.99,
        28.19,
        23.78,
        23.23,
        21.87,
        21.37,
        22.8,
        20.81,
        18.59,
        18.49,
        18.55,
        18.32,
        18.45,
        18.21,
        20.47,
        16.79,
        17.89,
        17.94,
        15.89,
        17.99,
        16.68,
        18.11,
        16.09,
        16.2,
        15.61,
        16.08,
        16.27
    ],
    "train_accs": [
        40.364,
        55.958,
        64.082,
        68.702,
        71.872,
        74.408,
        75.952,
        77.432,
        78.892,
        80.12,
        80.834,
        82.042,
        82.43,
        83.406,
        83.876,
        84.568,
        85.062,
        85.8,
        86.214,
        86.63,
        86.84,
        87.48,
        88.232,
        88.452,
        88.554,
        88.84,
        89.112,
        89.65,
        89.766,
        90.088
    ],
    "test_acc": [
        54.08,
        60.83,
        67.06,
        72.01,
        71.81,
        76.22,
        76.77,
        78.13,
        78.63,
        77.2,
        79.19,
        81.41,
        81.51,
        81.45,
        81.68,
        81.55,
        81.79,
        79.53,
        83.21,
        82.11,
        82.06,
        84.11,
        82.01,
        83.32,
        81.89,
        83.91,
        83.8,
        84.39,
        83.92,
        83.73
    ],
    "run_time": [
        7.581424713134766,
        7.554782152175903,
        7.567216157913208,
        7.5991432666778564,
        7.622186660766602,
        7.553038835525513,
        7.508269786834717,
        7.506900072097778,
        7.496814250946045,
        7.5420448780059814,
        7.543813705444336,
        7.496006965637207,
        7.5101635456085205,
        7.490910053253174,
        7.487508058547974,
        7.479442358016968,
        7.5048558712005615,
        7.4968342781066895,
        7.4974212646484375,
        7.470271110534668,
        7.475433349609375,
        7.479190349578857,
        7.489612102508545,
        7.462977409362793,
        7.4838337898254395,
        7.4819300174713135,
        7.4878926277160645,
        7.5178375244140625,
        7.5480263233184814,
        7.491526365280151
    ],
    "n_step": 0.13
}