{
    "train_losses": [
        0.01304904262304306,
        0.0097599087703228,
        0.008071944717168808,
        0.0069646298825740815,
        0.0061748739886283875,
        0.0057215019017457965,
        0.0052732400286197665,
        0.004972318363189697,
        0.004683917719125748,
        0.0044698279601335525,
        0.004231269544363022,
        0.004057715452313423,
        0.0038869877725839614,
        0.003723095856308937,
        0.0035748052513599397,
        0.003463467086553574,
        0.0033230800741910933,
        0.0032016022595763205,
        0.0030949382373690604,
        0.003005882709026337,
        0.0028772859442234037,
        0.0028331681436300276,
        0.0027796698328852653,
        0.0026413354030251504,
        0.0025653813809156417,
        0.002541872856318951,
        0.0024420170560479166,
        0.002366365640759468,
        0.002358038811981678,
        0.002251412461102009,
        0.002249210737645626,
        0.0021933997848629953
    ],
    "test_losses": [
        0.010110681092739104,
        0.008236951720714569,
        0.006842262780666351,
        0.00609879145026207,
        0.005482616582512856,
        0.005569393190741539,
        0.005203799089789391,
        0.00483194100856781,
        0.005054924103617668,
        0.004865463265776635,
        0.004958455240726471,
        0.004652311682701111,
        0.00435746356844902,
        0.0045129558503627775,
        0.0042992742478847506,
        0.004308744570612907,
        0.004467400330305099,
        0.004438980492949485,
        0.004193572476506233,
        0.004117222315073013,
        0.004585414549708366,
        0.004077377957105637,
        0.004177206754684448,
        0.0042676395609974865,
        0.004318098512291908,
        0.0040374218642711636,
        0.004153255908191204,
        0.004273306839168072,
        0.004525032861530781,
        0.004302635249495507,
        0.004338090190291404,
        0.004288403618335724
    ],
    "train_errs": [
        60.744,
        45.14,
        36.702,
        31.43,
        27.604,
        25.494,
        23.666,
        22.312,
        20.736,
        20.04,
        18.906,
        18.142,
        17.364,
        16.744,
        16.122,
        15.614,
        15.002,
        14.36,
        13.786,
        13.526,
        12.908,
        12.7,
        12.444,
        11.888,
        11.61,
        11.324,
        11.06,
        10.724,
        10.458,
        10.292,
        10.306,
        9.844
    ],
    "test_errs": [
        48.46,
        37.31,
        30.82,
        26.64,
        23.88,
        24.66,
        22.54,
        21.38,
        21.97,
        20.64,
        21.23,
        19.96,
        18.39,
        19.04,
        18.23,
        18.15,
        18.43,
        18.09,
        16.76,
        16.73,
        18.1,
        16.41,
        16.83,
        16.72,
        16.81,
        15.93,
        16.82,
        16.82,
        17.08,
        15.92,
        16.73,
        16.36
    ],
    "train_accs": [
        39.256,
        54.86,
        63.298,
        68.57,
        72.396,
        74.506,
        76.334,
        77.688,
        79.264,
        79.96,
        81.094,
        81.858,
        82.636,
        83.256,
        83.878,
        84.386,
        84.998,
        85.64,
        86.214,
        86.474,
        87.092,
        87.3,
        87.556,
        88.112,
        88.39,
        88.676,
        88.94,
        89.276,
        89.542,
        89.708,
        89.694,
        90.156
    ],
    "test_acc": [
        51.54,
        62.69,
        69.18,
        73.36,
        76.12,
        75.34,
        77.46,
        78.62,
        78.03,
        79.36,
        78.77,
        80.04,
        81.61,
        80.96,
        81.77,
        81.85,
        81.57,
        81.91,
        83.24,
        83.27,
        81.9,
        83.59,
        83.17,
        83.28,
        83.19,
        84.07,
        83.18,
        83.18,
        82.92,
        84.08,
        83.27,
        83.64
    ],
    "run_time": [
        7.477257251739502,
        7.464104175567627,
        7.461031198501587,
        7.466714143753052,
        7.468118906021118,
        7.469311952590942,
        7.472747802734375,
        7.484349727630615,
        7.480703115463257,
        7.497247934341431,
        7.512431383132935,
        7.50458288192749,
        7.50126576423645,
        7.520893812179565,
        7.484236001968384,
        7.495989561080933,
        7.4871885776519775,
        7.484645843505859,
        7.514368295669556,
        7.481361150741577,
        7.480435609817505,
        7.482285499572754,
        7.484232664108276,
        7.485085487365723,
        7.487155199050903,
        7.5307862758636475,
        7.49649453163147,
        7.517203092575073,
        7.486788034439087,
        7.501677513122559,
        7.49498724937439,
        7.491230487823486
    ],
    "n_step": 0.17
}