{
    "train_losses": [
        0.012702063591480255,
        0.009496702582836152,
        0.007910521278381348,
        0.006899119420051575,
        0.006237004311084747,
        0.005739732564687729,
        0.005329861097335816,
        0.00498482651591301,
        0.004722063713669777,
        0.004442802388072014,
        0.00420334911942482,
        0.004046875230073929,
        0.003839558190703392,
        0.0036749819612503054,
        0.003568787780404091,
        0.0033795826643705368,
        0.00332233396589756,
        0.0031467350468039512,
        0.003020576636791229,
        0.002915988181233406,
        0.0028299089998006823,
        0.002748948637545109,
        0.002706193056702614,
        0.0025489823868870736,
        0.0024996482503414153,
        0.0024202933841943742,
        0.0023335633662343027,
        0.0022681483548879625,
        0.002241920005381107,
        0.0021562903325259685,
        0.002086022888123989,
        0.0020152783986926077,
        0.0020091716343164446,
        0.001949331974685192,
        0.001904468729197979,
        0.001852232423275709,
        0.0018056551699340343,
        0.0017515674658119679,
        0.0017112907007336617,
        0.0016493661886453628,
        0.0016151676696538925,
        0.0015977377431094647,
        0.0015541758804023267,
        0.0015540639153122902,
        0.0015226951986551285,
        0.0015044253119081258,
        0.001445657258927822,
        0.0013848068273812533,
        0.001420169918090105,
        0.0013422752740979195
    ],
    "test_losses": [
        0.010477985203266144,
        0.010371938121318817,
        0.007807611936330795,
        0.005993108630180359,
        0.00561570292711258,
        0.005316915646195412,
        0.005083196696639061,
        0.004744697168469429,
        0.004900879511237144,
        0.004561582839488983,
        0.004619229701161385,
        0.00423163026869297,
        0.0049081353724002835,
        0.00503832722902298,
        0.004374302235245705,
        0.004136754316091538,
        0.004562559729814529,
        0.0041021863818168644,
        0.0040501138776540754,
        0.004148564398288727,
        0.0041680102735757825,
        0.004171552410721779,
        0.004180785651504993,
        0.004095347541570663,
        0.004181536205112934,
        0.0043597349464893345,
        0.004415032663941383,
        0.004201215994358062,
        0.004273378443717957,
        0.0047469130218029025,
        0.00424738287627697,
        0.0042266745060682296,
        0.004539231351017952,
        0.004196894958615303,
        0.004212438860535622,
        0.004470721735060215,
        0.004466353230178357,
        0.004539974151551724,
        0.004422264981269837,
        0.00465710680782795,
        0.00442204420864582,
        0.0045913855761289596,
        0.004812797549366951,
        0.004668160381913185,
        0.004706600327789783,
        0.004406522800028324,
        0.004670983876287937,
        0.004689066755771637,
        0.004459181271493435,
        0.004692748373746872
    ],
    "train_errs": [
        59.404,
        43.426,
        35.886,
        31.304,
        28.13,
        25.706,
        23.842,
        22.232,
        20.996,
        19.62,
        18.774,
        18.138,
        17.24,
        16.522,
        15.89,
        15.0,
        14.926,
        14.028,
        13.414,
        13.02,
        12.592,
        12.204,
        12.116,
        11.456,
        11.2,
        10.846,
        10.396,
        10.196,
        9.94,
        9.554,
        9.382,
        9.058,
        8.958,
        8.68,
        8.59,
        8.324,
        8.06,
        7.796,
        7.71,
        7.35,
        7.274,
        7.172,
        7.022,
        6.968,
        6.992,
        6.764,
        6.402,
        6.23,
        6.4,
        6.026
    ],
    "test_errs": [
        48.5,
        46.05,
        34.05,
        26.96,
        24.56,
        23.68,
        22.37,
        20.89,
        20.71,
        19.46,
        19.57,
        18.28,
        20.82,
        20.15,
        18.73,
        17.62,
        18.56,
        17.19,
        16.7,
        16.8,
        16.65,
        16.7,
        16.19,
        16.6,
        16.41,
        16.93,
        16.51,
        15.71,
        16.33,
        17.22,
        15.73,
        16.05,
        16.64,
        15.4,
        15.21,
        15.94,
        15.37,
        16.06,
        15.33,
        15.97,
        14.9,
        15.86,
        15.87,
        15.72,
        15.54,
        15.13,
        15.46,
        14.67,
        14.39,
        15.52
    ],
    "train_accs": [
        40.596,
        56.574,
        64.114,
        68.696,
        71.87,
        74.294,
        76.158,
        77.768,
        79.004,
        80.38,
        81.226,
        81.862,
        82.76,
        83.478,
        84.11,
        85.0,
        85.074,
        85.972,
        86.586,
        86.98,
        87.408,
        87.796,
        87.884,
        88.544,
        88.8,
        89.154,
        89.604,
        89.804,
        90.06,
        90.446,
        90.618,
        90.942,
        91.042,
        91.32,
        91.41,
        91.676,
        91.94,
        92.204,
        92.29,
        92.65,
        92.726,
        92.828,
        92.978,
        93.032,
        93.008,
        93.236,
        93.598,
        93.77,
        93.6,
        93.974
    ],
    "test_acc": [
        51.5,
        53.95,
        65.95,
        73.04,
        75.44,
        76.32,
        77.63,
        79.11,
        79.29,
        80.54,
        80.43,
        81.72,
        79.18,
        79.85,
        81.27,
        82.38,
        81.44,
        82.81,
        83.3,
        83.2,
        83.35,
        83.3,
        83.81,
        83.4,
        83.59,
        83.07,
        83.49,
        84.29,
        83.67,
        82.78,
        84.27,
        83.95,
        83.36,
        84.6,
        84.79,
        84.06,
        84.63,
        83.94,
        84.67,
        84.03,
        85.1,
        84.14,
        84.13,
        84.28,
        84.46,
        84.87,
        84.54,
        85.33,
        85.61,
        84.48
    ],
    "run_time": [
        7.5034019947052,
        7.527331829071045,
        7.507675886154175,
        7.509792327880859,
        7.513705492019653,
        7.512427806854248,
        7.518246412277222,
        7.506296873092651,
        7.5040123462677,
        7.5176708698272705,
        7.515631198883057,
        7.514541149139404,
        7.526654958724976,
        7.526978969573975,
        7.509369134902954,
        7.511665344238281,
        7.504915952682495,
        7.514055013656616,
        7.527270317077637,
        7.508146047592163,
        7.50507926940918,
        7.508280515670776,
        7.497051477432251,
        7.516373634338379,
        7.528686761856079,
        7.511022329330444,
        7.503664493560791,
        7.514111042022705,
        7.506946325302124,
        7.516664981842041,
        7.505585670471191,
        7.532777786254883,
        7.51899528503418,
        7.5097715854644775,
        7.50364351272583,
        7.519617080688477,
        7.530211448669434,
        7.5135602951049805,
        7.509336471557617,
        7.502500057220459,
        7.518343687057495,
        7.4989917278289795,
        7.50616979598999,
        7.519960165023804,
        7.537374019622803,
        7.523711919784546,
        7.521801710128784,
        7.503880739212036,
        7.489605903625488,
        7.511402368545532
    ],
    "n_step": 0.13
}