{
    "train_losses": [
        0.01279324630022049,
        0.009488560906648636,
        0.007946169646978378,
        0.006943105237483978,
        0.006289280271530151,
        0.005754812052249908,
        0.005383717539310455,
        0.005010215674638748,
        0.004725636170506477,
        0.0044759082043170926,
        0.004295171617865562,
        0.00404510632455349,
        0.0038764002019166946,
        0.003718169184923172,
        0.003555085092484951,
        0.0034103991812467573,
        0.0032754699650406837,
        0.0031695114403963087,
        0.0030521809294819834,
        0.00293152877420187,
        0.002780604526102543,
        0.0027197345185279846,
        0.002663155754506588,
        0.0025427721962332727,
        0.0024672601211071015,
        0.0024266194701194764,
        0.002317358812689781,
        0.002279184949696064,
        0.0021979841022193433,
        0.0021398977717757223,
        0.002083007960617542,
        0.002033485670685768,
        0.0019819408057630064,
        0.0019417408919334411,
        0.0018705209651589394,
        0.0018278939972817898,
        0.0017638704186677932,
        0.0017526627115905286,
        0.0016906846089661122,
        0.0016496382835507392,
        0.0016414754623174667,
        0.0016002961122989654,
        0.0016024448695778847,
        0.0015069000828266143,
        0.0015138810943067073,
        0.001474777712225914,
        0.0014555567629635335,
        0.001391727211177349,
        0.0013724823474138975,
        0.001360903490781784
    ],
    "test_losses": [
        0.009630418300628663,
        0.008388709497451782,
        0.008036738312244416,
        0.006075065231323242,
        0.006945696014165878,
        0.005809157985448838,
        0.005126964426040649,
        0.005638479363918304,
        0.004580389061570167,
        0.004897520792484284,
        0.005151911377906799,
        0.004755302631855011,
        0.004732238510251045,
        0.004485244673490524,
        0.00473861486017704,
        0.004254365429282188,
        0.004391534820199013,
        0.004288761261105538,
        0.004492116922140121,
        0.004081100764870643,
        0.004208292761445046,
        0.004341964462399483,
        0.004272264693677425,
        0.0043425706207752225,
        0.004160108569264412,
        0.004358090727031231,
        0.004352520763874054,
        0.004249703177809715,
        0.004104719617962837,
        0.00428590027987957,
        0.005061577937006951,
        0.0044194033101201055,
        0.004048627790808678,
        0.004365895628929138,
        0.004650452819466591,
        0.004864436379075051,
        0.004292660591006279,
        0.004363349325954914,
        0.0043266081690788265,
        0.004601484668254852,
        0.004690455028414726,
        0.0046368636012077335,
        0.004377471566200256,
        0.004535366415977478,
        0.00476824341416359,
        0.004584501142799854,
        0.004439660319685936,
        0.0049520336508750915,
        0.004693747925758362,
        0.00476692827641964
    ],
    "train_errs": [
        59.686,
        43.656,
        35.884,
        31.314,
        28.208,
        25.766,
        24.164,
        22.384,
        21.15,
        19.994,
        19.246,
        18.118,
        17.456,
        16.644,
        15.932,
        15.284,
        14.584,
        14.142,
        13.666,
        13.144,
        12.41,
        12.372,
        12.074,
        11.468,
        11.094,
        10.856,
        10.34,
        10.226,
        9.744,
        9.638,
        9.48,
        9.242,
        8.832,
        8.828,
        8.454,
        8.226,
        7.978,
        7.954,
        7.682,
        7.446,
        7.34,
        7.222,
        7.074,
        6.724,
        6.75,
        6.65,
        6.566,
        6.28,
        6.158,
        6.164
    ],
    "test_errs": [
        44.61,
        37.67,
        34.8,
        27.12,
        29.29,
        24.75,
        22.04,
        23.68,
        19.42,
        21.02,
        22.13,
        20.2,
        20.06,
        18.87,
        19.56,
        17.72,
        18.29,
        17.23,
        18.33,
        16.48,
        16.89,
        17.07,
        16.92,
        16.84,
        16.41,
        16.65,
        16.43,
        16.53,
        16.25,
        16.27,
        17.93,
        15.78,
        14.93,
        16.23,
        16.49,
        16.96,
        15.28,
        15.77,
        15.37,
        15.24,
        15.61,
        15.74,
        14.98,
        15.28,
        15.81,
        14.74,
        15.3,
        15.98,
        15.16,
        15.31
    ],
    "train_accs": [
        40.314,
        56.344,
        64.116,
        68.686,
        71.792,
        74.234,
        75.836,
        77.616,
        78.85,
        80.006,
        80.754,
        81.882,
        82.544,
        83.356,
        84.068,
        84.716,
        85.416,
        85.858,
        86.334,
        86.856,
        87.59,
        87.628,
        87.926,
        88.532,
        88.906,
        89.144,
        89.66,
        89.774,
        90.256,
        90.362,
        90.52,
        90.758,
        91.168,
        91.172,
        91.546,
        91.774,
        92.022,
        92.046,
        92.318,
        92.554,
        92.66,
        92.778,
        92.926,
        93.276,
        93.25,
        93.35,
        93.434,
        93.72,
        93.842,
        93.836
    ],
    "test_acc": [
        55.39,
        62.33,
        65.2,
        72.88,
        70.71,
        75.25,
        77.96,
        76.32,
        80.58,
        78.98,
        77.87,
        79.8,
        79.94,
        81.13,
        80.44,
        82.28,
        81.71,
        82.77,
        81.67,
        83.52,
        83.11,
        82.93,
        83.08,
        83.16,
        83.59,
        83.35,
        83.57,
        83.47,
        83.75,
        83.73,
        82.07,
        84.22,
        85.07,
        83.77,
        83.51,
        83.04,
        84.72,
        84.23,
        84.63,
        84.76,
        84.39,
        84.26,
        85.02,
        84.72,
        84.19,
        85.26,
        84.7,
        84.02,
        84.84,
        84.69
    ],
    "run_time": [
        7.500767946243286,
        7.501611232757568,
        7.5129923820495605,
        7.497889280319214,
        7.486856698989868,
        7.475356340408325,
        7.480839252471924,
        7.4786906242370605,
        7.499361753463745,
        7.482771635055542,
        7.493977308273315,
        7.4750306606292725,
        7.480664014816284,
        7.506199598312378,
        7.508229494094849,
        7.4886651039123535,
        7.501188278198242,
        7.493306875228882,
        7.5086047649383545,
        7.4879584312438965,
        7.471619606018066,
        7.4929420948028564,
        7.498692274093628,
        7.4917824268341064,
        7.491015911102295,
        7.469688177108765,
        7.497935771942139,
        7.50074577331543,
        7.492245674133301,
        7.493811130523682,
        7.504075288772583,
        7.4831764698028564,
        7.488550186157227,
        7.503703832626343,
        7.505025625228882,
        7.497010946273804,
        7.538092374801636,
        7.484700918197632,
        7.4943883419036865,
        7.49237060546875,
        7.5141332149505615,
        7.477765798568726,
        7.492562294006348,
        7.478397369384766,
        7.500238656997681,
        7.491698503494263,
        7.478790760040283,
        7.49000096321106,
        7.502209424972534,
        7.489104509353638
    ],
    "n_step": 0.129
}