{
    "train_losses": [
        0.01745489993572235,
        0.015978302602767943,
        0.014719161190986632,
        0.013929159786701202,
        0.013365652031898498,
        0.0129356427526474,
        0.012539837052822113,
        0.012224820792675018,
        0.011958452594280243,
        0.011749447543621063,
        0.011528185019493103,
        0.01136889889717102,
        0.01118769808292389,
        0.011090164477825164,
        0.010934728910923005,
        0.010780453481674194,
        0.01063808705329895,
        0.01054980041027069,
        0.010423688416481018,
        0.010336503000259399
    ],
    "test_losses": [
        0.01688598346710205,
        0.015171969532966614,
        0.01410261425971985,
        0.013317791044712066,
        0.012769563436508178,
        0.012330704522132873,
        0.011917695784568787,
        0.01160673395395279,
        0.011360131239891052,
        0.01109491982460022,
        0.010883418238162995,
        0.010737974739074707,
        0.010548011493682861,
        0.010394598007202148,
        0.010259965109825134,
        0.010131610822677613,
        0.009962338542938232,
        0.009870235741138458,
        0.00983613998889923,
        0.009605657148361205
    ],
    "train_errs": [
        78.712,
        69.462,
        65.274,
        62.214,
        60.042,
        58.334,
        56.902,
        55.582,
        54.586,
        53.936,
        52.862,
        51.716,
        51.258,
        50.742,
        49.902,
        49.24,
        48.338,
        48.104,
        47.408,
        46.916
    ],
    "test_errs": [
        69.29,
        64.89,
        60.35,
        57.92,
        56.14,
        54.71,
        53.03,
        51.6,
        51.31,
        49.7,
        48.83,
        47.86,
        47.6,
        46.62,
        46.07,
        45.54,
        44.64,
        44.32,
        44.34,
        42.98
    ],
    "train_accs": [
        21.288,
        30.538,
        34.726,
        37.786,
        39.958,
        41.666,
        43.098,
        44.418,
        45.414,
        46.064,
        47.138,
        48.284,
        48.742,
        49.258,
        50.098,
        50.76,
        51.662,
        51.896,
        52.592,
        53.084
    ],
    "test_acc": [
        30.71,
        35.11,
        39.65,
        42.08,
        43.86,
        45.29,
        46.97,
        48.4,
        48.69,
        50.3,
        51.17,
        52.14,
        52.4,
        53.38,
        53.93,
        54.46,
        55.36,
        55.68,
        55.66,
        57.02
    ],
    "run_time": [
        7.797132253646851,
        8.035879135131836,
        8.27645492553711,
        8.335208415985107,
        8.26552677154541,
        8.290312051773071,
        8.279088020324707,
        8.269635677337646,
        8.30880093574524,
        8.291757106781006,
        8.322745323181152,
        8.304333686828613,
        8.314718246459961,
        8.178519010543823,
        8.365079164505005,
        8.212608814239502,
        8.300408840179443,
        8.229561567306519,
        8.233492374420166,
        8.177190065383911
    ],
    "n_step": "00001"
}