{
    "train_losses": [
        0.01425452525615692,
        0.011658305857181549,
        0.01074805748462677,
        0.010077837727069855,
        0.009500330290794372,
        0.008962068409919739,
        0.008556284468173981
    ],
    "test_losses": [
        0.011918102467060088,
        0.010450131011009216,
        0.010339404034614563,
        0.00946908220052719,
        0.008514887917041778,
        0.007818968445062637,
        0.007835803020000458
    ],
    "train_errs": [
        65.32,
        54.32,
        49.714,
        46.476,
        43.402,
        40.654,
        38.852
    ],
    "test_errs": [
        54.15,
        47.79,
        47.87,
        43.26,
        37.52,
        34.8,
        34.31
    ],
    "train_accs": [
        34.68,
        45.68,
        50.286,
        53.524,
        56.598,
        59.346,
        61.148
    ],
    "test_acc": [
        45.85,
        52.21,
        52.13,
        56.74,
        62.48,
        65.2,
        65.69
    ],
    "run_time": [
        7.955435752868652,
        7.812961101531982,
        8.091555833816528,
        8.044880151748657,
        7.816533327102661,
        7.7037577629089355,
        8.071402311325073
    ],
    "n_step": "0001"
}