{
    "train_losses": [
        0.01710319652557373,
        0.013607088634967804,
        0.011690709803104401,
        0.010514229844808579,
        0.00954229102730751,
        0.008864520046710967,
        0.00815985356092453
    ],
    "test_losses": [
        0.015426054871082305,
        0.012103554874658584,
        0.010109021532535553,
        0.00948015177845955,
        0.008393073880672454,
        0.010655182993412018,
        0.0078094349145889285
    ],
    "train_errs": [
        81.37,
        63.73,
        54.062,
        48.382,
        43.356,
        40.044,
        36.858
    ],
    "test_errs": [
        69.93,
        56.52,
        46.34,
        43.11,
        36.67,
        42.16,
        34.46
    ],
    "train_accs": [
        18.63,
        36.27,
        45.938,
        51.618,
        56.644,
        59.956,
        63.142
    ],
    "test_acc": [
        30.07,
        43.48,
        53.66,
        56.89,
        63.33,
        57.84,
        65.54
    ],
    "run_time": [
        8.261502265930176,
        8.24685788154602,
        8.247714757919312,
        8.107179403305054,
        8.353417158126831,
        8.28708791732788,
        8.280290365219116
    ],
    "n_step": "005"
}