{
    "train_losses": [
        0.012771335010528564,
        0.009716552859544755,
        0.00808878518462181
    ],
    "test_losses": [
        0.0102796673476696,
        0.008251006889343262,
        0.0072372165858745575
    ],
    "train_errs": [
        59.89,
        44.624,
        36.89
    ],
    "test_errs": [
        47.95,
        37.49,
        32.71
    ],
    "train_accs": [
        40.11,
        55.376,
        63.11
    ],
    "test_acc": [
        52.05,
        62.51,
        67.29
    ],
    "run_time": [
        8.308730363845825,
        8.301243782043457,
        8.260265588760376
    ],
    "n_step": "001"
}