{
    "train_losses": [
        0.015111444394588471,
        0.01260441390991211,
        0.011560929663181304,
        0.010868373529911041,
        0.010357064986228943,
        0.009855559175014496,
        0.009439950078725815,
        0.009089981489181519,
        0.008808066042661667
    ],
    "test_losses": [
        0.012970629405975341,
        0.011661299467086793,
        0.010515768933296204,
        0.009998122906684875,
        0.009581662559509277,
        0.009144392621517181,
        0.008627642267942428,
        0.008476588153839112,
        0.00783614560365677
    ],
    "train_errs": [
        68.77,
        57.962,
        53.2,
        49.796,
        47.222,
        44.814,
        42.906,
        41.054,
        39.592
    ],
    "test_errs": [
        57.62,
        53.26,
        47.97,
        45.29,
        43.29,
        41.05,
        38.42,
        37.98,
        34.39
    ],
    "train_accs": [
        31.23,
        42.038,
        46.8,
        50.204,
        52.778,
        55.186,
        57.094,
        58.946,
        60.408
    ],
    "test_acc": [
        42.38,
        46.74,
        52.03,
        54.71,
        56.71,
        58.95,
        61.58,
        62.02,
        65.61
    ],
    "run_time": [
        8.263875007629395,
        8.25064992904663,
        8.270989656448364,
        8.190187215805054,
        8.215966701507568,
        7.753653049468994,
        7.77307653427124,
        7.9823338985443115,
        7.91072940826416
    ],
    "n_step": "00005"
}