{
    "train_losses": [
        0.012791414153575898,
        0.009881561448574066,
        0.008498637089729309
    ],
    "test_losses": [
        0.012180980157852173,
        0.008136381912231445,
        0.007027660620212555
    ],
    "train_errs": [
        59.772,
        45.52,
        38.648
    ],
    "test_errs": [
        54.06,
        36.82,
        31.73
    ],
    "train_accs": [
        40.228,
        54.48,
        61.352
    ],
    "test_acc": [
        45.94,
        63.18,
        68.27
    ],
    "run_time": [
        8.343682050704956,
        8.147648334503174,
        8.236968040466309
    ],
    "n_step": "0005"
}