{
    "train_losses": [
        0.025150553336143494,
        0.017980296112298965,
        0.014827214064598084,
        0.013041113716363907,
        0.011858021122813225,
        0.010914562746286393,
        0.0102841226541996,
        0.009711465664803982,
        0.009248945879340172,
        0.008866911049485206,
        0.008523332419991493,
        0.008052676657736301,
        0.007777488951086998,
        0.007496902793049812,
        0.007316453558504582,
        0.007049172796308995,
        0.006896663319170475,
        0.0066477417601644995,
        0.0063767924562096595
    ],
    "test_losses": [
        0.02159051420688629,
        0.02036734253168106,
        0.018646724408864977,
        0.012222837018966674,
        0.012372819507122039,
        0.011690778449177743,
        0.013569078457355499,
        0.01228445512354374,
        0.011909373459219932,
        0.011431321147084237,
        0.009630484504997731,
        0.009913566720485687,
        0.009845814442634583,
        0.010019487245380878,
        0.010932293274998665,
        0.00911567905843258,
        0.010616542281210423,
        0.00915917454212904,
        0.008562126292288303
    ],
    "train_errs": [
        58.742,
        41.16,
        33.426,
        29.298,
        26.626,
        24.358,
        22.864,
        21.766,
        20.732,
        19.852,
        19.044,
        18.056,
        17.306,
        16.666,
        16.264,
        15.686,
        15.55,
        15.024,
        14.292
    ],
    "test_errs": [
        51.47,
        45.52,
        39.49,
        26.9,
        26.42,
        24.45,
        28.62,
        26.13,
        25.08,
        24.2,
        20.44,
        20.85,
        20.04,
        20.88,
        23.19,
        19.23,
        21.11,
        18.61,
        17.28
    ],
    "train_accs": [
        41.258,
        58.84,
        66.574,
        70.702,
        73.374,
        75.642,
        77.136,
        78.234,
        79.268,
        80.148,
        80.956,
        81.944,
        82.694,
        83.334,
        83.736,
        84.314,
        84.45,
        84.976,
        85.708
    ],
    "test_acc": [
        48.53,
        54.48,
        60.51,
        73.1,
        73.58,
        75.55,
        71.38,
        73.87,
        74.92,
        75.8,
        79.56,
        79.15,
        79.96,
        79.12,
        76.81,
        80.77,
        78.89,
        81.39,
        82.72
    ],
    "run_time": [
        7.982865333557129,
        8.010558128356934,
        7.9849042892456055,
        7.968162298202515,
        7.980297327041626,
        7.973356485366821,
        7.976867914199829,
        7.972252368927002,
        7.975348234176636,
        7.999528408050537,
        7.966842412948608,
        7.992583513259888,
        7.999630689620972,
        8.011132001876831,
        7.984433889389038,
        7.969007730484009,
        7.9542577266693115,
        7.964084625244141,
        7.965791940689087
    ],
    "n_step": 1,
    "lr": "0133",
    "batch_size": 64
}