{
    "train_losses": [
        0.002030902547836304,
        0.001689606649875641,
        0.0015762160754203797,
        0.0014643306612968446,
        0.0013679460048675537,
        0.0013252132439613342,
        0.0012546520400047302,
        0.0012072250628471374,
        0.0011634949016571044,
        0.0011061514544487,
        0.0010693761086463928,
        0.0010319592833518982,
        0.0009794333946704864,
        0.0009582556545734406,
        0.0009073883080482483,
        0.0008991246700286866,
        0.0008567304491996765,
        0.000843040611743927,
        0.0008237108290195465,
        0.0007953276813030243,
        0.0007714721155166626,
        0.0007569977712631225,
        0.0007344488072395324,
        0.000706939297914505,
        0.0006990311276912689,
        0.0006888749539852142,
        0.0006689399600028991,
        0.0006434470498561859,
        0.0006485197603702546,
        0.0006287774777412415
    ],
    "test_losses": [
        0.0017287495493888854,
        0.001670656681060791,
        0.001420960235595703,
        0.0013025921344757081,
        0.0012349644422531129,
        0.001235177457332611,
        0.001208454954624176,
        0.001155152451992035,
        0.001019967633485794,
        0.0011426000118255615,
        0.0009742361009120941,
        0.0010136356830596923,
        0.0008880154848098755,
        0.0008302771031856537,
        0.0009234688401222229,
        0.0007902379155158997,
        0.0008177720010280609,
        0.0008564717769622802,
        0.0007755170345306396,
        0.0007818971276283265,
        0.0007747218906879425,
        0.0007133330702781677,
        0.0007136801898479461,
        0.000664384263753891,
        0.0007258462488651276,
        0.0006775686681270599,
        0.0006736180961132049,
        0.0006662862479686737,
        0.0006453024327754975,
        0.000682015973329544
    ],
    "train_errs": [
        75.118,
        62.582,
        58.14,
        53.728,
        50.53,
        48.658,
        46.154,
        44.292,
        42.65,
        40.062,
        38.838,
        37.662,
        35.33,
        34.718,
        32.942,
        32.218,
        30.724,
        30.532,
        29.348,
        28.386,
        27.796,
        26.842,
        26.312,
        25.458,
        24.848,
        24.704,
        23.874,
        23.062,
        23.232,
        22.432
    ],
    "test_errs": [
        63.09,
        62.66,
        52.41,
        46.38,
        44.64,
        43.73,
        44.02,
        40.83,
        36.44,
        40.13,
        33.92,
        35.34,
        30.58,
        29.16,
        31.82,
        27.65,
        28.48,
        29.16,
        26.91,
        26.94,
        26.73,
        25.16,
        24.64,
        22.58,
        25.54,
        23.35,
        23.2,
        23.12,
        22.03,
        23.48
    ],
    "train_accs": [
        24.882,
        37.418,
        41.86,
        46.272,
        49.47,
        51.342,
        53.846,
        55.708,
        57.35,
        59.938,
        61.162,
        62.338,
        64.67,
        65.282,
        67.058,
        67.782,
        69.276,
        69.468,
        70.652,
        71.614,
        72.204,
        73.158,
        73.688,
        74.542,
        75.152,
        75.296,
        76.126,
        76.938,
        76.768,
        77.568
    ],
    "test_acc": [
        36.91,
        37.34,
        47.59,
        53.62,
        55.36,
        56.27,
        55.98,
        59.17,
        63.56,
        59.87,
        66.08,
        64.66,
        69.42,
        70.84,
        68.18,
        72.35,
        71.52,
        70.84,
        73.09,
        73.06,
        73.27,
        74.84,
        75.36,
        77.42,
        74.46,
        76.65,
        76.8,
        76.88,
        77.97,
        76.52
    ],
    "run_time": [
        8.131192445755005,
        8.114146947860718,
        8.219756841659546,
        8.135655879974365,
        8.211942434310913,
        8.12032175064087,
        8.114107847213745,
        8.243363380432129,
        8.12754487991333,
        8.140115976333618,
        8.235509872436523,
        8.132515907287598,
        8.12088418006897,
        8.234151840209961,
        8.140977144241333,
        8.115648984909058,
        8.23870038986206,
        8.107504606246948,
        8.115211009979248,
        8.137634754180908,
        8.1353759765625,
        8.228323698043823,
        8.11348009109497,
        8.120344877243042,
        8.232356309890747,
        8.120886087417603,
        8.112973690032959,
        8.21369218826294,
        8.109296798706055,
        8.120035171508789
    ],
    "n_step": 1,
    "lr": "0133",
    "batch_size": 1024
}