{
    "train_losses": [
        0.0068498913311958315,
        0.005487041411399841,
        0.004720994988679886,
        0.004192431638240814,
        0.0037501175439357756,
        0.0034281295347213746,
        0.003180118647813797,
        0.002960277543067932,
        0.002804263832569122,
        0.0026487117469310762,
        0.0025030885589122772,
        0.002379592881202698,
        0.0022902731680870055,
        0.0021818245005607606,
        0.0021154311281442644,
        0.0020248392671346664,
        0.0019696022427082064,
        0.0018594179064035416,
        0.0018214353275299072,
        0.001749105240702629,
        0.001685801392197609,
        0.0016253843295574188
    ],
    "test_losses": [
        0.005870372748374939,
        0.004952635133266449,
        0.005141315388679504,
        0.004277048724889755,
        0.0036396867990493775,
        0.003787179696559906,
        0.0033031010508537293,
        0.003671333438158035,
        0.0032950850009918213,
        0.002745173621177673,
        0.002768011099100113,
        0.0026264867305755613,
        0.002554521209001541,
        0.002511806705594063,
        0.0025812833100557326,
        0.0027606648206710814,
        0.00225233835875988,
        0.0024217744439840316,
        0.0025072266817092897,
        0.0025655089288949967,
        0.00255380577147007,
        0.0023113651633262632
    ],
    "train_errs": [
        63.742,
        50.764,
        43.188,
        37.95,
        33.932,
        30.716,
        28.34,
        26.38,
        25.136,
        23.712,
        22.432,
        21.208,
        20.584,
        19.672,
        18.958,
        18.102,
        17.674,
        16.628,
        16.486,
        15.754,
        15.158,
        14.572
    ],
    "test_errs": [
        53.12,
        44.76,
        44.49,
        38.38,
        31.88,
        33.16,
        28.15,
        30.66,
        27.94,
        23.43,
        23.6,
        22.79,
        21.87,
        21.54,
        22.29,
        23.05,
        18.65,
        19.96,
        20.62,
        21.03,
        20.35,
        18.66
    ],
    "train_accs": [
        36.258,
        49.236,
        56.812,
        62.05,
        66.068,
        69.284,
        71.66,
        73.62,
        74.864,
        76.288,
        77.568,
        78.792,
        79.416,
        80.328,
        81.042,
        81.898,
        82.326,
        83.372,
        83.514,
        84.246,
        84.842,
        85.428
    ],
    "test_acc": [
        46.88,
        55.24,
        55.51,
        61.62,
        68.12,
        66.84,
        71.85,
        69.34,
        72.06,
        76.57,
        76.4,
        77.21,
        78.13,
        78.46,
        77.71,
        76.95,
        81.35,
        80.04,
        79.38,
        78.97,
        79.65,
        81.34
    ],
    "run_time": [
        7.66255521774292,
        7.67155122756958,
        7.645273685455322,
        7.64042592048645,
        7.693430423736572,
        7.729097366333008,
        7.720547676086426,
        7.723179578781128,
        7.735545873641968,
        7.7248382568359375,
        7.73601770401001,
        7.737865209579468,
        7.725665092468262,
        7.729917526245117,
        7.733513116836548,
        7.740273714065552,
        7.701709985733032,
        7.716371536254883,
        7.706727743148804,
        7.722632884979248,
        7.733652114868164,
        7.790322780609131
    ],
    "n_step": 1,
    "lr": "0133",
    "batch_size": 256
}