{
    "train_losses": [
        0.0005801637411117554,
        0.0005377340245246887,
        0.0004895706272125244,
        0.00047027226448059084,
        0.0004601377034187317,
        0.00044078483581542967,
        0.0004316869568824768,
        0.00041386393070220947,
        0.00043208158016204835,
        0.00040240187883377077,
        0.0004006274199485779,
        0.0003901650190353394,
        0.00037699684619903564,
        0.0003773297357559204,
        0.0003721416926383972,
        0.00036385907173156737,
        0.00036290558338165284,
        0.00035374833345413207,
        0.00034999035835266113,
        0.00034890734434127806,
        0.000342565495967865,
        0.0003452712607383728,
        0.0003294640898704529,
        0.0003333139872550964,
        0.00032676580905914305,
        0.0003205892181396484,
        0.00031922898292541507,
        0.0003179811716079712,
        0.0003021806025505066,
        0.0003080517411231995
    ],
    "test_losses": [
        0.0006608380556106568,
        0.000602225375175476,
        0.0005644169449806213,
        0.0005156237125396729,
        0.0004985287427902222,
        0.000468132483959198,
        0.00046186102628707884,
        0.0004512220621109009,
        0.0004416170239448547,
        0.0004905888199806213,
        0.00040322104692459105,
        0.00047427804470062256,
        0.000421497642993927,
        0.00038534549474716185,
        0.0003908217191696167,
        0.0003993484973907471,
        0.0004098107933998108,
        0.00042570158243179323,
        0.00036762012243270875,
        0.0003696208715438843,
        0.0003852845430374146,
        0.00035228124856948853,
        0.0003659357070922852,
        0.00035584158897399904,
        0.0003548506140708923,
        0.0003513724207878113,
        0.0003580511212348938,
        0.00031986448764801024,
        0.0003631159424781799,
        0.0003318605661392212
    ],
    "train_errs": [
        82.01,
        74.046,
        68.11,
        65.414,
        63.962,
        61.102,
        60.378,
        58.196,
        59.698,
        56.404,
        55.726,
        54.41,
        52.93,
        52.758,
        52.184,
        50.648,
        50.394,
        49.38,
        48.858,
        48.494,
        47.418,
        47.626,
        45.762,
        45.858,
        45.17,
        44.898,
        44.296,
        43.808,
        41.674,
        42.346
    ],
    "test_errs": [
        72.32,
        70.53,
        69.73,
        61.33,
        58.61,
        57.56,
        55.57,
        54.48,
        53.11,
        56.96,
        49.21,
        56.27,
        51.84,
        46.98,
        47.12,
        49.12,
        49.68,
        50.95,
        44.82,
        44.34,
        45.95,
        41.58,
        43.49,
        41.37,
        42.2,
        41.3,
        42.27,
        37.59,
        42.72,
        40.3
    ],
    "train_accs": [
        17.99,
        25.954,
        31.89,
        34.586,
        36.038,
        38.898,
        39.622,
        41.804,
        40.302,
        43.596,
        44.274,
        45.59,
        47.07,
        47.242,
        47.816,
        49.352,
        49.606,
        50.62,
        51.142,
        51.506,
        52.582,
        52.374,
        54.238,
        54.142,
        54.83,
        55.102,
        55.704,
        56.192,
        58.326,
        57.654
    ],
    "test_acc": [
        27.68,
        29.47,
        30.27,
        38.67,
        41.39,
        42.44,
        44.43,
        45.52,
        46.89,
        43.04,
        50.79,
        43.73,
        48.16,
        53.02,
        52.88,
        50.88,
        50.32,
        49.05,
        55.18,
        55.66,
        54.05,
        58.42,
        56.51,
        58.63,
        57.8,
        58.7,
        57.73,
        62.41,
        57.28,
        59.7
    ],
    "run_time": [
        8.166230916976929,
        8.26259994506836,
        8.24655032157898,
        8.149928331375122,
        8.259089946746826,
        8.144883155822754,
        8.259578704833984,
        8.273224115371704,
        8.249212980270386,
        8.13593339920044,
        8.119982719421387,
        8.24719786643982,
        8.14672303199768,
        8.147181749343872,
        8.262909889221191,
        8.14065957069397,
        8.24778437614441,
        8.254915237426758,
        8.160273551940918,
        8.24755072593689,
        8.238093376159668,
        8.134700536727905,
        8.128276586532593,
        8.240948915481567,
        8.257366418838501,
        8.14766788482666,
        8.278513431549072,
        8.24666428565979,
        8.13523244857788,
        8.252574443817139
    ],
    "n_step": 1,
    "lr": "0133",
    "batch_size": 4096
}