{
    "train_losses": [
        0.016526105053424837,
        0.01194588070511818,
        0.009886044874191284,
        0.008632243542671204,
        0.007802291656136513,
        0.0072207068878412245,
        0.006692587463259697,
        0.006284111686944961,
        0.005922903654575348,
        0.005637027738690376,
        0.0053237118709087376,
        0.005064290815591812,
        0.00487597919523716,
        0.0046752589729428294,
        0.0045076368525624275,
        0.004299032891988754
    ],
    "test_losses": [
        0.012536971700191498,
        0.009775246816873551,
        0.008420567721128465,
        0.00778458885550499,
        0.007212653657793998,
        0.0072815138012170795,
        0.006266861340403557,
        0.006578178617358208,
        0.005887423035502434,
        0.00574268266260624,
        0.00558216804265976,
        0.006315009121596813,
        0.00556889368891716,
        0.005795158788561821,
        0.00618911127448082,
        0.005260962951183319
    ],
    "train_errs": [
        57.698,
        40.894,
        33.35,
        29.004,
        26.06,
        24.156,
        22.452,
        21.026,
        19.928,
        19.012,
        17.716,
        17.074,
        16.346,
        15.662,
        15.208,
        14.384
    ],
    "test_errs": [
        42.61,
        32.38,
        27.19,
        25.66,
        23.52,
        23.96,
        20.64,
        20.86,
        19.16,
        18.75,
        18.12,
        19.87,
        17.94,
        18.37,
        18.69,
        16.61
    ],
    "train_accs": [
        42.302,
        59.106,
        66.65,
        70.996,
        73.94,
        75.844,
        77.548,
        78.974,
        80.072,
        80.988,
        82.284,
        82.926,
        83.654,
        84.338,
        84.792,
        85.616
    ],
    "test_acc": [
        57.39,
        67.62,
        72.81,
        74.34,
        76.48,
        76.04,
        79.36,
        79.14,
        80.84,
        81.25,
        81.88,
        80.13,
        82.06,
        81.63,
        81.31,
        83.39
    ],
    "run_time": [
        7.7111804485321045,
        7.704709053039551,
        7.698453664779663,
        7.6969053745269775,
        7.687617063522339,
        7.6817708015441895,
        7.674912214279175,
        7.674867868423462,
        7.693575620651245,
        7.668120622634888,
        7.687375783920288,
        7.685830593109131,
        7.698580265045166,
        7.6801745891571045,
        7.690870046615601,
        7.704388856887817
    ],
    "n_step": 1,
    "lr": "0133",
    "batch_size": 96
}