{
    "train_losses": [
        0.008855899758338929,
        0.006937297475337982,
        0.005798061517477035,
        0.0051122410142421726,
        0.004592525798082352,
        0.0042112774074077606,
        0.003914098873138427,
        0.0036535893082618714,
        0.003456256485581398,
        0.003265277470946312,
        0.0030994401252269744,
        0.0029713976925611497,
        0.0028250056070089342,
        0.0027166261374950407,
        0.0026208776819705965,
        0.0025045751637220383,
        0.002397872177362442,
        0.0023199182629585267,
        0.0022519006872177122,
        0.002163168080151081
    ],
    "test_losses": [
        0.0073513074040412905,
        0.0073035510182380674,
        0.00537046919465065,
        0.004562672466039658,
        0.004256542733311653,
        0.0038023369163274765,
        0.003959481865167618,
        0.003715172606706619,
        0.004065817189216614,
        0.0035220027089118955,
        0.003713508403301239,
        0.003393542206287384,
        0.003393398094177246,
        0.003420727697014809,
        0.0030495810121297837,
        0.0038641781389713286,
        0.003885421085357666,
        0.0030070147693157198,
        0.0028645836889743806,
        0.0030450929671525955
    ],
    "train_errs": [
        61.76,
        47.832,
        39.61,
        34.44,
        30.96,
        28.152,
        26.382,
        24.37,
        23.234,
        21.866,
        20.706,
        19.85,
        18.848,
        18.06,
        17.586,
        16.676,
        16.092,
        15.556,
        15.19,
        14.462
    ],
    "test_errs": [
        51.23,
        47.08,
        35.56,
        29.75,
        28.68,
        25.2,
        26.07,
        23.82,
        26.06,
        22.5,
        23.75,
        21.97,
        21.52,
        21.32,
        19.74,
        23.27,
        22.6,
        19.27,
        17.81,
        18.4
    ],
    "train_accs": [
        38.24,
        52.168,
        60.39,
        65.56,
        69.04,
        71.848,
        73.618,
        75.63,
        76.766,
        78.134,
        79.294,
        80.15,
        81.152,
        81.94,
        82.414,
        83.324,
        83.908,
        84.444,
        84.81,
        85.538
    ],
    "test_acc": [
        48.77,
        52.92,
        64.44,
        70.25,
        71.32,
        74.8,
        73.93,
        76.18,
        73.94,
        77.5,
        76.25,
        78.03,
        78.48,
        78.68,
        80.26,
        76.73,
        77.4,
        80.73,
        82.19,
        81.6
    ],
    "run_time": [
        7.559937000274658,
        7.576600551605225,
        7.599365949630737,
        7.586888790130615,
        7.569571256637573,
        7.560422420501709,
        7.560415029525757,
        7.560473203659058,
        7.563870668411255,
        7.562808513641357,
        7.573830604553223,
        7.555431365966797,
        7.565065145492554,
        7.554847478866577,
        7.552210807800293,
        7.554870367050171,
        7.561564922332764,
        7.564215660095215,
        7.585329294204712,
        7.572638750076294
    ],
    "n_step": 1,
    "lr": "0133",
    "batch_size": 192
}