{
    "train_losses": [
        0.003670556514263153,
        0.0030595185565948486,
        0.002776147735118866,
        0.0025374736428260803,
        0.0023224530720710756,
        0.0021347547435760497,
        0.0020139913988113404,
        0.0018837282919883728,
        0.0017791425693035126,
        0.001685334893465042,
        0.0015962491750717163,
        0.0015260035836696625,
        0.0014636247563362122,
        0.0014267773044109343,
        0.0013516085612773896,
        0.001316875765323639,
        0.00126328675866127,
        0.001220796172618866,
        0.0011921183848381043,
        0.0011501000994443894,
        0.0011167375206947326,
        0.0010784051197767258,
        0.001052819396853447,
        0.0010234371894598008,
        0.000996081251502037,
        0.0009789393132925033,
        0.000956202535033226,
        0.0009350416547060013,
        0.0008971919143199921,
        0.0008792078071832657
    ],
    "test_losses": [
        0.0032348721623420714,
        0.0027289129495620726,
        0.002805221199989319,
        0.002262720727920532,
        0.002121910309791565,
        0.0019054886877536775,
        0.0018734119296073915,
        0.0017191343307495117,
        0.0017121503233909607,
        0.0015551387727260589,
        0.0016248272359371185,
        0.0015455065608024597,
        0.0013600129783153535,
        0.001332993334531784,
        0.001410359227657318,
        0.0013353004992008209,
        0.001222186052799225,
        0.0012210471391677856,
        0.0011626446962356568,
        0.001211764895915985,
        0.0012979603588581085,
        0.0011382976472377776,
        0.0013366086781024932,
        0.0011308186560869218,
        0.0012224497854709626,
        0.0013133664786815643,
        0.0011387197762727738,
        0.0012163707733154297,
        0.0010761359840631484,
        0.0010674425035715103
    ],
    "train_errs": [
        68.422,
        56.98,
        51.198,
        46.484,
        42.398,
        38.872,
        36.29,
        33.906,
        31.842,
        30.416,
        28.652,
        27.356,
        26.244,
        25.26,
        24.102,
        23.604,
        22.674,
        21.66,
        21.402,
        20.28,
        19.824,
        19.226,
        18.98,
        18.194,
        17.63,
        17.436,
        16.974,
        16.67,
        15.928,
        15.844
    ],
    "test_errs": [
        59.17,
        48.86,
        49.78,
        40.92,
        37.76,
        33.58,
        32.7,
        30.18,
        30.01,
        27.09,
        27.39,
        26.64,
        23.14,
        22.9,
        24.6,
        22.42,
        21.1,
        21.05,
        19.69,
        20.97,
        22.52,
        19.42,
        22.83,
        19.36,
        20.92,
        22.27,
        18.97,
        20.39,
        17.74,
        18.35
    ],
    "train_accs": [
        31.578,
        43.02,
        48.802,
        53.516,
        57.602,
        61.128,
        63.71,
        66.094,
        68.158,
        69.584,
        71.348,
        72.644,
        73.756,
        74.74,
        75.898,
        76.396,
        77.326,
        78.34,
        78.598,
        79.72,
        80.176,
        80.774,
        81.02,
        81.806,
        82.37,
        82.564,
        83.026,
        83.33,
        84.072,
        84.156
    ],
    "test_acc": [
        40.83,
        51.14,
        50.22,
        59.08,
        62.24,
        66.42,
        67.3,
        69.82,
        69.99,
        72.91,
        72.61,
        73.36,
        76.86,
        77.1,
        75.4,
        77.58,
        78.9,
        78.95,
        80.31,
        79.03,
        77.48,
        80.58,
        77.17,
        80.64,
        79.08,
        77.73,
        81.03,
        79.61,
        82.26,
        81.65
    ],
    "run_time": [
        8.081046342849731,
        8.068436861038208,
        8.07181191444397,
        8.062291860580444,
        8.06580376625061,
        8.061439514160156,
        8.182639837265015,
        8.041376113891602,
        8.067366361618042,
        8.050470113754272,
        8.059183120727539,
        8.059176683425903,
        8.202858209609985,
        8.07647442817688,
        8.061996221542358,
        8.06350040435791,
        8.063847064971924,
        8.185933113098145,
        8.07128095626831,
        8.056479215621948,
        8.061607122421265,
        8.07794737815857,
        8.06251859664917,
        8.17721438407898,
        8.075587749481201,
        8.08396291732788,
        8.07017183303833,
        8.072657585144043,
        8.192227602005005,
        8.065839529037476
    ],
    "n_step": 1,
    "lr": "0133",
    "batch_size": 512
}