{
    "train_losses": [
        0.0010727596545219422,
        0.0009227121758460998,
        0.0008734765124320984,
        0.0008536556935310363,
        0.000798396224975586,
        0.0007676362037658691,
        0.0007500576639175415,
        0.0007263473296165466,
        0.0006996967887878418,
        0.0006973268914222717,
        0.0006754020285606384,
        0.0006545251750946045,
        0.000642733027935028,
        0.0006355717825889587,
        0.0006199415016174317,
        0.0005919608545303345,
        0.0005869584345817566,
        0.0005749593806266785,
        0.0005543193745613099,
        0.0005427899050712585,
        0.0005321016812324524,
        0.0005129279911518097,
        0.0005105554270744323,
        0.0005008299434185028,
        0.0004840335857868195,
        0.00048064924597740174,
        0.00047322101950645446,
        0.00045947237968444826,
        0.00045784839391708375,
        0.0004450745892524719
    ],
    "test_losses": [
        0.0009875046968460084,
        0.0008338847994804382,
        0.001066757106781006,
        0.0007657153725624085,
        0.0007234748601913452,
        0.0007137095928192138,
        0.0007184890985488892,
        0.0006473377346992492,
        0.0006581002712249755,
        0.0006515172481536865,
        0.0006140307307243347,
        0.0006217095017433166,
        0.000585031533241272,
        0.0005624153017997742,
        0.000586913287639618,
        0.0005474027991294861,
        0.0005338113903999329,
        0.000532400906085968,
        0.0005117769360542297,
        0.0005244045376777648,
        0.0004905605614185333,
        0.0004744081974029541,
        0.0004711102783679962,
        0.0004536203861236572,
        0.0004762929141521454,
        0.00041884099245071413,
        0.0004203047752380371,
        0.00047331002354621886,
        0.0004335593163967133,
        0.00039868350625038145
    ],
    "train_errs": [
        78.44,
        67.3,
        63.12,
        61.37,
        58.056,
        55.79,
        54.004,
        52.588,
        50.742,
        50.322,
        49.124,
        47.678,
        46.504,
        45.636,
        44.308,
        42.15,
        42.04,
        41.088,
        39.316,
        38.754,
        37.4,
        36.154,
        36.294,
        35.566,
        34.242,
        33.976,
        33.654,
        32.438,
        32.182,
        31.324
    ],
    "test_errs": [
        66.45,
        60.38,
        72.2,
        55.37,
        51.84,
        52.28,
        51.32,
        47.02,
        47.7,
        47.31,
        44.19,
        45.42,
        42.87,
        40.0,
        42.18,
        39.76,
        39.36,
        38.15,
        36.81,
        37.02,
        34.17,
        33.31,
        33.77,
        31.0,
        33.3,
        29.54,
        28.89,
        33.41,
        30.4,
        27.47
    ],
    "train_accs": [
        21.56,
        32.7,
        36.88,
        38.63,
        41.944,
        44.21,
        45.996,
        47.412,
        49.258,
        49.678,
        50.876,
        52.322,
        53.496,
        54.364,
        55.692,
        57.85,
        57.96,
        58.912,
        60.684,
        61.246,
        62.6,
        63.846,
        63.706,
        64.434,
        65.758,
        66.024,
        66.346,
        67.562,
        67.818,
        68.676
    ],
    "test_acc": [
        33.55,
        39.62,
        27.8,
        44.63,
        48.16,
        47.72,
        48.68,
        52.98,
        52.3,
        52.69,
        55.81,
        54.58,
        57.13,
        60.0,
        57.82,
        60.24,
        60.64,
        61.85,
        63.19,
        62.98,
        65.83,
        66.69,
        66.23,
        69.0,
        66.7,
        70.46,
        71.11,
        66.59,
        69.6,
        72.53
    ],
    "run_time": [
        8.25891637802124,
        8.158081769943237,
        8.161704778671265,
        8.26162052154541,
        8.151859521865845,
        8.249062776565552,
        8.133984327316284,
        8.250131607055664,
        8.13412356376648,
        8.247408390045166,
        8.144582748413086,
        8.246928453445435,
        8.1409592628479,
        8.257212162017822,
        8.129963636398315,
        8.248250007629395,
        8.141485691070557,
        8.235853910446167,
        8.155622720718384,
        8.247352600097656,
        8.14492154121399,
        8.248148441314697,
        8.155283212661743,
        8.254469394683838,
        8.151647806167603,
        8.244830131530762,
        8.159801483154297,
        8.25827670097351,
        8.134493350982666,
        8.253469228744507
    ],
    "n_step": 1,
    "lr": "0133",
    "batch_size": 2048
}