{
    "train_losses": [
        0.012749433138370514,
        0.009560952397584916,
        0.007992341260910035,
        0.006981193590164185,
        0.006279271781444549,
        0.005783182040452957,
        0.005350266647934913,
        0.005004383081197739,
        0.004758418363332749,
        0.004507521615624428,
        0.004288186705708504,
        0.004088396015763282,
        0.003931349999308586,
        0.003732646487355232,
        0.0036235029345750808,
        0.003488718922138214,
        0.0033340892484784125
    ],
    "test_losses": [
        0.009769444465637206,
        0.008233854192495347,
        0.006874068653583526,
        0.007053101420402527,
        0.00603387416601181,
        0.006385903239250183,
        0.005063775345683098,
        0.005384109345078468,
        0.005699681001901626,
        0.004559129926562309,
        0.00439921013712883,
        0.004308505958318711,
        0.004531579709053039,
        0.004349601629376411,
        0.004213103917241097,
        0.004209581166505814,
        0.0045634639322757724
    ],
    "train_errs": [
        59.566,
        43.788,
        35.97,
        31.37,
        28.002,
        26.038,
        23.946,
        22.336,
        21.33,
        20.16,
        19.178,
        18.222,
        17.572,
        16.836,
        16.198,
        15.532,
        14.936
    ],
    "test_errs": [
        45.13,
        36.46,
        30.44,
        31.05,
        27.04,
        28.01,
        22.07,
        22.55,
        23.65,
        19.72,
        18.98,
        17.96,
        20.03,
        18.75,
        17.98,
        17.95,
        19.23
    ],
    "train_accs": [
        40.434,
        56.212,
        64.03,
        68.63,
        71.998,
        73.962,
        76.054,
        77.664,
        78.67,
        79.84,
        80.822,
        81.778,
        82.428,
        83.164,
        83.802,
        84.468,
        85.064
    ],
    "test_acc": [
        54.87,
        63.54,
        69.56,
        68.95,
        72.96,
        71.99,
        77.93,
        77.45,
        76.35,
        80.28,
        81.02,
        82.04,
        79.97,
        81.25,
        82.02,
        82.05,
        80.77
    ],
    "run_time": [
        7.546508073806763,
        7.560868978500366,
        7.542844772338867,
        7.554050445556641,
        7.55262303352356,
        7.533491373062134,
        7.532649993896484,
        7.5348289012908936,
        7.540930271148682,
        7.562758922576904,
        7.542809009552002,
        7.5483667850494385,
        7.555660724639893,
        7.535489559173584,
        7.552958250045776,
        7.583759784698486,
        7.6070027351379395
    ],
    "n_step": 1,
    "lr": "0133",
    "batch_size": 128
}