{
    "train_losses": [
        0.04883617166161537,
        0.03410993387699127,
        0.028472701740860938,
        0.02545898757994175,
        0.023598333944678307,
        0.022200019545555116,
        0.021036553791463374,
        0.019844386029541493,
        0.018918001466095447,
        0.018257816978543995,
        0.017713219474852084,
        0.01703081335812807,
        0.01624754339426756,
        0.015993504233658314,
        0.015522712084650994,
        0.014991737322360277,
        0.014624340362995862,
        0.01421003255441785,
        0.013987811495140196,
        0.013761300120353698,
        0.013273736520260572
    ],
    "test_losses": [
        0.038172666847705844,
        0.02831621944308281,
        0.032561864513158796,
        0.023867354169487952,
        0.022138578221201896,
        0.021244723699986933,
        0.02111754250973463,
        0.021850805039703845,
        0.020737982469797134,
        0.024259508906304836,
        0.01833497527986765,
        0.019974187177419663,
        0.019071378741785883,
        0.01870961010158062,
        0.017856640925258398,
        0.017906515008956195,
        0.017365051187574865,
        0.017599736595526338,
        0.0182790948420763,
        0.01833692350909114,
        0.0181432683583349
    ],
    "train_errs": [
        56.886,
        38.582,
        31.74,
        28.532,
        26.264,
        24.812,
        23.442,
        21.938,
        21.024,
        20.3,
        19.556,
        18.872,
        18.002,
        17.502,
        17.054,
        16.638,
        16.058,
        15.82,
        15.362,
        15.49,
        14.85
    ],
    "test_errs": [
        43.14,
        32.3,
        35.76,
        26.13,
        24.02,
        23.05,
        22.79,
        23.43,
        22.02,
        24.86,
        19.48,
        20.9,
        19.29,
        19.22,
        18.59,
        18.46,
        17.98,
        17.61,
        18.23,
        18.15,
        18.39
    ],
    "train_accs": [
        43.114,
        61.418,
        68.26,
        71.468,
        73.736,
        75.188,
        76.558,
        78.062,
        78.976,
        79.7,
        80.444,
        81.128,
        81.998,
        82.498,
        82.946,
        83.362,
        83.942,
        84.18,
        84.638,
        84.51,
        85.15
    ],
    "test_acc": [
        56.86,
        67.7,
        64.24,
        73.87,
        75.98,
        76.95,
        77.21,
        76.57,
        77.98,
        75.14,
        80.52,
        79.1,
        80.71,
        80.78,
        81.41,
        81.54,
        82.02,
        82.39,
        81.77,
        81.85,
        81.61
    ],
    "run_time": [
        8.777543544769287,
        8.6638662815094,
        8.696441650390625,
        8.873425483703613,
        8.860748767852783,
        8.867002487182617,
        8.850714683532715,
        8.886605262756348,
        8.87230372428894,
        8.878004550933838,
        8.889909982681274,
        8.884496927261353,
        8.891470432281494,
        8.881723403930664,
        8.876810312271118,
        8.861178398132324,
        8.881721258163452,
        8.860478401184082,
        8.81153655052185,
        8.811758756637573,
        8.812511920928955
    ],
    "n_step": 1,
    "lr": "0133",
    "batch_size": 32
}