{
    "train_losses": [
        0.007640192613601685,
        0.006134387176036835,
        0.005775121881961822,
        0.005602585649490357,
        0.00519069834947586,
        0.004923861773014068,
        0.004919140403270721,
        0.004955723996162414,
        0.004870503504276275,
        0.0048059827041625975,
        0.0048132505798339845,
        0.004715205504894257,
        0.004719308680295944,
        0.004715222054719925,
        0.004724906775951386,
        0.004763295893669128,
        0.004792773942947388,
        0.004780488674640655,
        0.004812036387920379,
        0.004813480780124665,
        0.004745869846343994,
        0.004796123814582825,
        0.004885446467399597,
        0.004961314399242401,
        0.0049582601547241215,
        0.00500491720199585,
        0.005050639655590057,
        0.005012331116199494,
        0.004963797895908356,
        0.005037551789283752,
        0.0050569266033172605,
        0.005198658130168915,
        0.005184878010749817,
        0.005158808059692383,
        0.005007299852371216,
        0.004934356346130371,
        0.00499211431980133,
        0.004964997301101685,
        0.0049779253363609315,
        0.004975400094985962
    ],
    "test_losses": [
        0.006227605545520783,
        0.005804099357128143,
        0.005367570459842682,
        0.005190906631946564,
        0.004718368113040924,
        0.004704682016372681,
        0.004735001802444458,
        0.00446962531208992,
        0.004382586121559143,
        0.004531762272119522,
        0.004547131323814392,
        0.004200533145666123,
        0.00446438854932785,
        0.004401187866926193,
        0.0042828738093376156,
        0.004551861649751663,
        0.0045140701413154604,
        0.004582650345563889,
        0.004564234924316406,
        0.004401236468553543,
        0.0043981879949569706,
        0.004792072439193725,
        0.004691270279884339,
        0.004849739682674408,
        0.004685149240493775,
        0.004524450266361236,
        0.004716464602947235,
        0.004713167524337768,
        0.004660960453748703,
        0.004640231812000275,
        0.005111794924736023,
        0.004858335626125336,
        0.004929523968696594,
        0.0047324200987815855,
        0.004506522786617279,
        0.004773338150978089,
        0.004659439140558243,
        0.004603297549486161,
        0.004647177219390869,
        0.004822892880439758
    ],
    "train_errs": [
        70.112,
        57.648,
        54.832,
        52.352,
        47.886,
        45.184,
        45.244,
        45.4,
        44.91,
        43.694,
        43.45,
        43.036,
        42.506,
        42.806,
        42.876,
        43.102,
        43.376,
        43.422,
        43.508,
        43.794,
        42.986,
        43.75,
        44.5,
        45.216,
        45.392,
        45.374,
        45.96,
        46.23,
        45.164,
        46.264,
        45.986,
        47.28,
        47.41,
        47.21,
        45.93,
        45.36,
        45.962,
        45.616,
        45.54,
        45.876
    ],
    "test_errs": [
        56.08,
        53.92,
        49.55,
        46.52,
        42.26,
        41.87,
        42.22,
        39.7,
        38.28,
        39.82,
        39.89,
        36.77,
        39.01,
        38.18,
        37.52,
        40.76,
        40.71,
        40.8,
        39.55,
        38.61,
        38.82,
        42.92,
        41.54,
        42.71,
        41.01,
        40.55,
        42.7,
        42.63,
        41.82,
        40.53,
        46.02,
        42.92,
        43.69,
        42.6,
        39.51,
        42.91,
        42.09,
        41.21,
        41.76,
        44.43
    ],
    "train_accs": [
        29.888,
        42.352,
        45.168,
        47.648,
        52.114,
        54.816,
        54.756,
        54.6,
        55.09,
        56.306,
        56.55,
        56.964,
        57.494,
        57.194,
        57.124,
        56.898,
        56.624,
        56.578,
        56.492,
        56.206,
        57.014,
        56.25,
        55.5,
        54.784,
        54.608,
        54.626,
        54.04,
        53.77,
        54.836,
        53.736,
        54.014,
        52.72,
        52.59,
        52.79,
        54.07,
        54.64,
        54.038,
        54.384,
        54.46,
        54.124
    ],
    "test_acc": [
        43.92,
        46.08,
        50.45,
        53.48,
        57.74,
        58.13,
        57.78,
        60.3,
        61.72,
        60.18,
        60.11,
        63.23,
        60.99,
        61.82,
        62.48,
        59.24,
        59.29,
        59.2,
        60.45,
        61.39,
        61.18,
        57.08,
        58.46,
        57.29,
        58.99,
        59.45,
        57.3,
        57.37,
        58.18,
        59.47,
        53.98,
        57.08,
        56.31,
        57.4,
        60.49,
        57.09,
        57.91,
        58.79,
        58.24,
        55.57
    ],
    "run_time": [
        7.880667686462402,
        7.875614404678345,
        7.869725942611694,
        7.870370388031006,
        7.882355451583862,
        7.8718626499176025,
        7.879884481430054,
        7.875018119812012,
        7.891030788421631,
        7.875950336456299,
        7.870442628860474,
        7.875926971435547,
        7.875136375427246,
        7.889894008636475,
        7.878127098083496,
        7.865896701812744,
        7.86238956451416,
        7.864602565765381,
        7.863954782485962,
        7.867823839187622,
        7.8557329177856445,
        7.856950998306274,
        7.865586042404175,
        7.853247404098511,
        7.8639609813690186,
        7.861168146133423,
        7.858091115951538,
        7.859650373458862,
        7.858070373535156,
        7.866622686386108,
        7.8705668449401855,
        7.84810209274292,
        7.841259002685547,
        7.84706974029541,
        7.855027675628662,
        7.8557233810424805,
        7.873784065246582,
        7.879739999771118,
        7.872774839401245,
        7.887230634689331
    ],
    "n_step": 0.01
}