{
    "train_losses": [
        0.003720170314311981,
        0.003069679644107819,
        0.002778774380683899,
        0.0025552608013153077,
        0.0023486153507232665,
        0.002190030822753906,
        0.002020750523805618,
        0.0019075707590579987,
        0.001810849792957306,
        0.001719110403060913,
        0.0016290737950801848
    ],
    "test_losses": [
        0.003468919062614441,
        0.0029007595300674436,
        0.0024782559156417846,
        0.0022963829159736633,
        0.0020029315292835236,
        0.0018952969193458556,
        0.0017885176360607146,
        0.0017258886754512788,
        0.0016224327623844148,
        0.0015478782594203948,
        0.0016055468738079071
    ],
    "train_errs": [
        69.18,
        57.1,
        51.54,
        46.874,
        42.846,
        39.83,
        36.746,
        34.352,
        32.566,
        30.83,
        29.38
    ],
    "test_errs": [
        61.69,
        51.95,
        44.42,
        41.19,
        36.2,
        33.79,
        31.33,
        30.27,
        27.97,
        26.87,
        27.85
    ],
    "train_accs": [
        30.82,
        42.9,
        48.46,
        53.126,
        57.154,
        60.17,
        63.254,
        65.648,
        67.434,
        69.17,
        70.62
    ],
    "test_acc": [
        38.31,
        48.05,
        55.58,
        58.81,
        63.8,
        66.21,
        68.67,
        69.73,
        72.03,
        73.13,
        72.15
    ],
    "run_time": [
        8.435113668441772,
        8.417819023132324,
        8.390396356582642,
        8.401236295700073,
        8.425657033920288,
        8.310283660888672,
        8.335153341293335,
        8.258755207061768,
        8.289143800735474,
        8.274889469146729,
        8.28261661529541
    ],
    "n_step": 1,
    "lr": "0133",
    "batch_size": 512
}