{
    "train_losses": [
        0.00047373151779174803,
        0.00036466087102890015,
        0.0003063869380950928,
        0.00026226389527320864,
        0.0002277709686756134,
        0.00020513916492462158,
        0.0001790491133928299,
        0.00015925779163837432
    ],
    "test_losses": [
        0.0004814121127128601,
        0.0005056787610054016,
        0.00037289257049560545,
        0.0003647427439689636,
        0.00026650161743164063,
        0.00034473698139190676,
        0.0002651071310043335,
        0.00023176730275154114
    ],
    "train_errs": [
        69.264,
        53.416,
        47.022,
        41.526,
        37.106,
        33.242,
        31.726,
        28.628
    ],
    "test_errs": [
        58.04,
        58.95,
        42.46,
        41.45,
        30.45,
        37.7,
        29.08,
        26.42
    ],
    "train_accs": [
        30.736,
        46.584,
        52.978,
        58.474,
        62.894,
        66.758,
        68.274,
        71.372
    ],
    "test_acc": [
        41.96,
        41.05,
        57.54,
        58.55,
        69.55,
        62.3,
        70.92,
        73.58
    ],
    "run_time": [
        22.17157292366028,
        21.928452014923096,
        22.04632067680359,
        21.931018114089966,
        22.05865240097046,
        22.05344319343567,
        21.929386138916016,
        22.059772968292236
    ],
    "n_step": 10,
    "lr": "0133",
    "batch_size": 4096
}