{
    "train_losses": [
        0.0015146058464050292,
        0.0010381484651565552,
        0.0007699571335315704,
        0.0005820515877008438,
        0.0004477865219116211
    ],
    "test_losses": [
        0.0012203540325164794,
        0.0011716724991798402,
        0.0008729391098022461,
        0.0007989512741565704,
        0.0007684350192546845
    ],
    "train_errs": [
        60.99,
        46.518,
        38.576,
        33.088,
        29.24
    ],
    "test_errs": [
        43.8,
        41.11,
        30.06,
        27.23,
        24.92
    ],
    "train_accs": [
        39.01,
        53.482,
        61.424,
        66.912,
        70.76
    ],
    "test_acc": [
        56.2,
        58.89,
        69.94,
        72.77,
        75.08
    ],
    "run_time": [
        14.541507244110107,
        14.528902292251587,
        14.533300638198853,
        14.66004467010498,
        14.530449390411377
    ],
    "n_step": 5,
    "lr": "0133",
    "batch_size": 1024
}