{
    "train_losses": [
        0.0023660252726078034,
        0.00097529322296381,
        0.0004453019581735134,
        0.0002123901966959238
    ],
    "test_losses": [
        0.002894900023937225,
        0.0017606432378292085,
        0.0017459624409675598,
        0.0017202959597110749
    ],
    "train_errs": [
        55.772,
        38.5,
        30.522,
        26.626
    ],
    "test_errs": [
        46.81,
        28.73,
        26.18,
        25.39
    ],
    "train_accs": [
        44.228,
        61.5,
        69.478,
        73.374
    ],
    "test_acc": [
        53.19,
        71.27,
        73.82,
        74.61
    ],
    "run_time": [
        13.94939136505127,
        13.941424131393433,
        13.936127185821533,
        14.053033113479614
    ],
    "n_step": 5,
    "lr": "0133",
    "batch_size": 512
}