{
    "train_losses": [
        0.0009562642002105713,
        0.0007831258797645569,
        0.0006983953905105591,
        0.0006356793713569642,
        0.000583688360452652,
        0.0005424654984474182,
        0.0005051907563209533,
        0.00047271375060081483,
        0.0004390945339202881,
        0.00041493008494377135,
        0.0003926975476741791,
        0.0003735539197921753
    ],
    "test_losses": [
        0.0008443717956542969,
        0.0007329305052757263,
        0.0007136613249778748,
        0.0006675870656967163,
        0.0005175958633422852,
        0.000595715057849884,
        0.00044770500659942626,
        0.0005038761615753174,
        0.0004250774025917053,
        0.00046768800616264343,
        0.00040489455461502073,
        0.0004380608916282654
    ],
    "train_errs": [
        69.998,
        58.208,
        52.228,
        47.43,
        44.284,
        40.798,
        38.748,
        36.126,
        34.378,
        32.554,
        31.06,
        29.588
    ],
    "test_errs": [
        62.03,
        52.9,
        51.53,
        49.13,
        36.44,
        42.29,
        31.76,
        35.5,
        29.44,
        32.3,
        27.58,
        29.38
    ],
    "train_accs": [
        30.002,
        41.792,
        47.772,
        52.57,
        55.716,
        59.202,
        61.252,
        63.874,
        65.622,
        67.446,
        68.94,
        70.412
    ],
    "test_acc": [
        37.97,
        47.1,
        48.47,
        50.87,
        63.56,
        57.71,
        68.24,
        64.5,
        70.56,
        67.7,
        72.42,
        70.62
    ],
    "run_time": [
        11.607196569442749,
        11.590436935424805,
        11.728813648223877,
        11.589165687561035,
        11.587012529373169,
        11.722157955169678,
        11.588393211364746,
        11.591116905212402,
        11.580760717391968,
        11.59810733795166,
        11.607256412506104,
        11.59666109085083
    ],
    "n_step": 3,
    "lr": "0133",
    "batch_size": 2048
}