{
    "train_losses": [
        0.0012210514675080775,
        7.217201814055443e-05,
        3.864643964916468e-05,
        2.8587718755006792e-05
    ],
    "test_losses": [
        0.0029024928212165835,
        0.00241239709854126,
        0.002172113460302353,
        0.002163490432500839
    ],
    "train_errs": [
        54.372,
        37.922,
        31.684,
        28.188
    ],
    "test_errs": [
        39.1,
        32.07,
        28.83,
        26.99
    ],
    "train_accs": [
        45.628,
        62.078,
        68.316,
        71.812
    ],
    "test_acc": [
        60.9,
        67.93,
        71.17,
        73.01
    ],
    "run_time": [
        20.771045207977295,
        20.76134204864502,
        20.893344163894653,
        20.746166229248047
    ],
    "n_step": 10,
    "lr": "0133",
    "batch_size": 512
}