{
    "train_losses": [
        0.0005234895181655884,
        0.00044809836626052854,
        0.0004145518970489502,
        0.0003887104368209839,
        0.00037319485664367676,
        0.0003543114757537842,
        0.00033955621242523195,
        0.00032395090103149414,
        0.0003079316663742065,
        0.00029650191783905027,
        0.0002854116201400757,
        0.00027840380311012266,
        0.0002628306317329407,
        0.0002570228433609009,
        0.0002522937333583832,
        0.0002412342894077301,
        0.0002364844810962677,
        0.00022901005983352662,
        0.0002213914668560028,
        0.00021813183426856993
    ],
    "test_losses": [
        0.0005474192380905151,
        0.0004808107376098633,
        0.0004417848348617554,
        0.0004189688563346863,
        0.00039461811780929564,
        0.00040911868810653685,
        0.0003744832754135132,
        0.0003751550793647766,
        0.00033315677642822264,
        0.0003210309028625488,
        0.0003191487193107605,
        0.00035053874254226683,
        0.0002874084293842316,
        0.00029709951281547546,
        0.0003297229051589966,
        0.0002719319224357605,
        0.0002633857786655426,
        0.0002563166081905365,
        0.00025771946907043457,
        0.00024777036905288696
    ],
    "train_errs": [
        74.788,
        64.296,
        58.856,
        54.868,
        52.842,
        49.614,
        48.318,
        45.61,
        44.386,
        42.308,
        40.62,
        39.596,
        38.166,
        37.414,
        35.934,
        34.56,
        34.264,
        32.738,
        31.636,
        31.66
    ],
    "test_errs": [
        63.62,
        58.62,
        53.06,
        51.06,
        46.51,
        48.45,
        44.31,
        44.24,
        39.84,
        37.67,
        37.36,
        40.67,
        33.46,
        34.36,
        37.95,
        31.49,
        31.14,
        29.2,
        30.07,
        28.3
    ],
    "train_accs": [
        25.212,
        35.704,
        41.144,
        45.132,
        47.158,
        50.386,
        51.682,
        54.39,
        55.614,
        57.692,
        59.38,
        60.404,
        61.834,
        62.586,
        64.066,
        65.44,
        65.736,
        67.262,
        68.364,
        68.34
    ],
    "test_acc": [
        36.38,
        41.38,
        46.94,
        48.94,
        53.49,
        51.55,
        55.69,
        55.76,
        60.16,
        62.33,
        62.64,
        59.33,
        66.54,
        65.64,
        62.05,
        68.51,
        68.86,
        70.8,
        69.93,
        71.7
    ],
    "run_time": [
        11.656617879867554,
        11.767692804336548,
        11.646805763244629,
        11.770645380020142,
        11.626314401626587,
        11.749927282333374,
        11.628530263900757,
        11.743705749511719,
        11.752466440200806,
        11.62921929359436,
        11.789334058761597,
        11.669100046157837,
        11.784557104110718,
        11.655252695083618,
        11.761110067367554,
        11.832502841949463,
        11.653041124343872,
        11.746813535690308,
        11.679351568222046,
        11.814868688583374
    ],
    "n_step": 3,
    "lr": "0133",
    "batch_size": 4096
}