{
    "train_losses": [
        0.002354433792177588,
        0.00022950816856697203,
        0.00012074650700204075
    ],
    "test_losses": [
        0.004577251648902893,
        0.004294086939096451,
        0.0037931511878967284
    ],
    "train_errs": [
        50.64,
        33.876,
        28.702
    ],
    "test_errs": [
        35.35,
        30.75,
        28.1
    ],
    "train_accs": [
        49.36,
        66.124,
        71.298
    ],
    "test_acc": [
        64.65,
        69.25,
        71.9
    ],
    "run_time": [
        11.917442083358765,
        11.928099632263184,
        11.918441772460938
    ],
    "n_step": 5,
    "lr": "0133",
    "batch_size": 256
}