{
    "train_losses": [
        0.0029706503987312317,
        0.001965524982213974,
        0.001438494702577591,
        0.0010840654557943345,
        0.0008532642066478729
    ],
    "test_losses": [
        0.0028613958954811095,
        0.0019965436637401583,
        0.0018922045588493346,
        0.0016322425961494446,
        0.001424846839904785
    ],
    "train_errs": [
        59.478,
        44.34,
        36.798,
        31.658,
        28.286
    ],
    "test_errs": [
        50.85,
        35.1,
        31.85,
        27.85,
        24.0
    ],
    "train_accs": [
        40.522,
        55.66,
        63.202,
        68.342,
        71.714
    ],
    "test_acc": [
        49.15,
        64.9,
        68.15,
        72.15,
        76.0
    ],
    "run_time": [
        11.221756935119629,
        11.211522340774536,
        11.208800792694092,
        11.1948721408844,
        11.196550607681274
    ],
    "n_step": 3,
    "lr": "0133",
    "batch_size": 512
}