{
    "train_losses": [
        0.0005107726502418518,
        0.0004167775225639343,
        0.00037062342166900634,
        0.000339021737575531,
        0.0003147118330001831,
        0.00030318432331085207,
        0.00027818048000335694,
        0.0002637545907497406,
        0.0002455431246757507,
        0.00022897878646850587,
        0.00021560104727745056,
        0.000207514671087265,
        0.0001946104884147644,
        0.00018495272278785705
    ],
    "test_losses": [
        0.0004920445680618287,
        0.000426145875453949,
        0.00042353508472442626,
        0.00037356075048446656,
        0.0003557762861251831,
        0.00033728904724121095,
        0.0003320140480995178,
        0.000315664267539978,
        0.00036526516675949096,
        0.00030788341760635375,
        0.00025797656774520874,
        0.0003405580520629883,
        0.0002542486906051636,
        0.00032728604078292845
    ],
    "train_errs": [
        73.4,
        59.716,
        53.154,
        49.764,
        46.622,
        43.344,
        40.662,
        38.214,
        36.252,
        35.148,
        32.902,
        31.584,
        30.676,
        29.218
    ],
    "test_errs": [
        57.7,
        51.2,
        50.67,
        44.69,
        42.07,
        39.8,
        38.76,
        35.92,
        39.8,
        35.93,
        30.11,
        36.57,
        28.83,
        36.59
    ],
    "train_accs": [
        26.6,
        40.284,
        46.846,
        50.236,
        53.378,
        56.656,
        59.338,
        61.786,
        63.748,
        64.852,
        67.098,
        68.416,
        69.324,
        70.782
    ],
    "test_acc": [
        42.3,
        48.8,
        49.33,
        55.31,
        57.93,
        60.2,
        61.24,
        64.08,
        60.2,
        64.07,
        69.89,
        63.43,
        71.17,
        63.41
    ],
    "run_time": [
        14.591225147247314,
        14.720372676849365,
        14.606847524642944,
        14.693763732910156,
        14.702126026153564,
        14.577451944351196,
        14.718185424804688,
        14.578051567077637,
        14.718911170959473,
        14.691334247589111,
        14.559536457061768,
        14.686561107635498,
        14.560163497924805,
        14.677132606506348
    ],
    "n_step": 5,
    "lr": "0133",
    "batch_size": 4096
}