{
    "train_losses": [
        0.0006047343320492655,
        8.794581235386431e-05,
        7.410520628094673e-05,
        6.51172851305455e-05
    ],
    "test_losses": [
        0.011683661556243896,
        0.010576883471012115,
        0.00889343296289444,
        0.008457923781871796
    ],
    "train_errs": [
        52.044,
        37.942,
        32.792,
        28.902
    ],
    "test_errs": [
        38.74,
        34.12,
        29.8,
        27.92
    ],
    "train_accs": [
        47.956,
        62.058,
        67.208,
        71.098
    ],
    "test_acc": [
        61.26,
        65.88,
        70.2,
        72.08
    ],
    "run_time": [
        13.94919729232788,
        13.955408811569214,
        13.932547092437744,
        13.96207046508789
    ],
    "n_step": 10,
    "lr": "0133",
    "batch_size": 128
}