{
    "train_losses": [
        0.0007642017197608948,
        0.0005125082230567933,
        0.00037777954161167144,
        0.00029140532940626144,
        0.00020845024943351746
    ],
    "test_losses": [
        0.0006502700448036194,
        0.0005562356472015381,
        0.00042719674110412595,
        0.0003964646100997925,
        0.00039968656897544863
    ],
    "train_errs": [
        60.102,
        45.324,
        38.388,
        32.758,
        29.852
    ],
    "test_errs": [
        47.21,
        37.06,
        29.57,
        25.98,
        25.21
    ],
    "train_accs": [
        39.898,
        54.676,
        61.612,
        67.242,
        70.148
    ],
    "test_acc": [
        52.79,
        62.94,
        70.43,
        74.02,
        74.79
    ],
    "run_time": [
        22.077504634857178,
        21.92734384536743,
        21.94131302833557,
        22.06283926963806,
        21.92140507698059
    ],
    "n_step": 10,
    "lr": "0133",
    "batch_size": 2048
}