{
    "train_losses": [
        0.0012481315064430238,
        0.0004665722012519836,
        0.00011187431804835796,
        5.0464335680007936e-05
    ],
    "test_losses": [
        0.0012352588415145873,
        0.000977726423740387,
        0.0009748977541923523,
        0.0008713678359985351
    ],
    "train_errs": [
        57.386,
        39.774,
        30.794,
        27.412
    ],
    "test_errs": [
        40.43,
        30.03,
        27.11,
        25.02
    ],
    "train_accs": [
        42.614,
        60.226,
        69.206,
        72.588
    ],
    "test_acc": [
        59.57,
        69.97,
        72.89,
        74.98
    ],
    "run_time": [
        21.891709566116333,
        21.88076663017273,
        21.883922338485718,
        21.88895893096924
    ],
    "n_step": 10,
    "lr": "0133",
    "batch_size": 1024
}