{
    "train_losses": [
        0.0010653861570358277,
        0.0009281182074546814,
        0.0008609441113471985,
        0.0008328786087036132,
        0.0007957564353942871,
        0.0007684729099273681,
        0.000745129234790802,
        0.0007205331802368164,
        0.0007026101469993591,
        0.0006749824357032776,
        0.0006662641525268555,
        0.0006443764305114746,
        0.0006333833980560303,
        0.0006127751708030701,
        0.0006036026358604431,
        0.0005900362825393677,
        0.0005715226578712464,
        0.0005583684301376342,
        0.0005458618342876434,
        0.0005373365008831024
    ],
    "test_losses": [
        0.0010232505559921265,
        0.000924350094795227,
        0.0007967147469520569,
        0.0007501170516014099,
        0.000695877993106842,
        0.0008274527072906494,
        0.0007115023732185364,
        0.0006932760953903198,
        0.0006176984548568725,
        0.0006323066711425782,
        0.0006562644839286804,
        0.0006100763440132142,
        0.0006087947964668273,
        0.0005670390844345093,
        0.000543595027923584,
        0.000725095546245575,
        0.0005306335806846619,
        0.0005187048435211181,
        0.0005240085721015931,
        0.0004843076050281525
    ],
    "train_errs": [
        77.938,
        67.276,
        62.358,
        60.386,
        57.718,
        55.636,
        54.166,
        52.154,
        50.832,
        49.066,
        47.834,
        46.212,
        45.238,
        44.088,
        43.108,
        41.936,
        40.73,
        39.95,
        39.018,
        38.028
    ],
    "test_errs": [
        70.57,
        66.01,
        56.89,
        52.67,
        49.42,
        58.13,
        51.47,
        51.56,
        44.96,
        45.63,
        45.77,
        43.81,
        44.39,
        41.37,
        39.31,
        48.51,
        37.82,
        36.88,
        38.09,
        34.14
    ],
    "train_accs": [
        22.062,
        32.724,
        37.642,
        39.614,
        42.282,
        44.364,
        45.834,
        47.846,
        49.168,
        50.934,
        52.166,
        53.788,
        54.762,
        55.912,
        56.892,
        58.064,
        59.27,
        60.05,
        60.982,
        61.972
    ],
    "test_acc": [
        29.43,
        33.99,
        43.11,
        47.33,
        50.58,
        41.87,
        48.53,
        48.44,
        55.04,
        54.37,
        54.23,
        56.19,
        55.61,
        58.63,
        60.69,
        51.49,
        62.18,
        63.12,
        61.91,
        65.86
    ],
    "run_time": [
        8.577590703964233,
        8.4490807056427,
        8.46336579322815,
        8.602408647537231,
        8.472002267837524,
        8.442739248275757,
        8.665387868881226,
        8.44981575012207,
        8.44869589805603,
        8.466109275817871,
        8.462795972824097,
        8.470615148544312,
        8.442221641540527,
        8.43197512626648,
        8.460773944854736,
        8.661346673965454,
        8.466988563537598,
        8.463955879211426,
        8.638948678970337,
        8.461784839630127
    ],
    "n_step": 1,
    "lr": "0133",
    "batch_size": 2048
}