{
    "train_losses": [
        0.005441965750157833,
        0.0011268426563590765,
        0.0006006057911366224
    ],
    "test_losses": [
        0.0086159772336483,
        0.007264476054906845,
        0.006791663581132889
    ],
    "train_errs": [
        50.686,
        34.686,
        29.176
    ],
    "test_errs": [
        34.51,
        27.89,
        26.71
    ],
    "train_accs": [
        49.314,
        65.314,
        70.824
    ],
    "test_acc": [
        65.49,
        72.11,
        73.29
    ],
    "run_time": [
        9.206987142562866,
        9.218089818954468,
        9.214063882827759
    ],
    "n_step": 3,
    "lr": "0133",
    "batch_size": 128
}