{
    "train_losses": [
        0.0005709683036804199,
        0.0005201869893074035,
        0.0004904378461837768,
        0.0004818440842628479,
        0.0004537194561958313,
        0.00043783628940582275,
        0.0004330521464347839,
        0.00042640669107437134,
        0.0004075227355957031,
        0.0004037492227554321,
        0.00039028972625732423,
        0.000387832190990448,
        0.0003800273633003235,
        0.0003841215443611145,
        0.00036697185516357424,
        0.0003643434906005859,
        0.00036059532403945923,
        0.0003512270665168762,
        0.00034861557006835936,
        0.0003463200902938843
    ],
    "test_losses": [
        0.0006607772827148437,
        0.000571011996269226,
        0.0005675714731216431,
        0.0005422200441360474,
        0.00047763479948043823,
        0.0004516857028007507,
        0.0005053797006607056,
        0.00046437106132507326,
        0.00042389185428619384,
        0.00042082102298736574,
        0.00043162589073181154,
        0.00045840182304382324,
        0.0004347196340560913,
        0.00041605387926101686,
        0.00038632216453552245,
        0.00038327050209045413,
        0.0003733428955078125,
        0.00037726720571517946,
        0.0004068670868873596,
        0.00038118245601654054
    ],
    "train_errs": [
        81.676,
        72.944,
        67.992,
        66.456,
        63.294,
        61.138,
        59.888,
        59.144,
        57.46,
        56.462,
        54.672,
        53.66,
        53.036,
        53.308,
        51.302,
        50.332,
        49.978,
        49.14,
        48.554,
        48.224
    ],
    "test_errs": [
        77.69,
        69.72,
        68.81,
        62.61,
        57.21,
        54.63,
        62.73,
        55.18,
        51.8,
        49.92,
        51.62,
        53.61,
        53.7,
        49.61,
        45.15,
        45.44,
        44.89,
        46.26,
        48.72,
        45.73
    ],
    "train_accs": [
        18.324,
        27.056,
        32.008,
        33.544,
        36.706,
        38.862,
        40.112,
        40.856,
        42.54,
        43.538,
        45.328,
        46.34,
        46.964,
        46.692,
        48.698,
        49.668,
        50.022,
        50.86,
        51.446,
        51.776
    ],
    "test_acc": [
        22.31,
        30.28,
        31.19,
        37.39,
        42.79,
        45.37,
        37.27,
        44.82,
        48.2,
        50.08,
        48.38,
        46.39,
        46.3,
        50.39,
        54.85,
        54.56,
        55.11,
        53.74,
        51.28,
        54.27
    ],
    "run_time": [
        8.650169849395752,
        8.487327814102173,
        8.640543937683105,
        8.457221508026123,
        8.607853412628174,
        8.462477445602417,
        8.32466721534729,
        8.486128091812134,
        8.45310378074646,
        8.573030948638916,
        8.553876161575317,
        8.418544292449951,
        8.587008476257324,
        8.309972286224365,
        8.419456243515015,
        8.30936598777771,
        8.430747747421265,
        8.29796552658081,
        8.442975521087646,
        8.298635005950928
    ],
    "n_step": 1,
    "lr": "0133",
    "batch_size": 4096
}