{
    "train_losses": [
        0.0009163013362884522,
        0.0006948239207267761,
        0.0005878560507297516,
        0.0005034004056453705,
        0.00044533045053482057,
        0.00039651888489723204,
        0.0003532746756076813,
        0.0003239366829395294
    ],
    "test_losses": [
        0.0007377978920936585,
        0.0006425578117370606,
        0.0005733395099639893,
        0.0005503924965858459,
        0.0005000538051128388,
        0.0005231403946876526,
        0.0003851842641830444,
        0.0003986872673034668
    ],
    "train_errs": [
        66.962,
        53.964,
        46.256,
        40.636,
        36.66,
        34.18,
        31.384,
        29.51
    ],
    "test_errs": [
        54.18,
        46.06,
        40.74,
        38.57,
        34.94,
        35.1,
        26.54,
        27.83
    ],
    "train_accs": [
        33.038,
        46.036,
        53.744,
        59.364,
        63.34,
        65.82,
        68.616,
        70.49
    ],
    "test_acc": [
        45.82,
        53.94,
        59.26,
        61.43,
        65.06,
        64.9,
        73.46,
        72.17
    ],
    "run_time": [
        14.572155475616455,
        14.66277813911438,
        14.552955389022827,
        14.540774583816528,
        14.665863513946533,
        14.54707956314087,
        14.552024602890015,
        14.665801525115967
    ],
    "n_step": 5,
    "lr": "0133",
    "batch_size": 2048
}