{
    "train_losses": [
        0.0007160615138430148,
        5.7865271400660276e-05,
        4.362389109563082e-05,
        3.59412551834248e-05
    ],
    "test_losses": [
        0.005592224311828613,
        0.0049632206082344055,
        0.004733920305967331,
        0.0042007350295782085
    ],
    "train_errs": [
        49.572,
        35.472,
        30.61,
        27.168
    ],
    "test_errs": [
        37.3,
        33.87,
        30.45,
        27.83
    ],
    "train_accs": [
        50.428,
        64.528,
        69.39,
        72.832
    ],
    "test_acc": [
        62.7,
        66.13,
        69.55,
        72.17
    ],
    "run_time": [
        16.805163383483887,
        16.789867401123047,
        16.79960012435913,
        16.803295850753784
    ],
    "n_step": 10,
    "lr": "0133",
    "batch_size": 256
}