{
    "train_losses": [
        0.004599965658187866,
        0.0020139745554327965,
        0.001088719027787447,
        0.0006694106144830585
    ],
    "test_losses": [
        0.004930865412950515,
        0.004070462197065353,
        0.003723418265581131,
        0.0034184935480356215
    ],
    "train_errs": [
        54.042,
        37.154,
        30.554,
        26.724
    ],
    "test_errs": [
        42.38,
        33.49,
        29.3,
        26.09
    ],
    "train_accs": [
        45.958,
        62.846,
        69.446,
        73.276
    ],
    "test_acc": [
        57.62,
        66.51,
        70.7,
        73.91
    ],
    "run_time": [
        9.961619853973389,
        9.973274946212769,
        10.067803859710693,
        9.975804328918457
    ],
    "n_step": 3,
    "lr": "0133",
    "batch_size": 256
}