{
    "train_losses": [
        0.012937412896156311,
        0.009669398916959763,
        0.008036455985307693,
        0.0069692287743091585,
        0.006283769046068192
    ],
    "test_losses": [
        0.01065806769132614,
        0.008298688507080078,
        0.007419820010662079,
        0.007906472796201706,
        0.006126736462116242
    ],
    "train_errs": [
        60.428,
        44.468,
        36.356,
        31.14,
        28.206
    ],
    "test_errs": [
        49.16,
        37.09,
        33.47,
        34.92,
        26.88
    ],
    "train_accs": [
        39.572,
        55.532,
        63.644,
        68.86,
        71.794
    ],
    "test_acc": [
        50.84,
        62.91,
        66.53,
        65.08,
        73.12
    ],
    "run_time": [
        8.185649633407593,
        8.16125774383545,
        8.182973146438599,
        8.154809474945068,
        8.097228527069092
    ],
    "n_step": 1,
    "lr": "0133",
    "batch_size": 128
}