{
    "train_losses": [
        0.0022658153391629456,
        0.0002751450154744089,
        0.00020982207041233777,
        0.00018335298443213104
    ],
    "test_losses": [
        0.009508525228500367,
        0.008699844259023667,
        0.008043103849887849,
        0.007843275797367096
    ],
    "train_errs": [
        53.39,
        37.866,
        31.94,
        28.736
    ],
    "test_errs": [
        37.14,
        32.16,
        29.36,
        27.09
    ],
    "train_accs": [
        46.61,
        62.134,
        68.06,
        71.264
    ],
    "test_acc": [
        62.86,
        67.84,
        70.64,
        72.91
    ],
    "run_time": [
        10.575215816497803,
        10.572160720825195,
        10.577712535858154,
        10.571333885192871
    ],
    "n_step": 5,
    "lr": "0133",
    "batch_size": 128
}