{
    "train_losses": [
        0.00197015908241272,
        0.0017065614652633668,
        0.0015474510979652406,
        0.001444927477836609,
        0.0013667535519599914,
        0.001303400478363037,
        0.0012461168360710143,
        0.0011777621912956238,
        0.0011343273997306824,
        0.0010829819917678833,
        0.0010476399207115174,
        0.001011537309885025,
        0.0009694709777832031,
        0.0009374939215183258,
        0.0009026507651805878,
        0.000877476817369461,
        0.0008532741248607635,
        0.00083249018907547
    ],
    "test_losses": [
        0.001980323779582977,
        0.0014923767924308778,
        0.0014334277629852294,
        0.0012912504315376282,
        0.0012281943917274475,
        0.0012614895224571229,
        0.0010955060005187988,
        0.001059889554977417,
        0.0011359715819358827,
        0.0009503797173500061,
        0.0011135454297065736,
        0.0009502315521240234,
        0.0009450381994247437,
        0.0008814531803131104,
        0.000870212721824646,
        0.0008035380840301513,
        0.0008098832547664643,
        0.0007846701800823211
    ],
    "train_errs": [
        73.332,
        63.058,
        57.356,
        53.472,
        50.176,
        48.056,
        45.56,
        42.64,
        41.376,
        39.186,
        37.658,
        36.608,
        35.102,
        33.874,
        32.538,
        31.608,
        30.706,
        29.984
    ],
    "test_errs": [
        70.13,
        53.78,
        53.22,
        45.54,
        44.46,
        45.24,
        38.79,
        37.36,
        40.07,
        33.91,
        39.66,
        33.19,
        33.96,
        30.45,
        30.92,
        28.41,
        28.68,
        27.21
    ],
    "train_accs": [
        26.668,
        36.942,
        42.644,
        46.528,
        49.824,
        51.944,
        54.44,
        57.36,
        58.624,
        60.814,
        62.342,
        63.392,
        64.898,
        66.126,
        67.462,
        68.392,
        69.294,
        70.016
    ],
    "test_acc": [
        29.87,
        46.22,
        46.78,
        54.46,
        55.54,
        54.76,
        61.21,
        62.64,
        59.93,
        66.09,
        60.34,
        66.81,
        66.04,
        69.55,
        69.08,
        71.59,
        71.32,
        72.79
    ],
    "run_time": [
        8.588077545166016,
        8.38407015800476,
        8.396527290344238,
        8.402334928512573,
        8.395900249481201,
        8.420376300811768,
        8.403040170669556,
        8.605838298797607,
        8.409208297729492,
        8.377001523971558,
        8.427586793899536,
        8.598106622695923,
        8.405290126800537,
        8.414555311203003,
        8.420664072036743,
        8.611635208129883,
        8.381201267242432,
        8.358494520187378
    ],
    "n_step": 1,
    "lr": "0133",
    "batch_size": 1024
}