{
    "train_losses": [
        0.0069207265949249265,
        0.005543016374111176,
        0.004765943872928619,
        0.004246945325136185,
        0.0038203561210632324,
        0.003477409312725067,
        0.0032212894451618193
    ],
    "test_losses": [
        0.006087766563892365,
        0.005008406937122345,
        0.00482752640247345,
        0.004110218214988709,
        0.0036373594820499422,
        0.0035332012891769408,
        0.003411512339115143
    ],
    "train_errs": [
        64.59,
        51.336,
        43.834,
        38.566,
        34.478,
        31.376,
        28.892
    ],
    "test_errs": [
        54.67,
        45.03,
        42.19,
        35.66,
        31.95,
        30.06,
        29.59
    ],
    "train_accs": [
        35.41,
        48.664,
        56.166,
        61.434,
        65.522,
        68.624,
        71.108
    ],
    "test_acc": [
        45.33,
        54.97,
        57.81,
        64.34,
        68.05,
        69.94,
        70.41
    ],
    "run_time": [
        8.089799404144287,
        8.077425956726074,
        8.071082592010498,
        8.077829599380493,
        8.145166873931885,
        8.051030158996582,
        8.125920534133911
    ],
    "n_step": 1,
    "lr": "0133",
    "batch_size": 256
}