{
    "train_losses": [
        0.0016903892612457276,
        0.0012988068771362304,
        0.0011011184751987457,
        0.0009438631427288055,
        0.0008255885636806489,
        0.0007294692301750183,
        0.0006487553989887238
    ],
    "test_losses": [
        0.0014248459100723266,
        0.0012808773159980775,
        0.0010676810145378113,
        0.0009312206268310547,
        0.0009323102474212647,
        0.0008346482157707214,
        0.0007595527231693268
    ],
    "train_errs": [
        64.592,
        51.32,
        44.358,
        38.854,
        34.822,
        32.16,
        29.52
    ],
    "test_errs": [
        52.02,
        45.53,
        37.99,
        33.03,
        32.63,
        28.94,
        26.61
    ],
    "train_accs": [
        35.408,
        48.68,
        55.642,
        61.146,
        65.178,
        67.84,
        70.48
    ],
    "test_acc": [
        47.98,
        54.47,
        62.01,
        66.97,
        67.37,
        71.06,
        73.39
    ],
    "run_time": [
        11.596359491348267,
        11.608171224594116,
        11.592381954193115,
        11.597471714019775,
        11.729762077331543,
        11.596395015716553,
        11.584161281585693
    ],
    "n_step": 3,
    "lr": "0133",
    "batch_size": 1024
}